{"type": "FeatureCollection", "features": [{"type": "Feature", "id": "node/2092899852", "properties": {"id": "node/2092899852", "amenity": "charging_station", "name": "Enefit Volt", "operator": "Enefit Volt", "brand": "Enefit Volt", "access": "yes", "fee": "yes", "charge": "0.42 EUR/kWh", "capacity": "2", "socket:type2_combo": "2", "socket:type2_combo:output": "47 kW", "ref": "CH10009"}, "geometry": {"type": "Point", "coordinates": [24.7593, 59.4434455]}}, {"type": "Feature", "id": "node/2093086206", "properties": {"id": "node/2093086206", "amenity": "charging_station", "operator": "Elmo", "access": "yes", "capacity": "2"}, "geometry": {"type": "Point", "coordinates": [26.7244935, 58.3859433]}}, {"type": "Feature", "id": "node/2093940379", "properties": {"id": "node/2093940379", "amenity": "charging_station", "operator": "Elmo", "access": "yes", "capacity": "4"}, "geometry": {"type": "Point", "coordinates": [24.8020023, 59.4209954]}}, {"type": "Feature", "id": "node/2094052383", "properties": {"id": "node/2094052383", "amenity": "charging_station", "name": "Elmo", "access": "yes", "ref": "37015"}, "geometry": {"type": "Point", "coordinates": [24.4360813, 59.310863]}}, {"type": "Feature", "id": "node/2541053894", "properties": {"id": "node/2541053894", "amenity": "charging_station", "name": "Enefit Volt", "operator": "Enefit", "brand": "Enefit Volt", "access": "yes"}, "geometry": {"type": "Point", "coordinates": [27.0563569, 58.0549956]}}, {"type": "Feature", "id": "node/2962577547", "properties": {"id": "node/2962577547", "amenity": "charging_station", "name": "ELMO", "access": "yes", "website": "https://enefitvolt.com/elektriauto-laadimine#elmo"}, "geometry": {"type": "Point", "coordinates": [25.5967805, 58.3768495]}}, {"type": "Feature", "id": "node/2974671649", "properties": {"id": "node/2974671649", "amenity": "charging_station", "name": "ELMO", "access": "yes", "website": "https://elmo.ee/"}, "geometry": {"type": "Point", "coordinates": [25.5626135, 58.3648794]}}, {"type": "Feature", "id": "node/3656019653", "properties": {"id": "node/3656019653", "amenity": "charging_station", "name": "Enefit VOLT", "operator": "Enefit VOLT", "access": "yes", "fee": "yes", "capacity": "2"}, "geometry": {"type": "Point", "coordinates": [25.5603844, 58.8865216]}}, {"type": "Feature", "id": "node/3740255293", "properties": {"id": "node/3740255293", "amenity": "charging_station", "name": "Kari 7", "operator": "ELMO", "access": "yes", "capacity": "2"}, "geometry": {"type": "Point", "coordinates": [24.6976469, 59.4485363]}}, {"type": "Feature", "id": "node/3921107522", "properties": {"id": "node/3921107522", "amenity": "charging_station", "access": "yes"}, "geometry": {"type": "Point", "coordinates": [26.975958, 57.858277]}}, {"type": "Feature", "id": "node/4067832462", "properties": {"id": "node/4067832462", "amenity": "charging_station", "name": "Elmo", "operator": "G4S Eesti AS", "access": "yes", "capacity": "2"}, "geometry": {"type": "Point", "coordinates": [24.6420754, 59.4250148]}}, {"type": "Feature", "id": "node/4397304890", "properties": {"id": "node/4397304890", "amenity": "charging_station", "access": "yes", "fee": "yes", "capacity": "2"}, "geometry": {"type": "Point", "coordinates": [27.3166175, 59.082817]}}, {"type": "Feature", "id": "node/4880165657", "properties": {"id": "node/4880165657", "amenity": "charging_station", "operator": "Enefit Volt", "access": "yes", "fee": "yes", "capacity": "4"}, "geometry": {"type": "Point", "coordinates": [26.7070815, 58.3743239]}}, {"type": "Feature", "id": "node/5093221722", "properties": {"id": "node/5093221722", "amenity": "charging_station", "operator": "дск9", "access": "yes"}, "geometry": {"type": "Point", "coordinates": [28.2768387, 57.8187355]}}, {"type": "Feature", "id": "node/5143243123", "properties": {"id": "node/5143243123", "amenity": "charging_station", "operator": "Enefit Volt", "access": "yes", "capacity": "4", "socket:type2_combo": "4", "socket:type2_combo:output": "320"}, "geometry": {"type": "Point", "coordinates": [26.737724, 58.3679996]}}, {"type": "Feature", "id": "node/5224570353", "properties": {"id": "node/5224570353", "amenity": "charging_station", "name": "ELMO 44066", "access": "yes"}, "geometry": {"type": "Point", "coordinates": [27.4085755, 59.3512937]}}, {"type": "Feature", "id": "node/5484536878", "properties": {"id": "node/5484536878", "amenity": "charging_station", "name": "CSDD Electric Charger Station", "operator": "CSDD", "access": "yes", "capacity": "3"}, "geometry": {"type": "Point", "coordinates": [24.3576118, 57.7517251]}}, {"type": "Feature", "id": "node/5506471003", "properties": {"id": "node/5506471003", "amenity": "charging_station", "name": "Alexela Laeva", "operator": "Elmo", "access": "yes", "capacity": "2", "socket:type2": "1", "socket:type2:output": "22kW", "socket:chademo": "1", "socket:chademo:output": "50kW", "ref": "78134"}, "geometry": {"type": "Point", "coordinates": [26.3597212, 58.4714498]}}, {"type": "Feature", "id": "node/5730603521", "properties": {"id": "node/5730603521", "amenity": "charging_station", "operator": "Virta", "access": "yes", "capacity": "2", "addr:street": "Niidu", "addr:housenumber": "9/1", "addr:city": "Pärnu"}, "geometry": {"type": "Point", "coordinates": [24.5400271, 58.3929167]}}, {"type": "Feature", "id": "node/5910138890", "properties": {"id": "node/5910138890", "amenity": "charging_station", "operator": "CSDD", "access": "yes", "capacity": "4", "website": "http://portal.e-mobi.lv/en/home/", "addr:street": "Stacijas iela", "addr:housenumber": "7", "addr:city": "Limbaži", "description": "50KW CCS 50KW CHAdeMO 43KW Type 2 0.15€/min"}, "geometry": {"type": "Point", "coordinates": [24.72224, 57.5094342]}}, {"type": "Feature", "id": "node/5924106063", "properties": {"id": "node/5924106063", "amenity": "charging_station", "access": "yes"}, "geometry": {"type": "Point", "coordinates": [28.1550119, 59.3771291]}}, {"type": "Feature", "id": "node/6103529573", "properties": {"id": "node/6103529573", "amenity": "charging_station", "access": "yes", "capacity": "2", "socket:type2": "2"}, "geometry": {"type": "Point", "coordinates": [22.5958675, 57.7508863]}}, {"type": "Feature", "id": "node/6399402885", "properties": {"id": "node/6399402885", "amenity": "charging_station", "operator": "Elmo", "access": "yes", "capacity": "50"}, "geometry": {"type": "Point", "coordinates": [24.6539722, 59.4133937]}}, {"type": "Feature", "id": "node/6399404221", "properties": {"id": "node/6399404221", "amenity": "charging_station", "name": "Elmo", "operator": "Elmo", "brand": "Elmo", "access": "yes", "capacity": "50", "opening_hours": "24/7"}, "geometry": {"type": "Point", "coordinates": [24.6965391, 59.4229562]}}, {"type": "Feature", "id": "node/6583862221", "properties": {"id": "node/6583862221", "amenity": "charging_station", "name": "Enefit Volt", "operator": "Eesti Energia AS", "brand": "Volt", "access": "yes", "fee": "yes", "capacity": "2", "opening_hours": "24/7", "website": "https://enefitvolt.com/", "ref": "CH10016"}, "geometry": {"type": "Point", "coordinates": [22.2510402, 58.1644154]}}, {"type": "Feature", "id": "node/6778352502", "properties": {"id": "node/6778352502", "amenity": "charging_station", "operator": "ELMO", "access": "yes", "fee": "yes", "opening_hours": "24/7", "ref": "82147"}, "geometry": {"type": "Point", "coordinates": [26.4980447, 58.0624619]}}, {"type": "Feature", "id": "node/7183589941", "properties": {"id": "node/7183589941", "amenity": "charging_station", "access": "yes", "capacity": "1"}, "geometry": {"type": "Point", "coordinates": [27.0746847, 58.2086418]}}, {"type": "Feature", "id": "node/7185066388", "properties": {"id": "node/7185066388", "amenity": "charging_station", "access": "yes", "fee": "yes", "capacity": "2"}, "geometry": {"type": "Point", "coordinates": [24.7903775, 59.4213833]}}, {"type": "Feature", "id": "node/7198193600", "properties": {"id": "node/7198193600", "amenity": "charging_station", "name": "Volt", "operator": "Enefit Volt", "brand": "Volt", "access": "yes", "fee": "yes", "capacity": "6", "website": "https://enefitvolt.com"}, "geometry": {"type": "Point", "coordinates": [24.7181159, 59.4507569]}}, {"type": "Feature", "id": "node/7272856043", "properties": {"id": "node/7272856043", "amenity": "charging_station", "operator": "Enefit", "access": "yes", "capacity": "2", "opening_hours": "24/7"}, "geometry": {"type": "Point", "coordinates": [24.504528, 58.3849793]}}, {"type": "Feature", "id": "node/7577178715", "properties": {"id": "node/7577178715", "amenity": "charging_station", "operator": "eleport", "access": "yes", "capacity": "2"}, "geometry": {"type": "Point", "coordinates": [26.7328542, 58.3778196]}}, {"type": "Feature", "id": "node/7612767146", "properties": {"id": "node/7612767146", "amenity": "charging_station", "name": "Enefit Volt", "operator": "Enefit Volt", "access": "yes"}, "geometry": {"type": "Point", "coordinates": [25.9633776, 59.262436]}}, {"type": "Feature", "id": "node/7728107275", "properties": {"id": "node/7728107275", "amenity": "charging_station", "name": "Eleport", "operator": "Eleport", "brand": "Eleport", "access": "yes", "fee": "yes", "capacity": "2", "socket:type2_combo": "2", "socket:type2_combo:output": "30"}, "geometry": {"type": "Point", "coordinates": [24.716328, 59.4016952]}}, {"type": "Feature", "id": "node/7814921387", "properties": {"id": "node/7814921387", "amenity": "charging_station", "operator": "eleport", "access": "yes", "fee": "yes", "capacity": "2", "opening_hours": "24/7"}, "geometry": {"type": "Point", "coordinates": [26.7263118, 58.3782276]}}, {"type": "Feature", "id": "node/7838021578", "properties": {"id": "node/7838021578", "amenity": "charging_station", "access": "yes", "capacity": "2"}, "geometry": {"type": "Point", "coordinates": [26.735009, 58.3768345]}}, {"type": "Feature", "id": "node/7846484113", "properties": {"id": "node/7846484113", "amenity": "charging_station", "name": "Schuko charging", "access": "yes", "capacity": "1"}, "geometry": {"type": "Point", "coordinates": [24.7636983, 59.4340507]}}, {"type": "Feature", "id": "node/7884740092", "properties": {"id": "node/7884740092", "amenity": "charging_station", "operator": "eleport", "access": "yes", "capacity": "2"}, "geometry": {"type": "Point", "coordinates": [26.7332787, 58.3759155]}}, {"type": "Feature", "id": "node/7938039340", "properties": {"id": "node/7938039340", "amenity": "charging_station", "operator": "CSDD", "access": "yes", "capacity": "2"}, "geometry": {"type": "Point", "coordinates": [22.3500874, 57.5049829]}}, {"type": "Feature", "id": "node/7958963214", "properties": {"id": "node/7958963214", "amenity": "charging_station", "access": "yes"}, "geometry": {"type": "Point", "coordinates": [25.8658532, 58.2348791]}}, {"type": "Feature", "id": "node/8018939839", "properties": {"id": "node/8018939839", "amenity": "charging_station", "access": "yes"}, "geometry": {"type": "Point", "coordinates": [22.5849153, 57.7429095]}}, {"type": "Feature", "id": "node/8174596495", "properties": {"id": "node/8174596495", "amenity": "charging_station", "operator": "ELMO", "access": "yes", "capacity": "2"}, "geometry": {"type": "Point", "coordinates": [24.7947437, 59.4222036]}}, {"type": "Feature", "id": "node/8318468436", "properties": {"id": "node/8318468436", "amenity": "charging_station", "operator": "Elektritransport OÜ", "access": "customers", "fee": "no", "capacity": "15"}, "geometry": {"type": "Point", "coordinates": [24.7948333, 59.4242138]}}, {"type": "Feature", "id": "node/8432604738", "properties": {"id": "node/8432604738", "amenity": "charging_station", "name": "Enefit", "operator": "Eesti Energia AS", "brand": "Enefit", "access": "yes", "fee": "yes", "capacity": "2", "ref": "CH10246"}, "geometry": {"type": "Point", "coordinates": [24.5621548, 59.3125827]}}, {"type": "Feature", "id": "node/8567627794", "properties": {"id": "node/8567627794", "amenity": "charging_station", "operator": "Elmo", "access": "yes"}, "geometry": {"type": "Point", "coordinates": [27.3703506, 57.6410976]}}, {"type": "Feature", "id": "node/8595162568", "properties": {"id": "node/8595162568", "amenity": "charging_station", "name": "Eleport", "operator": "Eleport", "access": "yes", "capacity": "2"}, "geometry": {"type": "Point", "coordinates": [25.7685629, 58.7457226]}}, {"type": "Feature", "id": "node/8634136602", "properties": {"id": "node/8634136602", "amenity": "charging_station", "access": "yes", "addr:street": "Parka iela", "addr:housenumber": "1", "addr:city": "Dundaga"}, "geometry": {"type": "Point", "coordinates": [22.3613473, 57.5060442]}}, {"type": "Feature", "id": "node/8812961646", "properties": {"id": "node/8812961646", "amenity": "charging_station", "name": "Enefit Volt", "operator": "Eesti Energia AS", "brand": "Volt", "access": "yes", "fee": "yes", "capacity": "2", "opening_hours": "24/7", "website": "https://enefitvolt.com/", "ref": "CH10025"}, "geometry": {"type": "Point", "coordinates": [23.8348463, 58.686465]}}, {"type": "Feature", "id": "node/8812961647", "properties": {"id": "node/8812961647", "amenity": "charging_station", "name": "Enefit Volt", "operator": "Eesti Energia AS", "brand": "Volt", "access": "yes", "fee": "yes", "capacity": "2", "opening_hours": "24/7", "website": "https://enefitvolt.com/", "ref": "CH10025"}, "geometry": {"type": "Point", "coordinates": [23.512265, 58.5732142]}}, {"type": "Feature", "id": "node/8866731378", "properties": {"id": "node/8866731378", "amenity": "charging_station", "name": "Enefit Volt", "operator": "Enefit Volt", "access": "yes", "socket:type2": "1", "socket:type2:output": "22kW", "socket:chademo": "1", "socket:chademo:output": "35kW"}, "geometry": {"type": "Point", "coordinates": [25.7612864, 59.179032]}}, {"type": "Feature", "id": "node/8895868446", "properties": {"id": "node/8895868446", "amenity": "charging_station", "name": "Volt", "operator": "Enefit", "access": "yes", "fee": "yes", "opening_hours": "24/7"}, "geometry": {"type": "Point", "coordinates": [26.0404727, 57.7923204]}}, {"type": "Feature", "id": "node/8910336298", "properties": {"id": "node/8910336298", "amenity": "charging_station", "operator": "-", "access": "yes", "capacity": "1"}, "geometry": {"type": "Point", "coordinates": [26.9177853, 57.7297418]}}, {"type": "Feature", "id": "node/8985692221", "properties": {"id": "node/8985692221", "amenity": "charging_station", "operator": "Enefit", "access": "yes", "capacity": "1"}, "geometry": {"type": "Point", "coordinates": [24.756968, 59.4189629]}}, {"type": "Feature", "id": "node/9007250151", "properties": {"id": "node/9007250151", "amenity": "charging_station", "name": "Eleport", "operator": "Eleport", "access": "yes", "capacity": "6"}, "geometry": {"type": "Point", "coordinates": [24.730883, 59.4520902]}}, {"type": "Feature", "id": "node/9045420277", "properties": {"id": "node/9045420277", "amenity": "charging_station", "operator": "Catwees", "access": "yes"}, "geometry": {"type": "Point", "coordinates": [24.7360263, 59.4068942]}}, {"type": "Feature", "id": "node/9061882456", "properties": {"id": "node/9061882456", "amenity": "charging_station", "name": "e-mobi", "operator": "CSDD", "brand": "e-mobi", "access": "yes", "fee": "yes", "capacity": "3", "addr:street": "Rīgas iela", "addr:housenumber": "4", "addr:city": "Aloja"}, "geometry": {"type": "Point", "coordinates": [24.8822369, 57.7658054]}}, {"type": "Feature", "id": "node/9105365518", "properties": {"id": "node/9105365518", "amenity": "charging_station", "operator": "Enefit Volt", "access": "yes", "fee": "yes", "capacity": "2", "socket:type2": "1", "socket:type2:output": "12.8 kW", "socket:chademo": "1", "socket:chademo:output": "60 kW", "ref": "CH10192"}, "geometry": {"type": "Point", "coordinates": [23.6967192, 59.2198695]}}, {"type": "Feature", "id": "node/9188179132", "properties": {"id": "node/9188179132", "amenity": "charging_station", "operator": "Olerex", "access": "yes", "fee": "yes", "capacity": "2"}, "geometry": {"type": "Point", "coordinates": [25.5706186, 58.8945659]}}, {"type": "Feature", "id": "node/9403168385", "properties": {"id": "node/9403168385", "amenity": "charging_station", "access": "yes", "capacity": "3"}, "geometry": {"type": "Point", "coordinates": [24.7301413, 59.4022695]}}, {"type": "Feature", "id": "node/9571359321", "properties": {"id": "node/9571359321", "amenity": "charging_station", "operator": "Bolt", "access": "customers", "fee": "yes", "capacity": "10"}, "geometry": {"type": "Point", "coordinates": [24.670235, 59.3969458]}}, {"type": "Feature", "id": "node/9609597791", "properties": {"id": "node/9609597791", "amenity": "charging_station", "name": "CSDD Electric Charging Station", "operator": "CSDD", "access": "yes", "fee": "yes", "capacity": "3", "addr:street": "Eduarda Lācera iela", "addr:housenumber": "3", "addr:city": "Valmiera"}, "geometry": {"type": "Point", "coordinates": [25.3809581, 57.5232842]}}, {"type": "Feature", "id": "node/9609597792", "properties": {"id": "node/9609597792", "amenity": "charging_station", "name": "CSDD Electric Charging Station", "operator": "CSDD", "access": "yes", "capacity": "3", "addr:street": "Kārļa Baumaņa iela", "addr:housenumber": "8A", "addr:city": "Valmiera"}, "geometry": {"type": "Point", "coordinates": [25.4192701, 57.5392963]}}, {"type": "Feature", "id": "node/9609597793", "properties": {"id": "node/9609597793", "amenity": "charging_station", "name": "Elektrum Charging Station", "operator": "Elektrum", "access": "yes", "capacity": "4", "addr:street": "Raiņa iela", "addr:housenumber": "12B", "addr:city": "Valmiera"}, "geometry": {"type": "Point", "coordinates": [25.422678, 57.547354]}}, {"type": "Feature", "id": "node/9609707964", "properties": {"id": "node/9609707964", "amenity": "charging_station", "name": "CSDD Electric Charging Station", "operator": "CSDD", "access": "yes", "capacity": "3", "addr:street": "Brīvības iela", "addr:housenumber": "12", "addr:city": "Rūjiena"}, "geometry": {"type": "Point", "coordinates": [25.3229383, 57.8976711]}}, {"type": "Feature", "id": "node/9609707965", "properties": {"id": "node/9609707965", "amenity": "charging_station", "operator": "CSDD", "access": "yes", "capacity": "3", "addr:street": "Rīgas iela", "addr:housenumber": "2A", "addr:city": "Aloja"}, "geometry": {"type": "Point", "coordinates": [24.8822016, 57.7662459]}}, {"type": "Feature", "id": "node/9664258186", "properties": {"id": "node/9664258186", "amenity": "charging_station", "name": "Eleport", "operator": "Eleport", "access": "yes", "fee": "yes"}, "geometry": {"type": "Point", "coordinates": [24.8883939, 59.4495124]}}, {"type": "Feature", "id": "node/9670449844", "properties": {"id": "node/9670449844", "amenity": "charging_station", "operator": "Enefit", "access": "yes", "fee": "yes", "capacity": "2", "socket:type2_combo": "1", "socket:chademo": "1", "socket:chademo:output": "50 kW"}, "geometry": {"type": "Point", "coordinates": [24.7807199, 59.4325668]}}, {"type": "Feature", "id": "node/9672753519", "properties": {"id": "node/9672753519", "amenity": "charging_station", "name": "Enefit Volt", "operator": "Eesti Energia AS", "brand": "Volt", "access": "yes", "fee": "yes", "capacity": "2", "socket:type2_combo": "1", "socket:type2_combo:output": "50 kW", "socket:chademo": "1", "socket:chademo:output": "50 kW", "opening_hours": "24/7", "website": "https://enefitvolt.com/", "ref": "CH10079"}, "geometry": {"type": "Point", "coordinates": [23.5426929, 58.9398159]}}, {"type": "Feature", "id": "node/9674236156", "properties": {"id": "node/9674236156", "amenity": "charging_station", "access": "yes"}, "geometry": {"type": "Point", "coordinates": [24.5395757, 58.3935098]}}, {"type": "Feature", "id": "node/9748578206", "properties": {"id": "node/9748578206", "amenity": "charging_station", "name": "Eleport", "operator": "Eleport", "access": "yes", "fee": "yes", "capacity": "2"}, "geometry": {"type": "Point", "coordinates": [24.6812522, 59.4098113]}}, {"type": "Feature", "id": "node/9748689023", "properties": {"id": "node/9748689023", "amenity": "charging_station", "name": "ChargePoint", "operator": "ChargePoint", "brand": "ChargePoint", "access": "yes", "capacity": "10", "description": "Elektritõukerataste parkla ja laadimisjaam. Vajab nutitelefoni rakendust."}, "geometry": {"type": "Point", "coordinates": [24.6882399, 59.4084185]}}, {"type": "Feature", "id": "node/9795287406", "properties": {"id": "node/9795287406", "amenity": "charging_station", "operator": "Enefit", "access": "yes", "fee": "yes", "capacity": "2", "socket:type2_combo": "1", "socket:type2_combo:output": "50 kW", "socket:chademo": "1", "socket:chademo:output": "50 kW", "ref": "CH10060"}, "geometry": {"type": "Point", "coordinates": [24.7566549, 59.4338225]}}, {"type": "Feature", "id": "node/9852679413", "properties": {"id": "node/9852679413", "amenity": "charging_station", "name": "Enefit Volt", "operator": "Enefit Volt", "brand": "Enefit Volt", "access": "yes", "fee": "yes", "capacity": "2", "socket:type2_combo": "2", "socket:type2_combo:output": "120 kW"}, "geometry": {"type": "Point", "coordinates": [24.6879732, 59.3993128]}}, {"type": "Feature", "id": "node/9852679414", "properties": {"id": "node/9852679414", "amenity": "charging_station", "name": "Enefit Volt", "operator": "Enefit", "brand": "Enefit Volt", "access": "yes", "fee": "yes", "charge": "0.42 EUR/kWh", "capacity": "2", "socket:type2_combo": "2", "socket:type2_combo:output": "80 kW", "ref": "CH10942"}, "geometry": {"type": "Point", "coordinates": [24.6646811, 59.3960536]}}, {"type": "Feature", "id": "node/9852679415", "properties": {"id": "node/9852679415", "amenity": "charging_station", "name": "Enefit Volt", "operator": "Enefit Volt", "brand": "Enefit Volt", "access": "yes", "fee": "yes", "capacity": "2", "socket:type2_combo": "2", "socket:type2_combo:output": "110 kW", "ref": "CH10222"}, "geometry": {"type": "Point", "coordinates": [24.7033564, 59.4074766]}}, {"type": "Feature", "id": "node/9876641733", "properties": {"id": "node/9876641733", "amenity": "charging_station", "name": "Ionity Märjamaa", "operator": "Ionity", "brand": "Ionity", "access": "yes", "fee": "yes", "capacity": "6", "socket:type2_combo": "6", "socket:type2_combo:output": "350 kW", "opening_hours": "24/7", "network": "Ionity"}, "geometry": {"type": "Point", "coordinates": [24.4573293, 58.9207686]}}, {"type": "Feature", "id": "node/9877087862", "properties": {"id": "node/9877087862", "amenity": "charging_station", "access": "yes", "capacity": "1"}, "geometry": {"type": "Point", "coordinates": [24.787521, 59.4239099]}}, {"type": "Feature", "id": "node/9877087880", "properties": {"id": "node/9877087880", "amenity": "charging_station", "access": "yes", "capacity": "2"}, "geometry": {"type": "Point", "coordinates": [24.7884302, 59.4236748]}}, {"type": "Feature", "id": "node/9886626037", "properties": {"id": "node/9886626037", "amenity": "charging_station", "access": "yes", "capacity": "2", "socket:type2": "2", "addr:street": "Alejas iela", "addr:housenumber": "8", "addr:city": "Kocēni"}, "geometry": {"type": "Point", "coordinates": [25.3404397, 57.5200652]}}, {"type": "Feature", "id": "node/9890415596", "properties": {"id": "node/9890415596", "amenity": "charging_station", "operator": "Elmo", "access": "yes", "capacity": "2"}, "geometry": {"type": "Point", "coordinates": [24.5036677, 59.1543309]}}, {"type": "Feature", "id": "node/9914723023", "properties": {"id": "node/9914723023", "amenity": "charging_station", "operator": "CSDD", "access": "yes", "capacity": "3"}, "geometry": {"type": "Point", "coordinates": [24.3861026, 57.6219706]}}, {"type": "Feature", "id": "node/9922001347", "properties": {"id": "node/9922001347", "amenity": "charging_station", "operator": "Eleport", "access": "yes", "capacity": "2"}, "geometry": {"type": "Point", "coordinates": [24.6769777, 59.4042213]}}, {"type": "Feature", "id": "node/9937721956", "properties": {"id": "node/9937721956", "amenity": "charging_station", "operator": "Eleport", "access": "yes", "capacity": "2"}, "geometry": {"type": "Point", "coordinates": [24.722763, 59.4338488]}}, {"type": "Feature", "id": "node/9952656917", "properties": {"id": "node/9952656917", "amenity": "charging_station", "name": "LIFF", "operator": "LIFF", "brand": "LIFF", "access": "yes", "fee": "yes", "charge": "0.31 EUR/kWh", "capacity": "2", "socket:type2": "2", "socket:type2:output": "11 kW", "socket:type2_combo": "1", "socket:type2_combo:output": "120 kW", "socket:chademo": "1", "socket:chademo:output": "120 kW"}, "geometry": {"type": "Point", "coordinates": [24.7607869, 59.4385844]}}, {"type": "Feature", "id": "node/10013453322", "properties": {"id": "node/10013453322", "amenity": "charging_station", "name": "eTerminal", "operator": "eTerminal", "brand": "eTerminal", "access": "yes", "fee": "yes", "capacity": "2", "socket:type2_combo": "2", "socket:chademo": "1"}, "geometry": {"type": "Point", "coordinates": [24.76134, 59.4337633]}}, {"type": "Feature", "id": "node/10039200008", "properties": {"id": "node/10039200008", "amenity": "charging_station", "operator": "ABB", "access": "yes", "capacity": "2"}, "geometry": {"type": "Point", "coordinates": [24.9288826, 59.3570664]}}, {"type": "Feature", "id": "node/10061248221", "properties": {"id": "node/10061248221", "amenity": "charging_station", "access": "yes"}, "geometry": {"type": "Point", "coordinates": [24.8836213, 59.4446703]}}, {"type": "Feature", "id": "node/10061248229", "properties": {"id": "node/10061248229", "amenity": "charging_station", "access": "yes"}, "geometry": {"type": "Point", "coordinates": [24.8834705, 59.4448032]}}, {"type": "Feature", "id": "node/10068034027", "properties": {"id": "node/10068034027", "amenity": "charging_station", "name": "Enefit Volt", "operator": "Enefit", "brand": "Enefit Volt", "access": "yes", "fee": "yes", "capacity": "4", "socket:type2_combo": "1;2", "socket:type2_combo:output": "50 kW;240 kW", "socket:chademo": "1", "socket:chademo:output": "50 kW", "ref": "CH10211;CH10296"}, "geometry": {"type": "Point", "coordinates": [24.6290195, 59.3540728]}}, {"type": "Feature", "id": "node/10079943850", "properties": {"id": "node/10079943850", "amenity": "charging_station", "name": "Terminal Oil", "operator": "Terminal", "access": "yes", "fee": "yes", "capacity": "2", "socket:type2": "1", "socket:type2:output": "22kW", "socket:type2_combo": "1", "socket:type2_combo:output": "150 kW", "opening_hours": "24/7", "website": "https://terminaloil.ee/petrol-station/johvi/"}, "geometry": {"type": "Point", "coordinates": [27.4192544, 59.3513124]}}, {"type": "Feature", "id": "node/10111132766", "properties": {"id": "node/10111132766", "amenity": "charging_station", "name": "Rapla Rappeli Keskuse parkla (CH10082) Kuni 50 kW", "operator": "Enefit Volt", "access": "yes", "fee": "yes", "charge": "0,42 €/kWh", "capacity": "2", "website": "https://account.enefitvolt.com/findCharger?59.0105737,24.7942145,20z,CH10082,765st", "ref": "CH10082"}, "geometry": {"type": "Point", "coordinates": [24.794189, 59.0105852]}}, {"type": "Feature", "id": "node/10111132767", "properties": {"id": "node/10111132767", "amenity": "charging_station", "name": "Eleport Hepa", "access": "yes", "capacity": "2"}, "geometry": {"type": "Point", "coordinates": [24.795797, 59.0097399]}}, {"type": "Feature", "id": "node/10118429509", "properties": {"id": "node/10118429509", "amenity": "charging_station", "access": "yes", "capacity": "2", "addr:street": "Rīgas iela", "addr:housenumber": "86A", "addr:city": "Valmiera"}, "geometry": {"type": "Point", "coordinates": [25.3883231, 57.5300405]}}, {"type": "Feature", "id": "node/10118429516", "properties": {"id": "node/10118429516", "amenity": "charging_station", "operator": "CSDD", "access": "yes", "capacity": "3"}, "geometry": {"type": "Point", "coordinates": [25.6868615, 57.627621]}}, {"type": "Feature", "id": "node/10118506317", "properties": {"id": "node/10118506317", "amenity": "charging_station", "operator": "CSDD", "access": "yes", "capacity": "3", "addr:street": "Rīgas iela", "addr:housenumber": "80", "addr:city": "Valka"}, "geometry": {"type": "Point", "coordinates": [25.987742, 57.7592981]}}, {"type": "Feature", "id": "node/10118506380", "properties": {"id": "node/10118506380", "amenity": "charging_station", "operator": "CSDD", "access": "yes", "capacity": "3", "addr:street": "Dzirnavu iela", "addr:housenumber": "1B", "addr:city": "Ape"}, "geometry": {"type": "Point", "coordinates": [26.6921774, 57.5393649]}}, {"type": "Feature", "id": "node/10118506381", "properties": {"id": "node/10118506381", "amenity": "charging_station", "operator": "CSDD", "access": "yes", "capacity": "3"}, "geometry": {"type": "Point", "coordinates": [26.9829472, 57.5694154]}}, {"type": "Feature", "id": "node/10119075555", "properties": {"id": "node/10119075555", "amenity": "charging_station", "operator": "ABB", "access": "yes", "capacity": "2"}, "geometry": {"type": "Point", "coordinates": [24.9289009, 59.3569437]}}, {"type": "Feature", "id": "node/10119075556", "properties": {"id": "node/10119075556", "amenity": "charging_station", "operator": "ABB", "access": "yes", "capacity": "2"}, "geometry": {"type": "Point", "coordinates": [24.9289185, 59.3568501]}}, {"type": "Feature", "id": "node/10144419514", "properties": {"id": "node/10144419514", "amenity": "charging_station", "operator": "Enefit VOLT", "access": "yes", "capacity": "2"}, "geometry": {"type": "Point", "coordinates": [24.7371703, 59.4096884]}}, {"type": "Feature", "id": "node/10158118340", "properties": {"id": "node/10158118340", "amenity": "charging_station", "name": "ELMO", "access": "yes"}, "geometry": {"type": "Point", "coordinates": [25.5459526, 58.1050214]}}, {"type": "Feature", "id": "node/10159696889", "properties": {"id": "node/10159696889", "amenity": "charging_station", "operator": "Elmo", "access": "yes", "capacity": "2"}, "geometry": {"type": "Point", "coordinates": [24.76251, 59.4265844]}}, {"type": "Feature", "id": "node/10170993543", "properties": {"id": "node/10170993543", "amenity": "charging_station", "operator": "ABB", "access": "yes", "capacity": "1"}, "geometry": {"type": "Point", "coordinates": [24.9311932, 59.3599275]}}, {"type": "Feature", "id": "node/10170993544", "properties": {"id": "node/10170993544", "amenity": "charging_station", "operator": "ABB", "access": "yes", "capacity": "1"}, "geometry": {"type": "Point", "coordinates": [24.9312379, 59.3599366]}}, {"type": "Feature", "id": "node/10170993545", "properties": {"id": "node/10170993545", "amenity": "charging_station", "operator": "ABB", "access": "yes", "capacity": "1"}, "geometry": {"type": "Point", "coordinates": [24.9312771, 59.3599448]}}, {"type": "Feature", "id": "node/10170993546", "properties": {"id": "node/10170993546", "amenity": "charging_station", "operator": "ABB", "access": "yes", "capacity": "1"}, "geometry": {"type": "Point", "coordinates": [24.9313181, 59.3599532]}}, {"type": "Feature", "id": "node/10170993547", "properties": {"id": "node/10170993547", "amenity": "charging_station", "operator": "ABB", "access": "yes", "capacity": "1"}, "geometry": {"type": "Point", "coordinates": [24.9313584, 59.3599615]}}, {"type": "Feature", "id": "node/10170993548", "properties": {"id": "node/10170993548", "amenity": "charging_station", "operator": "ABB", "access": "yes", "capacity": "1"}, "geometry": {"type": "Point", "coordinates": [24.9314, 59.35997]}}, {"type": "Feature", "id": "node/10170993549", "properties": {"id": "node/10170993549", "amenity": "charging_station", "operator": "ABB", "access": "yes", "capacity": "1"}, "geometry": {"type": "Point", "coordinates": [24.9314392, 59.3599781]}}, {"type": "Feature", "id": "node/10170993550", "properties": {"id": "node/10170993550", "amenity": "charging_station", "operator": "ABB", "access": "yes", "capacity": "1"}, "geometry": {"type": "Point", "coordinates": [24.9314794, 59.3599864]}}, {"type": "Feature", "id": "node/10170993551", "properties": {"id": "node/10170993551", "amenity": "charging_station", "operator": "ABB", "access": "yes", "capacity": "1"}, "geometry": {"type": "Point", "coordinates": [24.9315215, 59.359995]}}, {"type": "Feature", "id": "node/10170993553", "properties": {"id": "node/10170993553", "amenity": "charging_station", "operator": "ABB", "access": "yes", "capacity": "1"}, "geometry": {"type": "Point", "coordinates": [24.9316413, 59.3600197]}}, {"type": "Feature", "id": "node/10170993554", "properties": {"id": "node/10170993554", "amenity": "charging_station", "operator": "ABB", "access": "yes", "capacity": "1"}, "geometry": {"type": "Point", "coordinates": [24.9316838, 59.3600284]}}, {"type": "Feature", "id": "node/10170993555", "properties": {"id": "node/10170993555", "amenity": "charging_station", "operator": "ABB", "access": "yes", "capacity": "1"}, "geometry": {"type": "Point", "coordinates": [24.9317249, 59.3600369]}}, {"type": "Feature", "id": "node/10170993556", "properties": {"id": "node/10170993556", "amenity": "charging_station", "operator": "ABB", "access": "yes", "capacity": "1"}, "geometry": {"type": "Point", "coordinates": [24.9317645, 59.360045]}}, {"type": "Feature", "id": "node/10170993557", "properties": {"id": "node/10170993557", "amenity": "charging_station", "operator": "ABB", "access": "yes", "capacity": "1"}, "geometry": {"type": "Point", "coordinates": [24.9318038, 59.3600531]}}, {"type": "Feature", "id": "node/10170993558", "properties": {"id": "node/10170993558", "amenity": "charging_station", "operator": "ABB", "access": "yes", "capacity": "1"}, "geometry": {"type": "Point", "coordinates": [24.9318444, 59.3600615]}}, {"type": "Feature", "id": "node/10203963426", "properties": {"id": "node/10203963426", "amenity": "charging_station", "access": "yes"}, "geometry": {"type": "Point", "coordinates": [24.9068085, 59.4531423]}}, {"type": "Feature", "id": "node/10221435851", "properties": {"id": "node/10221435851", "amenity": "charging_station", "access": "permissive"}, "geometry": {"type": "Point", "coordinates": [24.7910808, 59.0050927]}}, {"type": "Feature", "id": "node/10221435852", "properties": {"id": "node/10221435852", "amenity": "charging_station", "access": "permissive"}, "geometry": {"type": "Point", "coordinates": [24.7910798, 59.0050692]}}, {"type": "Feature", "id": "node/10259420081", "properties": {"id": "node/10259420081", "amenity": "charging_station", "name": "Halinga Alexela", "operator": "Halinga", "access": "yes"}, "geometry": {"type": "Point", "coordinates": [24.5102787, 58.5954564]}}, {"type": "Feature", "id": "node/10259420082", "properties": {"id": "node/10259420082", "amenity": "charging_station", "name": "Lõuna-Eesti haigla", "operator": "Enefit Volt", "access": "yes", "fee": "yes", "capacity": "1"}, "geometry": {"type": "Point", "coordinates": [26.99755, 57.8091128]}}, {"type": "Feature", "id": "node/10275931692", "properties": {"id": "node/10275931692", "amenity": "charging_station", "name": "Volt", "operator": "Enefit Volt", "brand": "Volt", "access": "yes", "fee": "yes", "capacity": "2", "opening_hours": "24/7", "website": "https://enefitvolt.com/", "ref": "CH10196"}, "geometry": {"type": "Point", "coordinates": [22.7768202, 58.8270639]}}, {"type": "Feature", "id": "node/10275998384", "properties": {"id": "node/10275998384", "amenity": "charging_station", "name": "Volt", "operator": "Enefit Volt", "brand": "Volt", "access": "yes", "fee": "yes", "capacity": "1", "opening_hours": "24/7", "website": "https://enefitvolt.com/", "ref": "CH10200"}, "geometry": {"type": "Point", "coordinates": [22.7727741, 58.8314244]}}, {"type": "Feature", "id": "node/10311509773", "properties": {"id": "node/10311509773", "amenity": "charging_station", "name": "Alexela Saku laadimisjaam", "access": "yes", "opening_hours": "24/7"}, "geometry": {"type": "Point", "coordinates": [24.6819885, 59.3120184]}}, {"type": "Feature", "id": "node/10588547693", "properties": {"id": "node/10588547693", "amenity": "charging_station", "name": "eTerminal", "operator": "eTerminal", "brand": "eTerminal", "access": "yes"}, "geometry": {"type": "Point", "coordinates": [24.871865, 59.4373084]}}, {"type": "Feature", "id": "node/10588547694", "properties": {"id": "node/10588547694", "amenity": "charging_station", "name": "ELMO", "operator": "ELMO", "brand": "ELMO", "access": "yes"}, "geometry": {"type": "Point", "coordinates": [24.873189, 59.4366928]}}, {"type": "Feature", "id": "node/10695330166", "properties": {"id": "node/10695330166", "amenity": "charging_station", "name": "Volt", "operator": "Enefit Volt", "brand": "Volt", "access": "yes", "fee": "yes", "capacity": "2", "socket:chademo": "1", "socket:chademo:output": "50kW", "opening_hours": "24/7", "website": "https://enefitvolt.com/", "ref": "CH10015"}, "geometry": {"type": "Point", "coordinates": [22.5958992, 58.7053975]}}, {"type": "Feature", "id": "node/10721763012", "properties": {"id": "node/10721763012", "amenity": "charging_station", "access": "yes"}, "geometry": {"type": "Point", "coordinates": [24.7990717, 59.4264714]}}, {"type": "Feature", "id": "node/10801000427", "properties": {"id": "node/10801000427", "amenity": "charging_station", "access": "permit", "fee": "yes", "charge": "0.39 EUR/kWh", "capacity": "2", "socket:type2_combo": "1", "socket:type2_combo:output": "200kW", "opening_hours": "24/7", "website": "https://ignitison.ee/ignitis-laadimine/kaart#pin-471", "description": "Politsei sõidukitele."}, "geometry": {"type": "Point", "coordinates": [24.8945721, 59.3542407]}}, {"type": "Feature", "id": "node/10802208405", "properties": {"id": "node/10802208405", "amenity": "charging_station", "access": "yes"}, "geometry": {"type": "Point", "coordinates": [26.3383746, 59.3630431]}}, {"type": "Feature", "id": "node/10839342694", "properties": {"id": "node/10839342694", "amenity": "charging_station", "name": "Circle K", "operator": "Circle K", "brand": "Circle K", "access": "yes", "fee": "yes", "capacity": "4", "opening_hours": "24/7"}, "geometry": {"type": "Point", "coordinates": [26.2686492, 59.4266454]}}, {"type": "Feature", "id": "node/10862212111", "properties": {"id": "node/10862212111", "amenity": "charging_station", "name": "Enefit Volt", "operator": "Enefit Volt", "brand": "Enefit Volt", "access": "yes", "fee": "yes", "capacity": "2", "socket:chademo": "1", "socket:chademo:output": "50kW", "opening_hours": "24/7", "ref": "57265"}, "geometry": {"type": "Point", "coordinates": [24.0568753, 58.9940315]}}, {"type": "Feature", "id": "node/10907476123", "properties": {"id": "node/10907476123", "amenity": "charging_station", "access": "customers", "capacity": "4"}, "geometry": {"type": "Point", "coordinates": [24.4869417, 58.3829865]}}, {"type": "Feature", "id": "node/10959206719", "properties": {"id": "node/10959206719", "amenity": "charging_station", "operator": "Alexela", "access": "yes", "capacity": "10"}, "geometry": {"type": "Point", "coordinates": [25.7679245, 58.7458826]}}, {"type": "Feature", "id": "node/10982174210", "properties": {"id": "node/10982174210", "amenity": "charging_station", "name": "Enefit Volt", "operator": "Enefit Volt", "brand": "Enefit Volt", "access": "customers", "fee": "yes", "capacity": "2", "ref": "CH10041"}, "geometry": {"type": "Point", "coordinates": [26.3128208, 58.3383364]}}, {"type": "Feature", "id": "node/11023542838", "properties": {"id": "node/11023542838", "amenity": "charging_station", "operator": "Alexela", "access": "yes", "capacity": "2"}, "geometry": {"type": "Point", "coordinates": [26.6611463, 57.5706247]}}, {"type": "Feature", "id": "node/11043749165", "properties": {"id": "node/11043749165", "amenity": "charging_station", "operator": "Eleport", "access": "yes", "fee": "yes", "capacity": "5"}, "geometry": {"type": "Point", "coordinates": [24.5364921, 58.3916829]}}, {"type": "Feature", "id": "node/11091709357", "properties": {"id": "node/11091709357", "amenity": "charging_station", "operator": "Enefit Volt", "access": "yes", "capacity": "1"}, "geometry": {"type": "Point", "coordinates": [24.8152179, 59.3610245]}}, {"type": "Feature", "id": "node/11092753220", "properties": {"id": "node/11092753220", "amenity": "charging_station", "operator": "ABB", "access": "yes", "capacity": "1"}, "geometry": {"type": "Point", "coordinates": [24.9318876, 59.3600704]}}, {"type": "Feature", "id": "node/11103576241", "properties": {"id": "node/11103576241", "amenity": "charging_station", "access": "yes", "fee": "yes", "capacity": "2"}, "geometry": {"type": "Point", "coordinates": [24.8951428, 59.3589113]}}, {"type": "Feature", "id": "node/11103580245", "properties": {"id": "node/11103580245", "amenity": "charging_station", "access": "yes", "fee": "yes", "capacity": "2"}, "geometry": {"type": "Point", "coordinates": [24.8950491, 59.3588617]}}, {"type": "Feature", "id": "node/11111652192", "properties": {"id": "node/11111652192", "amenity": "charging_station", "access": "yes", "fee": "yes", "capacity": "2", "opening_hours": "24/7"}, "geometry": {"type": "Point", "coordinates": [23.5408144, 58.9419117]}}, {"type": "Feature", "id": "node/11167626984", "properties": {"id": "node/11167626984", "amenity": "charging_station", "access": "yes"}, "geometry": {"type": "Point", "coordinates": [24.8082791, 59.4400889]}}, {"type": "Feature", "id": "node/11195448345", "properties": {"id": "node/11195448345", "amenity": "charging_station", "access": "yes"}, "geometry": {"type": "Point", "coordinates": [24.7767465, 59.4402331]}}, {"type": "Feature", "id": "node/11262575412", "properties": {"id": "node/11262575412", "amenity": "charging_station", "name": "Ionity Häädemeeste", "operator": "Ionity", "brand": "Ionity", "access": "yes", "fee": "yes", "capacity": "6", "socket:type2_combo": "6", "socket:type2_combo:output": "350 kW", "opening_hours": "24/7", "network": "Ionity"}, "geometry": {"type": "Point", "coordinates": [24.5125271, 58.074338]}}, {"type": "Feature", "id": "node/11394465352", "properties": {"id": "node/11394465352", "amenity": "charging_station", "operator": "Liff", "access": "yes", "capacity": "2"}, "geometry": {"type": "Point", "coordinates": [25.0380039, 58.6535961]}}, {"type": "Feature", "id": "node/11402513528", "properties": {"id": "node/11402513528", "amenity": "charging_station", "operator": "Eleport", "access": "yes", "capacity": "2"}, "geometry": {"type": "Point", "coordinates": [25.5971705, 58.3704621]}}, {"type": "Feature", "id": "node/11514092533", "properties": {"id": "node/11514092533", "amenity": "charging_station", "operator": "Elelevi", "access": "yes", "fee": "yes", "capacity": "2", "website": "https://elelevi.ee/"}, "geometry": {"type": "Point", "coordinates": [25.6062557, 58.3622558]}}, {"type": "Feature", "id": "node/11514092534", "properties": {"id": "node/11514092534", "amenity": "charging_station", "operator": "Elelevi", "access": "yes", "fee": "yes", "capacity": "2", "website": "https://elelevi.ee/"}, "geometry": {"type": "Point", "coordinates": [25.6063105, 58.3622103]}}, {"type": "Feature", "id": "node/11515902057", "properties": {"id": "node/11515902057", "amenity": "charging_station", "name": "Terminal Oil", "operator": "Terminal Oil", "brand": "Terminal Oil", "access": "yes", "fee": "yes", "charge": "0,42 Euro"}, "geometry": {"type": "Point", "coordinates": [26.3914115, 58.7517407]}}, {"type": "Feature", "id": "node/11518824920", "properties": {"id": "node/11518824920", "amenity": "charging_station", "name": "Enefit Volt / Circle K", "operator": "Enefit Volt / Circle K", "brand": "Enefit Volt / Circle K", "access": "yes", "capacity": "3", "description": "60 kW - CHAdeMO\n300 kW: CCS 150/150 dünaamiliselt jagatud\n0,45 EUR/kWh"}, "geometry": {"type": "Point", "coordinates": [24.7810893, 59.1813866]}}, {"type": "Feature", "id": "node/11572887165", "properties": {"id": "node/11572887165", "amenity": "charging_station", "name": "Terminal Oil", "operator": "Terminal Oil", "brand": "Terminal Oil", "access": "yes", "fee": "yes", "capacity": "2", "socket:type2": "1", "socket:type2:output": "22 kW", "socket:type2_combo": "1", "socket:type2_combo:output": "150 kW", "opening_hours": "24/7", "website": "https://terminaloil.ee/petrol-station/karkna/"}, "geometry": {"type": "Point", "coordinates": [26.6522207, 58.4608829]}}, {"type": "Feature", "id": "node/11572974100", "properties": {"id": "node/11572974100", "amenity": "charging_station", "name": "eTerminal", "operator": "eTerminal", "brand": "eTerminal", "access": "yes", "fee": "yes", "capacity": "2", "socket:type2_combo": "2", "socket:type2_combo:output": "50 kW", "opening_hours": "24/7"}, "geometry": {"type": "Point", "coordinates": [26.4079581, 58.221261]}}, {"type": "Feature", "id": "node/11610208372", "properties": {"id": "node/11610208372", "amenity": "charging_station", "name": "Enefit VOLT", "operator": "Enefit VOLT", "brand": "Enefit VOLT", "access": "yes", "fee": "yes", "capacity": "2"}, "geometry": {"type": "Point", "coordinates": [25.6905294, 58.8800862]}}, {"type": "Feature", "id": "node/11618373780", "properties": {"id": "node/11618373780", "amenity": "charging_station", "access": "yes"}, "geometry": {"type": "Point", "coordinates": [28.4463116, 59.6623099]}}, {"type": "Feature", "id": "node/11752579683", "properties": {"id": "node/11752579683", "amenity": "charging_station", "operator": "Alexela", "access": "yes", "capacity": "2"}, "geometry": {"type": "Point", "coordinates": [25.5790986, 58.347364]}}, {"type": "Feature", "id": "node/11773498241", "properties": {"id": "node/11773498241", "amenity": "charging_station", "operator": "Möller Auto", "access": "permit", "capacity": "2"}, "geometry": {"type": "Point", "coordinates": [24.702309, 59.427235]}}, {"type": "Feature", "id": "node/11869062369", "properties": {"id": "node/11869062369", "amenity": "charging_station", "access": "yes", "opening_hours": "24/7"}, "geometry": {"type": "Point", "coordinates": [24.8253162, 59.3394817]}}, {"type": "Feature", "id": "node/11874959469", "properties": {"id": "node/11874959469", "amenity": "charging_station", "access": "yes"}, "geometry": {"type": "Point", "coordinates": [24.7210216, 59.3934017]}}, {"type": "Feature", "id": "node/11875029969", "properties": {"id": "node/11875029969", "amenity": "charging_station", "operator": "Eleport", "access": "yes", "capacity": "3", "opening_hours": "24/7"}, "geometry": {"type": "Point", "coordinates": [24.6911451, 59.3975631]}}, {"type": "Feature", "id": "node/11878263569", "properties": {"id": "node/11878263569", "amenity": "charging_station", "access": "yes", "opening_hours": "24/7"}, "geometry": {"type": "Point", "coordinates": [24.503307, 58.3736882]}}, {"type": "Feature", "id": "node/11878375569", "properties": {"id": "node/11878375569", "amenity": "charging_station", "name": "Eleport", "operator": "Eleport", "brand": "Eleport", "access": "yes", "opening_hours": "24/7", "addr:street": "Pērnavas iela", "addr:housenumber": "53", "addr:city": "Salacgrīva"}, "geometry": {"type": "Point", "coordinates": [24.3519039, 57.7864981]}}, {"type": "Feature", "id": "node/11948249311", "properties": {"id": "node/11948249311", "amenity": "charging_station", "name": "Volt", "operator": "Volt", "brand": "Volt", "access": "yes", "capacity": "2"}, "geometry": {"type": "Point", "coordinates": [24.6227327, 59.3445768]}}, {"type": "Feature", "id": "node/11948443787", "properties": {"id": "node/11948443787", "amenity": "charging_station", "name": "Volt", "operator": "Enefit Volt", "brand": "Volt", "access": "yes", "fee": "yes", "capacity": "2", "opening_hours": "24/7", "website": "https://enefitvolt.com/", "ref": "CH10258"}, "geometry": {"type": "Point", "coordinates": [24.6965767, 59.4230054]}}, {"type": "Feature", "id": "node/11948444399", "properties": {"id": "node/11948444399", "amenity": "charging_station", "name": "Volt", "operator": "Enefit Volt", "brand": "Volt", "access": "yes", "fee": "yes", "opening_hours": "24/7", "website": "https://enefitvolt.com/", "ref": "CH10254"}, "geometry": {"type": "Point", "coordinates": [24.5126341, 58.0743396]}}, {"type": "Feature", "id": "node/11948451858", "properties": {"id": "node/11948451858", "amenity": "charging_station", "name": "Enefit Volt", "operator": "Enefit Volt", "brand": "Enefit Volt", "access": "yes", "fee": "yes", "charge": "0.42 EUR/kWh", "capacity": "2", "socket:type2_combo": "2", "socket:type2_combo:output": "47 kW", "opening_hours": "24/7", "website": "https://enefitvolt.com/", "ref": "CH10252"}, "geometry": {"type": "Point", "coordinates": [24.7104299, 59.4312481]}}, {"type": "Feature", "id": "node/11948465778", "properties": {"id": "node/11948465778", "amenity": "charging_station", "name": "Volt", "operator": "Enefit Volt", "brand": "Volt", "access": "yes", "fee": "yes", "capacity": "2", "opening_hours": "24/7", "website": "https://enefitvolt.com/", "ref": "CH10256"}, "geometry": {"type": "Point", "coordinates": [26.730521, 58.3920894]}}, {"type": "Feature", "id": "node/11948465820", "properties": {"id": "node/11948465820", "amenity": "charging_station", "name": "Suur-Jõe Selver, 2x ccs, 240kw", "operator": "Enefit Volt", "brand": "Volt", "access": "yes", "fee": "yes", "capacity": "2", "opening_hours": "24/7", "website": "https://enefitvolt.com/", "ref": "CH10255"}, "geometry": {"type": "Point", "coordinates": [24.5322553, 58.3776894]}}, {"type": "Feature", "id": "node/11948482559", "properties": {"id": "node/11948482559", "amenity": "charging_station", "name": "Volt", "operator": "Enefit Volt", "brand": "Volt", "access": "yes", "fee": "yes", "capacity": "2", "socket:type2_combo": "2", "socket:type2_combo:output": "47 kW", "opening_hours": "24/7", "website": "https://enefitvolt.com/", "ref": "CH10190"}, "geometry": {"type": "Point", "coordinates": [24.5443325, 59.4301941]}}, {"type": "Feature", "id": "node/11948509539", "properties": {"id": "node/11948509539", "amenity": "charging_station", "name": "Volt", "operator": "Enefit Volt", "brand": "Volt", "access": "yes", "fee": "yes", "capacity": "2", "opening_hours": "24/7", "website": "https://enefitvolt.com/", "ref": "CH10253"}, "geometry": {"type": "Point", "coordinates": [24.2690674, 59.3450546]}}, {"type": "Feature", "id": "node/11948607846", "properties": {"id": "node/11948607846", "amenity": "charging_station", "name": "Volt", "operator": "Enefit Volt", "brand": "Volt", "access": "yes", "fee": "yes", "capacity": "2", "opening_hours": "24/7", "website": "https://enefitvolt.com/", "ref": "CH10012"}, "geometry": {"type": "Point", "coordinates": [24.1444825, 59.22636]}}, {"type": "Feature", "id": "node/11948608647", "properties": {"id": "node/11948608647", "amenity": "charging_station", "name": "Volt", "operator": "Enefit Volt", "brand": "Volt", "access": "yes", "fee": "yes", "capacity": "2", "opening_hours": "24/7", "website": "https://enefitvolt.com/", "ref": "CH10014"}, "geometry": {"type": "Point", "coordinates": [23.2429092, 58.991806]}}, {"type": "Feature", "id": "node/11948628000", "properties": {"id": "node/11948628000", "amenity": "charging_station", "name": "Volt", "operator": "Enefit Volt", "brand": "Volt", "access": "yes", "fee": "yes", "capacity": "2", "opening_hours": "24/7", "website": "https://enefitvolt.com/", "ref": "CH10191"}, "geometry": {"type": "Point", "coordinates": [23.5220089, 59.0067641]}}, {"type": "Feature", "id": "node/11948729584", "properties": {"id": "node/11948729584", "amenity": "charging_station", "name": "Volt", "operator": "Enefit Volt", "brand": "Volt", "access": "yes", "fee": "yes", "capacity": "1", "opening_hours": "24/7", "website": "https://enefitvolt.com/", "ref": "CH10194"}, "geometry": {"type": "Point", "coordinates": [22.7226063, 58.9941965]}}, {"type": "Feature", "id": "node/11948783205", "properties": {"id": "node/11948783205", "amenity": "charging_station", "name": "Volt", "operator": "Enefit Volt", "brand": "Volt", "access": "yes", "fee": "yes", "capacity": "3", "opening_hours": "24/7", "website": "https://enefitvolt.com/", "ref": "CH10198"}, "geometry": {"type": "Point", "coordinates": [23.0473136, 58.8652034]}}, {"type": "Feature", "id": "node/11948791366", "properties": {"id": "node/11948791366", "amenity": "charging_station", "name": "Volt", "operator": "Enefit Volt", "brand": "Volt", "access": "yes", "fee": "yes", "capacity": "2", "opening_hours": "24/7", "website": "https://enefitvolt.com/", "ref": "CH10346"}, "geometry": {"type": "Point", "coordinates": [23.9920866, 58.3356631]}}, {"type": "Feature", "id": "node/11949946845", "properties": {"id": "node/11949946845", "amenity": "charging_station", "name": "Enefit Volt", "operator": "Eesti Energia AS", "brand": "Volt", "access": "yes", "fee": "yes", "capacity": "1", "opening_hours": "24/7", "website": "https://enefitvolt.com/", "ref": "CH10073"}, "geometry": {"type": "Point", "coordinates": [22.4709287, 58.2514867]}}, {"type": "Feature", "id": "node/11949972295", "properties": {"id": "node/11949972295", "amenity": "charging_station", "name": "Enefit Volt", "operator": "Eesti Energia AS", "brand": "Volt", "access": "yes", "fee": "yes", "capacity": "2", "opening_hours": "24/7", "website": "https://enefitvolt.com/", "ref": "CH10071"}, "geometry": {"type": "Point", "coordinates": [22.4879574, 58.2529051]}}, {"type": "Feature", "id": "node/11950005589", "properties": {"id": "node/11950005589", "amenity": "charging_station", "name": "Enefit Volt", "operator": "Eesti Energia", "brand": "Volt", "access": "yes", "fee": "yes", "capacity": "2", "opening_hours": "24/7", "website": "https://enefitvolt.com/", "ref": "CH10072"}, "geometry": {"type": "Point", "coordinates": [22.5126115, 58.2645137]}}, {"type": "Feature", "id": "node/11950030203", "properties": {"id": "node/11950030203", "amenity": "charging_station", "name": "Enefit Volt", "operator": "Eesti Energia AS", "brand": "Volt", "access": "yes", "fee": "yes", "capacity": "2", "opening_hours": "24/7", "website": "https://enefitvolt.com/", "ref": "CH10017"}, "geometry": {"type": "Point", "coordinates": [22.0246221, 58.2860825]}}, {"type": "Feature", "id": "node/11950046535", "properties": {"id": "node/11950046535", "amenity": "charging_station", "name": "Enefit Volt", "operator": "Eesti Energia AS", "brand": "Volt", "access": "yes", "fee": "yes", "capacity": "2", "opening_hours": "24/7", "website": "https://enefitvolt.com/", "ref": "CH10074"}, "geometry": {"type": "Point", "coordinates": [22.6840236, 58.5711253]}}, {"type": "Feature", "id": "node/11950109793", "properties": {"id": "node/11950109793", "amenity": "charging_station", "name": "Enefit Volt", "operator": "Eesti Energia AS", "brand": "Volt", "access": "yes", "fee": "yes", "capacity": "2", "opening_hours": "24/7", "website": "https://enefitvolt.com/", "ref": "CH10075"}, "geometry": {"type": "Point", "coordinates": [23.0827588, 58.5583981]}}, {"type": "Feature", "id": "node/11950157569", "properties": {"id": "node/11950157569", "amenity": "charging_station", "name": "Enefit Volt", "operator": "Eesti Energia AS", "brand": "Volt", "access": "yes", "fee": "yes", "capacity": "2", "opening_hours": "24/7", "website": "https://enefitvolt.com/", "ref": "CH10024"}, "geometry": {"type": "Point", "coordinates": [23.3883308, 58.5732195]}}, {"type": "Feature", "id": "node/11950196136", "properties": {"id": "node/11950196136", "amenity": "charging_station", "name": "Enefit Volt", "operator": "Eesti Energia AS", "brand": "Volt", "access": "yes", "fee": "yes", "capacity": "2", "opening_hours": "24/7", "website": "https://enefitvolt.com/", "ref": "CH10197"}, "geometry": {"type": "Point", "coordinates": [23.4255421, 58.9064973]}}, {"type": "Feature", "id": "node/11950228122", "properties": {"id": "node/11950228122", "amenity": "charging_station", "name": "Enefit Volt", "operator": "Eesti Energia AS", "brand": "Volt", "access": "yes", "fee": "yes", "capacity": "2", "opening_hours": "24/7", "website": "https://enefitvolt.com/", "ref": "CH10195"}, "geometry": {"type": "Point", "coordinates": [23.5716385, 58.9370617]}}, {"type": "Feature", "id": "node/11972392132", "properties": {"id": "node/11972392132", "amenity": "charging_station", "name": "Alexela", "operator": "Alexela", "brand": "Alexela", "access": "customers", "fee": "yes", "capacity": "4", "opening_hours": "24/7"}, "geometry": {"type": "Point", "coordinates": [24.5015235, 58.4320013]}}, {"type": "Feature", "id": "node/12001482705", "properties": {"id": "node/12001482705", "amenity": "charging_station", "name": "Enefit Volt", "operator": "Eesti Energia AS", "brand": "Volt", "access": "yes", "fee": "yes", "capacity": "2", "opening_hours": "24/7", "website": "https://enefitvolt.com/", "ref": "CH10270"}, "geometry": {"type": "Point", "coordinates": [23.2336254, 58.6067483]}}, {"type": "Feature", "id": "node/12007271905", "properties": {"id": "node/12007271905", "amenity": "charging_station", "operator": "Enefit VOLT", "access": "yes", "capacity": "1"}, "geometry": {"type": "Point", "coordinates": [25.6906525, 59.0957723]}}, {"type": "Feature", "id": "node/12012609782", "properties": {"id": "node/12012609782", "amenity": "charging_station", "operator": "Enefit VOLT", "access": "yes", "fee": "yes", "capacity": "2"}, "geometry": {"type": "Point", "coordinates": [25.1376269, 59.4411652]}}, {"type": "Feature", "id": "node/12022912899", "properties": {"id": "node/12022912899", "amenity": "charging_station", "name": "Eleport", "operator": "Eleport", "brand": "Eleport", "access": "yes", "fee": "yes", "capacity": "4", "socket:type2": "1", "socket:type2:output": "22 kW", "socket:type2_combo": "2", "socket:type2_combo:output": "150 kW", "socket:chademo": "1", "socket:chademo:output": "51 kW"}, "geometry": {"type": "Point", "coordinates": [26.6978726, 58.3761399]}}, {"type": "Feature", "id": "node/12031739861", "properties": {"id": "node/12031739861", "amenity": "charging_station", "operator": "Eleport", "access": "yes", "fee": "yes", "capacity": "2", "socket:type2_combo": "2", "socket:type2_combo:output": "100 kW", "socket:chademo": "1", "socket:chademo:output": "51 kW"}, "geometry": {"type": "Point", "coordinates": [24.6965798, 59.4006829]}}, {"type": "Feature", "id": "node/12032130505", "properties": {"id": "node/12032130505", "amenity": "charging_station", "operator": "Enefit VOLT", "access": "yes", "capacity": "2"}, "geometry": {"type": "Point", "coordinates": [26.6896526, 58.3692013]}}, {"type": "Feature", "id": "node/12041473932", "properties": {"id": "node/12041473932", "amenity": "charging_station", "access": "yes", "capacity": "4"}, "geometry": {"type": "Point", "coordinates": [26.7147485, 58.3780441]}}, {"type": "Feature", "id": "node/12064948349", "properties": {"id": "node/12064948349", "amenity": "charging_station", "access": "yes"}, "geometry": {"type": "Point", "coordinates": [26.3900262, 58.0019853]}}, {"type": "Feature", "id": "node/12118726078", "properties": {"id": "node/12118726078", "amenity": "charging_station", "name": "Elektrum Drive", "operator": "Elektrum Drive", "brand": "Elektrum Drive", "access": "yes", "fee": "yes", "capacity": "2", "socket:type2": "2", "socket:type2:output": "22 kW"}, "geometry": {"type": "Point", "coordinates": [24.8008928, 59.4297669]}}, {"type": "Feature", "id": "node/12136156566", "properties": {"id": "node/12136156566", "amenity": "charging_station", "name": "Enerfit Volt", "operator": "Enerfit Volt", "brand": "Enerfit Volt", "access": "yes", "fee": "yes", "capacity": "2", "socket:type2_combo": "2", "ref": "CH10257"}, "geometry": {"type": "Point", "coordinates": [26.6855076, 58.3976892]}}, {"type": "Feature", "id": "node/12157065123", "properties": {"id": "node/12157065123", "amenity": "charging_station", "name": "Alexela", "operator": "Alexela", "brand": "Alexela", "access": "yes", "capacity": "3"}, "geometry": {"type": "Point", "coordinates": [24.6744547, 59.4566657]}}, {"type": "Feature", "id": "node/12165369971", "properties": {"id": "node/12165369971", "amenity": "charging_station", "name": "Lidl", "operator": "Lidl Eesti OÜ", "brand": "Lidl", "access": "yes", "fee": "yes", "capacity": "2", "socket:type2": "1", "socket:type2:output": "43 kW", "socket:type2_combo": "1", "socket:type2_combo:output": "50 kW", "socket:chademo": "1", "socket:chademo:output": "50 kW", "opening_hours": "Mo-Su 08:00-22:00"}, "geometry": {"type": "Point", "coordinates": [24.6770384, 59.4107105]}}, {"type": "Feature", "id": "node/12178325685", "properties": {"id": "node/12178325685", "amenity": "charging_station", "operator": "Enefit VOLT", "access": "yes", "capacity": "3"}, "geometry": {"type": "Point", "coordinates": [26.6756493, 58.3595453]}}, {"type": "Feature", "id": "node/12179279628", "properties": {"id": "node/12179279628", "amenity": "charging_station", "name": "Circle K", "operator": "Circle K", "brand": "Circle K", "access": "yes", "fee": "yes", "capacity": "2", "opening_hours": "24/7", "website": "https://www.circlek.ee/station/circle-k-torva"}, "geometry": {"type": "Point", "coordinates": [25.9315692, 57.9981483]}}, {"type": "Feature", "id": "node/12198572244", "properties": {"id": "node/12198572244", "amenity": "charging_station", "access": "yes", "capacity": "2"}, "geometry": {"type": "Point", "coordinates": [26.7597232, 58.3831408]}}, {"type": "Feature", "id": "node/12277042410", "properties": {"id": "node/12277042410", "amenity": "charging_station", "access": "yes"}, "geometry": {"type": "Point", "coordinates": [24.6717813, 59.4106096]}}, {"type": "Feature", "id": "node/12288285445", "properties": {"id": "node/12288285445", "amenity": "charging_station", "operator": "Alexela", "access": "yes"}, "geometry": {"type": "Point", "coordinates": [24.5482256, 59.4288011]}}, {"type": "Feature", "id": "node/12291775628", "properties": {"id": "node/12291775628", "amenity": "charging_station", "operator": "Enefit", "access": "yes"}, "geometry": {"type": "Point", "coordinates": [25.5941538, 58.3625247]}}, {"type": "Feature", "id": "node/12291837500", "properties": {"id": "node/12291837500", "amenity": "charging_station", "access": "yes"}, "geometry": {"type": "Point", "coordinates": [25.5944546, 58.3790723]}}, {"type": "Feature", "id": "node/12328405193", "properties": {"id": "node/12328405193", "amenity": "charging_station", "access": "yes", "capacity": "2"}, "geometry": {"type": "Point", "coordinates": [26.727671, 58.3300252]}}, {"type": "Feature", "id": "node/12337330520", "properties": {"id": "node/12337330520", "amenity": "charging_station", "name": "Vonk EV", "access": "yes"}, "geometry": {"type": "Point", "coordinates": [24.7772426, 59.4277501]}}, {"type": "Feature", "id": "node/12555857024", "properties": {"id": "node/12555857024", "amenity": "charging_station", "name": "Enefit Volt", "operator": "Enefit Volt", "brand": "Enefit Volt", "access": "yes", "fee": "yes", "capacity": "4"}, "geometry": {"type": "Point", "coordinates": [24.7049154, 59.4532853]}}, {"type": "Feature", "id": "node/12609230447", "properties": {"id": "node/12609230447", "amenity": "charging_station", "operator": "Ignitis ON", "access": "yes", "fee": "yes", "capacity": "2", "socket:type2_combo": "2"}, "geometry": {"type": "Point", "coordinates": [24.6856425, 59.4027033]}}, {"type": "Feature", "id": "node/12618114550", "properties": {"id": "node/12618114550", "amenity": "charging_station", "name": "Enefit volt", "operator": "Enefit volt", "brand": "Enefit volt", "access": "yes", "ref": "CH10248"}, "geometry": {"type": "Point", "coordinates": [24.755159, 59.1656236]}}, {"type": "Feature", "id": "node/12716428954", "properties": {"id": "node/12716428954", "amenity": "charging_station", "operator": "Ignitis", "access": "yes", "capacity": "2"}, "geometry": {"type": "Point", "coordinates": [26.6843009, 58.3783194]}}, {"type": "Feature", "id": "node/12749468982", "properties": {"id": "node/12749468982", "amenity": "charging_station", "name": "ChargeNet", "operator": "ChargeNet", "brand": "ChargeNet", "access": "yes", "fee": "yes", "capacity": "24"}, "geometry": {"type": "Point", "coordinates": [24.6539186, 59.4269082]}}, {"type": "Feature", "id": "node/12768373661", "properties": {"id": "node/12768373661", "amenity": "charging_station", "access": "yes", "capacity": "4"}, "geometry": {"type": "Point", "coordinates": [24.8313883, 59.4385194]}}, {"type": "Feature", "id": "node/12829838474", "properties": {"id": "node/12829838474", "amenity": "charging_station", "name": "Enefit Volt", "operator": "Enefit Volt", "brand": "Enefit Volt", "access": "yes", "fee": "yes", "charge": "0.54 EUR/kWh", "capacity": "4", "socket:type2_combo": "4", "socket:type2_combo:output": "320 kW"}, "geometry": {"type": "Point", "coordinates": [24.6424928, 59.4246913]}}, {"type": "Feature", "id": "node/12888622569", "properties": {"id": "node/12888622569", "amenity": "charging_station", "access": "yes", "capacity": "1"}, "geometry": {"type": "Point", "coordinates": [24.6896653, 59.4236372]}}, {"type": "Feature", "id": "node/12892005521", "properties": {"id": "node/12892005521", "amenity": "charging_station", "operator": "Enefit VOLT", "access": "yes", "capacity": "2"}, "geometry": {"type": "Point", "coordinates": [24.7056591, 59.4397985]}}, {"type": "Feature", "id": "node/12892009444", "properties": {"id": "node/12892009444", "amenity": "charging_station", "operator": "Enefit Volt", "access": "yes", "capacity": "2"}, "geometry": {"type": "Point", "coordinates": [24.7057538, 59.4397193]}}, {"type": "Feature", "id": "node/12892025253", "properties": {"id": "node/12892025253", "amenity": "charging_station", "operator": "Enefit Volt", "access": "yes", "capacity": "2"}, "geometry": {"type": "Point", "coordinates": [24.7057086, 59.4397532]}}, {"type": "Feature", "id": "node/12928089807", "properties": {"id": "node/12928089807", "amenity": "charging_station", "access": "yes"}, "geometry": {"type": "Point", "coordinates": [22.3517269, 57.5105453]}}, {"type": "Feature", "id": "node/12945993419", "properties": {"id": "node/12945993419", "amenity": "charging_station", "access": "yes"}, "geometry": {"type": "Point", "coordinates": [26.3828378, 59.3552766]}}, {"type": "Feature", "id": "node/12953860492", "properties": {"id": "node/12953860492", "amenity": "charging_station", "access": "yes", "capacity": "2"}, "geometry": {"type": "Point", "coordinates": [24.8289386, 59.4617129]}}, {"type": "Feature", "id": "node/12956408219", "properties": {"id": "node/12956408219", "amenity": "charging_station", "name": "Pärnu Supercharger", "operator": "Tesla", "brand": "Tesla Supercharger", "access": "yes", "fee": "yes", "capacity": "8", "socket:type2_combo": "8", "socket:type2_combo:output": "250 kW", "opening_hours": "24/7", "website": "https://www.tesla.com/findus/location/supercharger/33144"}, "geometry": {"type": "Point", "coordinates": [24.5011423, 58.3876963]}}, {"type": "Feature", "id": "node/12971236760", "properties": {"id": "node/12971236760", "amenity": "charging_station", "name": "LIFF", "operator": "LIFF", "brand": "LIFF", "access": "yes", "fee": "yes", "charge": "0.31 EUR/kWh", "capacity": "1", "socket:type2_combo": "1", "socket:type2_combo:output": "80 kW"}, "geometry": {"type": "Point", "coordinates": [24.6314151, 59.3604908]}}, {"type": "Feature", "id": "node/12983240007", "properties": {"id": "node/12983240007", "amenity": "charging_station", "name": "Volt", "operator": "Enefit", "brand": "Volt", "access": "yes", "fee": "yes", "capacity": "2", "ref": "CH10013"}, "geometry": {"type": "Point", "coordinates": [24.4292407, 58.9042569]}}, {"type": "Feature", "id": "node/12986108442", "properties": {"id": "node/12986108442", "amenity": "charging_station", "name": "Enefit", "operator": "Enefit", "brand": "Enefit", "access": "yes", "fee": "yes", "capacity": "4", "addr:street": "Jaunā iela", "addr:housenumber": "34", "addr:city": "Limbaži"}, "geometry": {"type": "Point", "coordinates": [24.721085, 57.5091138]}}, {"type": "Feature", "id": "node/12989866337", "properties": {"id": "node/12989866337", "amenity": "charging_station", "access": "yes"}, "geometry": {"type": "Point", "coordinates": [24.9036567, 59.3589344]}}, {"type": "Feature", "id": "node/12999680946", "properties": {"id": "node/12999680946", "amenity": "charging_station", "operator": "Enefit Volt", "access": "yes", "capacity": "2"}, "geometry": {"type": "Point", "coordinates": [24.834145, 59.4673293]}}, {"type": "Feature", "id": "node/13004644535", "properties": {"id": "node/13004644535", "amenity": "charging_station", "operator": "OÜ Ignitis Eesti", "access": "yes", "capacity": "2", "socket:type2_combo": "2", "socket:type2_combo:output": "60", "ref": "EE0036"}, "geometry": {"type": "Point", "coordinates": [27.0041486, 57.8479698]}}, {"type": "Feature", "id": "node/13016884319", "properties": {"id": "node/13016884319", "amenity": "charging_station", "name": "Circle K", "operator": "Circle K", "brand": "Circle K", "access": "customers", "capacity": "2"}, "geometry": {"type": "Point", "coordinates": [24.5610644, 58.362509]}}, {"type": "Feature", "id": "node/13019063565", "properties": {"id": "node/13019063565", "amenity": "charging_station", "name": "Circle K", "operator": "Circle K", "brand": "Circle K", "access": "yes", "fee": "yes", "capacity": "2", "socket:type2_combo": "2", "socket:type2_combo:output": "300 kW", "socket:chademo": "1", "socket:chademo:output": "60 kW"}, "geometry": {"type": "Point", "coordinates": [26.9134227, 58.8507734]}}, {"type": "Feature", "id": "node/13019494849", "properties": {"id": "node/13019494849", "amenity": "charging_station", "name": "Enefit", "operator": "Enefit", "brand": "Enefit", "access": "yes", "fee": "yes", "capacity": "4", "socket:type2": "4", "socket:type2:output": "22 kW"}, "geometry": {"type": "Point", "coordinates": [26.4979375, 58.0574853]}}, {"type": "Feature", "id": "node/13021005091", "properties": {"id": "node/13021005091", "amenity": "charging_station", "name": "Ignitis ON", "operator": "Ignitis ON", "brand": "Ignitis ON", "access": "yes", "fee": "yes", "capacity": "8", "addr:street": "Rīgas iela", "addr:housenumber": "74", "addr:city": "Valmiera"}, "geometry": {"type": "Point", "coordinates": [25.3941307, 57.5325542]}}, {"type": "Feature", "id": "node/13035283178", "properties": {"id": "node/13035283178", "amenity": "charging_station", "operator": "EuroPark", "access": "yes", "capacity": "2", "socket:type2": "2"}, "geometry": {"type": "Point", "coordinates": [24.7276204, 59.4505998]}}, {"type": "Feature", "id": "node/13043320484", "properties": {"id": "node/13043320484", "amenity": "charging_station", "access": "yes", "capacity": "2"}, "geometry": {"type": "Point", "coordinates": [24.6705119, 59.4001327]}}, {"type": "Feature", "id": "node/13045493579", "properties": {"id": "node/13045493579", "amenity": "charging_station", "name": "Enefit Volt", "operator": "Enefit Volt", "brand": "Enefit Volt", "access": "yes", "fee": "yes", "charge": "0.42 EUR/kWh", "capacity": "2", "socket:type2_combo": "2", "socket:type2_combo:output": "40 kW"}, "geometry": {"type": "Point", "coordinates": [24.7356828, 59.4094102]}}, {"type": "Feature", "id": "node/13049554342", "properties": {"id": "node/13049554342", "amenity": "charging_station", "operator": "Alexela", "access": "yes", "capacity": "2"}, "geometry": {"type": "Point", "coordinates": [24.604587, 58.307875]}}, {"type": "Feature", "id": "node/13051104537", "properties": {"id": "node/13051104537", "amenity": "charging_station", "operator": "Eleport", "access": "yes", "fee": "yes", "capacity": "2"}, "geometry": {"type": "Point", "coordinates": [24.6507856, 59.4220402]}}, {"type": "Feature", "id": "node/13087066405", "properties": {"id": "node/13087066405", "amenity": "charging_station", "operator": "Alexela", "access": "yes", "fee": "yes", "capacity": "2", "opening_hours": "24/7"}, "geometry": {"type": "Point", "coordinates": [26.3627672, 58.7443834]}}, {"type": "Feature", "id": "node/13116578151", "properties": {"id": "node/13116578151", "amenity": "charging_station", "access": "yes"}, "geometry": {"type": "Point", "coordinates": [26.6806132, 58.3576875]}}, {"type": "Feature", "id": "node/13147348529", "properties": {"id": "node/13147348529", "amenity": "charging_station", "name": "Elektrum Drive", "operator": "Elektrum Eesti OÜ", "brand": "Elektrum Drive", "access": "yes", "capacity": "2", "description": "2 x CCS2"}, "geometry": {"type": "Point", "coordinates": [24.7948609, 59.0105993]}}, {"type": "Feature", "id": "node/13147490652", "properties": {"id": "node/13147490652", "amenity": "charging_station", "operator": "Alexela", "access": "yes", "capacity": "2"}, "geometry": {"type": "Point", "coordinates": [24.7013627, 59.4392422]}}, {"type": "Feature", "id": "node/13179721457", "properties": {"id": "node/13179721457", "amenity": "charging_station", "name": "Ignitis ON", "operator": "Ignitis", "brand": "Ignitis ON", "access": "yes", "capacity": "60"}, "geometry": {"type": "Point", "coordinates": [24.432771, 59.3109746]}}, {"type": "Feature", "id": "node/13179730903", "properties": {"id": "node/13179730903", "amenity": "charging_station", "name": "Enefit Volt", "operator": "Enefit", "brand": "Enefit Volt", "access": "customers", "fee": "yes", "charge": "0.38", "capacity": "47kW"}, "geometry": {"type": "Point", "coordinates": [24.4203569, 59.3130865]}}, {"type": "Feature", "id": "node/13179731080", "properties": {"id": "node/13179731080", "amenity": "charging_station", "name": "Enefit Volt", "operator": "enefit", "brand": "Enefit Volt", "access": "yes", "charge": "0.38 - 0.44€", "capacity": "120"}, "geometry": {"type": "Point", "coordinates": [24.432963, 59.3111241]}}, {"type": "Feature", "id": "node/13179734703", "properties": {"id": "node/13179734703", "amenity": "charging_station", "name": "Enefit Volt", "operator": "Enefit", "brand": "Enefit Volt", "access": "yes", "fee": "yes", "charge": "0.44€", "capacity": "200kW"}, "geometry": {"type": "Point", "coordinates": [24.3976191, 59.3074143]}}, {"type": "Feature", "id": "node/13200841551", "properties": {"id": "node/13200841551", "amenity": "charging_station", "name": "Enefit Volt", "operator": "Enefit", "brand": "Enefit Volt", "access": "yes", "capacity": "2"}, "geometry": {"type": "Point", "coordinates": [25.0306544, 58.9114492]}}, {"type": "Feature", "id": "node/13202418042", "properties": {"id": "node/13202418042", "amenity": "charging_station", "operator": "Liff", "access": "yes", "fee": "yes", "capacity": "1"}, "geometry": {"type": "Point", "coordinates": [24.6853495, 59.4092472]}}, {"type": "Feature", "id": "node/13227202671", "properties": {"id": "node/13227202671", "amenity": "charging_station", "operator": "Ignitis", "access": "yes", "capacity": "3", "addr:street": "Selgas iela", "addr:housenumber": "2", "addr:city": "Roja"}, "geometry": {"type": "Point", "coordinates": [22.8013504, 57.5058705]}}, {"type": "Feature", "id": "node/13286640048", "properties": {"id": "node/13286640048", "amenity": "charging_station", "name": "Ignitis ON", "access": "yes"}, "geometry": {"type": "Point", "coordinates": [27.0704157, 58.0633762]}}, {"type": "Feature", "id": "node/13286640049", "properties": {"id": "node/13286640049", "amenity": "charging_station", "access": "yes"}, "geometry": {"type": "Point", "coordinates": [27.0704465, 58.0633685]}}, {"type": "Feature", "id": "node/13329900355", "properties": {"id": "node/13329900355", "amenity": "charging_station", "name": "Elektrum", "operator": "Elektrum", "brand": "Elektrum", "access": "yes", "fee": "yes", "capacity": "2", "opening_hours": "24/7"}, "geometry": {"type": "Point", "coordinates": [24.911672, 59.3582817]}}, {"type": "Feature", "id": "node/13329900356", "properties": {"id": "node/13329900356", "amenity": "charging_station", "name": "Elektrum", "operator": "Elektrum", "brand": "Elektrum", "access": "yes", "fee": "yes", "capacity": "2", "opening_hours": "24/7"}, "geometry": {"type": "Point", "coordinates": [24.9117639, 59.3582943]}}, {"type": "Feature", "id": "node/13341200969", "properties": {"id": "node/13341200969", "amenity": "charging_station", "operator": "Elektrum", "access": "yes", "fee": "yes", "capacity": "4", "addr:street": "Dīvaliņa iela", "addr:housenumber": "20", "addr:city": "Valmiera"}, "geometry": {"type": "Point", "coordinates": [25.4380869, 57.5397945]}}, {"type": "Feature", "id": "node/13341200970", "properties": {"id": "node/13341200970", "amenity": "charging_station", "operator": "Elektrum", "access": "yes", "capacity": "2", "addr:street": "Linarda Laicena iela", "addr:housenumber": "1A", "addr:city": "Valmiera"}, "geometry": {"type": "Point", "coordinates": [25.4238675, 57.5336699]}}, {"type": "Feature", "id": "node/13341200971", "properties": {"id": "node/13341200971", "amenity": "charging_station", "operator": "Elektrum", "access": "yes", "fee": "yes", "capacity": "5", "addr:street": "Zvaigžņu iela", "addr:housenumber": "7", "addr:city": "Valmiera"}, "geometry": {"type": "Point", "coordinates": [25.4262812, 57.5305091]}}, {"type": "Feature", "id": "node/13341200972", "properties": {"id": "node/13341200972", "amenity": "charging_station", "name": "Enefit", "operator": "Enefit", "brand": "Enefit", "access": "yes", "fee": "yes", "capacity": "4", "addr:street": "Pāvila Rozīša iela", "addr:housenumber": "47", "addr:city": "Valmiera", "ref": "PR47"}, "geometry": {"type": "Point", "coordinates": [25.4063379, 57.5294392]}}, {"type": "Feature", "id": "node/13341200973", "properties": {"id": "node/13341200973", "amenity": "charging_station", "name": "Ignitis ON", "operator": "Ignitis ON", "brand": "Ignitis ON", "access": "yes", "fee": "yes", "capacity": "3", "addr:street": "Rīgas iela", "addr:housenumber": "63", "addr:city": "Valmiera", "ref": "R63"}, "geometry": {"type": "Point", "coordinates": [25.3999137, 57.5332708]}}, {"type": "Feature", "id": "node/13341200974", "properties": {"id": "node/13341200974", "amenity": "charging_station", "name": "Enefit", "operator": "Enefit", "brand": "Enefit", "access": "yes", "fee": "yes", "capacity": "4", "addr:street": "Rīgas iela", "addr:housenumber": "64", "addr:city": "Valmiera", "ref": "R64"}, "geometry": {"type": "Point", "coordinates": [25.397987, 57.533186]}}, {"type": "Feature", "id": "node/13341200989", "properties": {"id": "node/13341200989", "amenity": "charging_station", "operator": "Jysk", "access": "yes", "fee": "yes", "addr:street": "Rīgas iela", "addr:housenumber": "82", "addr:city": "Valmiera", "ref": "R82"}, "geometry": {"type": "Point", "coordinates": [25.3896523, 57.5308285]}}, {"type": "Feature", "id": "node/13341200995", "properties": {"id": "node/13341200995", "amenity": "charging_station", "name": "Virši", "operator": "Virši", "brand": "Virši", "access": "yes", "fee": "yes", "capacity": "3", "addr:city": "Brandeļi"}, "geometry": {"type": "Point", "coordinates": [25.3571423, 57.5189678]}}, {"type": "Feature", "id": "node/13354897743", "properties": {"id": "node/13354897743", "amenity": "charging_station", "operator": "Eleport", "access": "yes"}, "geometry": {"type": "Point", "coordinates": [26.398422, 58.7482295]}}, {"type": "Feature", "id": "node/13378941636", "properties": {"id": "node/13378941636", "amenity": "charging_station", "operator": "CSDD", "access": "yes", "fee": "yes", "capacity": "3"}, "geometry": {"type": "Point", "coordinates": [24.3578183, 57.7509018]}}, {"type": "Feature", "id": "node/13378941637", "properties": {"id": "node/13378941637", "amenity": "charging_station", "name": "Enefit", "operator": "Enefit", "brand": "Enefit", "access": "yes", "fee": "yes", "capacity": "4", "addr:street": "Rīgas iela", "addr:housenumber": "13", "addr:city": "Salacgrīva"}, "geometry": {"type": "Point", "coordinates": [24.3577566, 57.7512167]}}, {"type": "Feature", "id": "node/13378941645", "properties": {"id": "node/13378941645", "amenity": "charging_station", "name": "Virši", "operator": "Virši", "brand": "Virši", "access": "yes", "fee": "yes", "capacity": "3", "addr:street": "Viļņu iela", "addr:housenumber": "18", "addr:city": "Salacgrīva"}, "geometry": {"type": "Point", "coordinates": [24.3600689, 57.7593889]}}, {"type": "Feature", "id": "node/13378941646", "properties": {"id": "node/13378941646", "amenity": "charging_station", "operator": "Eleport", "access": "yes", "fee": "yes", "capacity": "4", "addr:street": "Pērnavas iela", "addr:housenumber": "53", "addr:city": "Salacgrīva"}, "geometry": {"type": "Point", "coordinates": [24.3517402, 57.7866904]}}, {"type": "Feature", "id": "node/13378941647", "properties": {"id": "node/13378941647", "amenity": "charging_station", "name": "Ignitis ON", "operator": "Ignitis ON", "brand": "Ignitis ON", "access": "yes", "fee": "yes", "capacity": "4", "addr:street": "Pērnavas iela", "addr:housenumber": "58", "addr:city": "Salacgrīva"}, "geometry": {"type": "Point", "coordinates": [24.3541727, 57.7900821]}}, {"type": "Feature", "id": "node/13378941648", "properties": {"id": "node/13378941648", "amenity": "charging_station", "name": "Ignitis ON", "operator": "Ignitis ON", "brand": "Ignitis ON", "access": "yes", "fee": "yes", "capacity": "6", "addr:street": "Valdemāra iela", "addr:housenumber": "82", "addr:city": "Ainaži"}, "geometry": {"type": "Point", "coordinates": [24.3531437, 57.8495332]}}, {"type": "Feature", "id": "node/13378941649", "properties": {"id": "node/13378941649", "amenity": "charging_station", "name": "Neste", "operator": "Neste", "brand": "Neste", "access": "yes", "fee": "yes", "capacity": "4", "addr:street": "Valdemāra iela", "addr:housenumber": "82", "addr:city": "Ainaži"}, "geometry": {"type": "Point", "coordinates": [24.3539484, 57.8498329]}}, {"type": "Feature", "id": "node/13378941650", "properties": {"id": "node/13378941650", "amenity": "charging_station", "name": "Elelevi", "operator": "Elelevi", "brand": "Elelevi", "access": "yes", "fee": "yes", "capacity": "2"}, "geometry": {"type": "Point", "coordinates": [24.3834763, 57.8763572]}}, {"type": "Feature", "id": "node/13378941651", "properties": {"id": "node/13378941651", "amenity": "charging_station", "name": "Ignitis ON", "operator": "Ignitis ON", "brand": "Ignitis ON", "access": "yes", "fee": "yes", "capacity": "2", "addr:street": "Stacijas iela", "addr:housenumber": "8", "addr:city": "Limbaži"}, "geometry": {"type": "Point", "coordinates": [24.7221801, 57.5131308]}}, {"type": "Feature", "id": "node/13378941652", "properties": {"id": "node/13378941652", "amenity": "charging_station", "name": "Elektrum Drive", "operator": "Elektrum", "access": "yes", "fee": "yes", "capacity": "5", "addr:street": "Cēsu iela", "addr:housenumber": "23", "addr:city": "Limbaži"}, "geometry": {"type": "Point", "coordinates": [24.7217693, 57.5131049]}}, {"type": "Feature", "id": "node/13413833323", "properties": {"id": "node/13413833323", "amenity": "charging_station", "operator": "Eleport", "access": "yes", "capacity": "2"}, "geometry": {"type": "Point", "coordinates": [24.6768793, 59.4044385]}}, {"type": "Feature", "id": "node/13432421018", "properties": {"id": "node/13432421018", "amenity": "charging_station", "operator": "Ignitis", "access": "yes", "fee": "yes"}, "geometry": {"type": "Point", "coordinates": [26.8421816, 59.4404516]}}, {"type": "Feature", "id": "node/13439933396", "properties": {"id": "node/13439933396", "amenity": "charging_station", "access": "yes", "capacity": "6"}, "geometry": {"type": "Point", "coordinates": [24.6937319, 59.4452207]}}, {"type": "Feature", "id": "node/13450569259", "properties": {"id": "node/13450569259", "amenity": "charging_station", "name": "Elektrum Drive", "operator": "Elektrum Drive", "brand": "Elektrum Drive", "access": "yes", "fee": "yes", "capacity": "4", "socket:type2": "2", "socket:type2:output": "22 kW", "socket:type2_combo": "2", "socket:type2_combo:output": "150 kW"}, "geometry": {"type": "Point", "coordinates": [24.6832901, 59.4294897]}}, {"type": "Feature", "id": "node/13456521332", "properties": {"id": "node/13456521332", "amenity": "charging_station", "name": "Laadimisjaam Alexela", "operator": "Alexela", "brand": "Laadimisjaam Alexela", "access": "unknown", "capacity": "1", "website": "https://www.alexela.ee"}, "geometry": {"type": "Point", "coordinates": [24.6583203, 59.4066212]}}, {"type": "Feature", "id": "node/13456723002", "properties": {"id": "node/13456723002", "amenity": "charging_station", "name": "Laadimisjaam Elektrum Drive", "access": "yes", "opening_hours": "24/7"}, "geometry": {"type": "Point", "coordinates": [25.1672384, 59.1843687]}}, {"type": "Feature", "id": "node/13456745401", "properties": {"id": "node/13456745401", "amenity": "charging_station", "name": "Laadimisjaam Ignitis ON", "access": "yes", "opening_hours": "24/7"}, "geometry": {"type": "Point", "coordinates": [25.1647484, 59.1836799]}}, {"type": "Feature", "id": "node/13462388786", "properties": {"id": "node/13462388786", "amenity": "charging_station", "access": "yes"}, "geometry": {"type": "Point", "coordinates": [24.4978907, 58.0782982]}}, {"type": "Feature", "id": "node/13463831660", "properties": {"id": "node/13463831660", "amenity": "charging_station", "operator": "Kawe", "access": "yes", "capacity": "2"}, "geometry": {"type": "Point", "coordinates": [24.749028, 59.4234249]}}, {"type": "Feature", "id": "node/13468373657", "properties": {"id": "node/13468373657", "amenity": "charging_station", "access": "yes", "capacity": "2"}, "geometry": {"type": "Point", "coordinates": [24.7572785, 59.4184009]}}, {"type": "Feature", "id": "node/13474103872", "properties": {"id": "node/13474103872", "amenity": "charging_station", "access": "yes"}, "geometry": {"type": "Point", "coordinates": [24.7086294, 59.4370761]}}, {"type": "Feature", "id": "node/13514462545", "properties": {"id": "node/13514462545", "amenity": "charging_station", "operator": "Elektrum Drive", "access": "yes", "fee": "yes", "capacity": "4", "socket:type2_combo": "2;2", "socket:type2_combo:output": "50 kW;150 kW", "website": "https://www.elektrum.ee/ee/elektrum-drive"}, "geometry": {"type": "Point", "coordinates": [24.4438735, 59.4553173]}}, {"type": "Feature", "id": "node/13522115148", "properties": {"id": "node/13522115148", "amenity": "charging_station", "access": "yes", "capacity": "4"}, "geometry": {"type": "Point", "coordinates": [24.736906, 59.4396766]}}, {"type": "Feature", "id": "node/13530430124", "properties": {"id": "node/13530430124", "amenity": "charging_station", "name": "Enefit Volt", "operator": "Enefit", "brand": "Enefit Volt", "access": "yes", "capacity": "2", "socket:type2": "2", "network": "Enefit Volt"}, "geometry": {"type": "Point", "coordinates": [26.4975218, 58.057012]}}, {"type": "Feature", "id": "node/13531419101", "properties": {"id": "node/13531419101", "amenity": "charging_station", "name": "Laadimisjaam Alexela", "access": "yes"}, "geometry": {"type": "Point", "coordinates": [25.158516, 59.1848785]}}, {"type": "Feature", "id": "node/13533923962", "properties": {"id": "node/13533923962", "amenity": "charging_station", "access": "yes"}, "geometry": {"type": "Point", "coordinates": [22.5111797, 58.2640425]}}, {"type": "Feature", "id": "node/13534043170", "properties": {"id": "node/13534043170", "amenity": "charging_station", "name": "Elektrum Drive", "operator": "Elektrum Drive", "brand": "Elektrum Drive", "access": "yes", "fee": "yes", "capacity": "4", "socket:type2_combo": "4", "socket:type2_combo:output": "300 kW"}, "geometry": {"type": "Point", "coordinates": [24.6647825, 59.4126492]}}, {"type": "Feature", "id": "node/13594942428", "properties": {"id": "node/13594942428", "amenity": "charging_station", "name": "Eleport", "operator": "Eleport", "brand": "Eleport", "access": "yes", "capacity": "2"}, "geometry": {"type": "Point", "coordinates": [24.675883, 59.4093741]}}, {"type": "Feature", "id": "node/13620796694", "properties": {"id": "node/13620796694", "amenity": "charging_station", "name": "Ignitis ON", "operator": "Ignitis ON", "brand": "Ignitis ON", "access": "yes", "fee": "yes", "charge": "0.39 EUR/kWh", "capacity": "2", "socket:type2_combo": "2", "socket:type2_combo:output": "200 kW", "ref": "3039"}, "geometry": {"type": "Point", "coordinates": [24.8923368, 59.35419]}}, {"type": "Feature", "id": "node/13682637706", "properties": {"id": "node/13682637706", "amenity": "charging_station", "operator": "Enefit", "access": "yes", "capacity": "4"}, "geometry": {"type": "Point", "coordinates": [24.7301093, 59.4410752]}}, {"type": "Feature", "id": "node/13685036393", "properties": {"id": "node/13685036393", "amenity": "charging_station", "operator": "Ignitis", "access": "yes", "capacity": "2"}, "geometry": {"type": "Point", "coordinates": [24.6994607, 59.4248357]}}, {"type": "Feature", "id": "node/13688557567", "properties": {"id": "node/13688557567", "amenity": "charging_station", "operator": "Elelevi", "access": "yes", "fee": "yes", "capacity": "2"}, "geometry": {"type": "Point", "coordinates": [25.328638, 59.2450189]}}, {"type": "Feature", "id": "node/13689290201", "properties": {"id": "node/13689290201", "amenity": "charging_station", "operator": "Europark", "access": "yes", "fee": "yes", "capacity": "2", "socket:type2": "1", "opening_hours": "24/7"}, "geometry": {"type": "Point", "coordinates": [26.7358559, 58.3744893]}}, {"type": "Feature", "id": "node/13689290202", "properties": {"id": "node/13689290202", "amenity": "charging_station", "operator": "Europark", "access": "yes", "fee": "yes", "capacity": "2", "socket:type2": "1", "opening_hours": "24/7"}, "geometry": {"type": "Point", "coordinates": [26.7356997, 58.3745799]}}, {"type": "Feature", "id": "node/13689292178", "properties": {"id": "node/13689292178", "amenity": "charging_station", "operator": "Lidl", "access": "yes", "fee": "yes", "capacity": "2", "socket:type2": "1", "socket:chademo": "1"}, "geometry": {"type": "Point", "coordinates": [26.7373852, 58.3719887]}}, {"type": "Feature", "id": "node/13697915738", "properties": {"id": "node/13697915738", "amenity": "charging_station", "access": "yes"}, "geometry": {"type": "Point", "coordinates": [26.8699512, 58.9861862]}}, {"type": "Feature", "id": "node/13723239916", "properties": {"id": "node/13723239916", "amenity": "charging_station", "access": "yes", "fee": "yes"}, "geometry": {"type": "Point", "coordinates": [26.7500776, 58.4079277]}}, {"type": "Feature", "id": "node/13738280157", "properties": {"id": "node/13738280157", "amenity": "charging_station", "access": "yes"}, "geometry": {"type": "Point", "coordinates": [24.8800605, 59.4493155]}}, {"type": "Feature", "id": "node/13738338766", "properties": {"id": "node/13738338766", "amenity": "charging_station", "access": "yes"}, "geometry": {"type": "Point", "coordinates": [25.6663222, 57.9938911]}}, {"type": "Feature", "id": "node/13739724352", "properties": {"id": "node/13739724352", "amenity": "charging_station", "name": "Enefit Volt", "operator": "Enefit Volt", "brand": "Enefit Volt", "access": "yes", "fee": "yes", "charge": "0.42 EUR/kWh", "capacity": "2", "socket:type2_combo": "2", "socket:type2_combo:output": "47 kW"}, "geometry": {"type": "Point", "coordinates": [24.750855, 59.4415797]}}, {"type": "Feature", "id": "node/13740230213", "properties": {"id": "node/13740230213", "amenity": "charging_station", "access": "yes", "fee": "yes"}, "geometry": {"type": "Point", "coordinates": [27.2840715, 57.7316887]}}, {"type": "Feature", "id": "node/13744350093", "properties": {"id": "node/13744350093", "amenity": "charging_station", "name": "Alexela", "operator": "Alexela", "brand": "Alexela", "access": "yes", "fee": "yes", "capacity": "2", "socket:type2_combo": "2", "socket:type2_combo:output": "400 kW"}, "geometry": {"type": "Point", "coordinates": [24.8923364, 59.3567436]}}, {"type": "Feature", "id": "node/13746141795", "properties": {"id": "node/13746141795", "amenity": "charging_station", "name": "Elektrum Drive", "operator": "Elektrum Drive", "brand": "Elektrum Drive", "access": "yes", "fee": "yes", "capacity": "2", "socket:type2_combo": "2", "socket:type2_combo:output": "150 kW"}, "geometry": {"type": "Point", "coordinates": [24.7812413, 59.4404613]}}, {"type": "Feature", "id": "node/13755240163", "properties": {"id": "node/13755240163", "amenity": "charging_station", "access": "yes", "capacity": "4", "socket:type2_combo": "2"}, "geometry": {"type": "Point", "coordinates": [24.7582107, 59.4324685]}}, {"type": "Feature", "id": "node/13764123760", "properties": {"id": "node/13764123760", "amenity": "charging_station", "name": "Alexela", "operator": "Alexela", "brand": "Alexela", "access": "yes", "fee": "yes", "capacity": "4"}, "geometry": {"type": "Point", "coordinates": [24.8648215, 59.4430231]}}, {"type": "Feature", "id": "node/13773129982", "properties": {"id": "node/13773129982", "amenity": "charging_station", "access": "yes"}, "geometry": {"type": "Point", "coordinates": [24.8117331, 59.4016888]}}, {"type": "Feature", "id": "node/13775362595", "properties": {"id": "node/13775362595", "amenity": "charging_station", "access": "yes", "fee": "yes", "capacity": "4"}, "geometry": {"type": "Point", "coordinates": [24.8309807, 59.3823164]}}, {"type": "Feature", "id": "node/13781825133", "properties": {"id": "node/13781825133", "amenity": "charging_station", "access": "yes"}, "geometry": {"type": "Point", "coordinates": [24.6405935, 59.4156821]}}, {"type": "Feature", "id": "node/13784830394", "properties": {"id": "node/13784830394", "amenity": "charging_station", "access": "yes"}, "geometry": {"type": "Point", "coordinates": [26.3376562, 59.3654308]}}, {"type": "Feature", "id": "node/13786518524", "properties": {"id": "node/13786518524", "amenity": "charging_station", "operator": "Skeleti", "access": "yes"}, "geometry": {"type": "Point", "coordinates": [26.0335809, 57.6287123]}}, {"type": "Feature", "id": "node/13787198337", "properties": {"id": "node/13787198337", "amenity": "charging_station", "access": "yes", "fee": "yes", "capacity": "2"}, "geometry": {"type": "Point", "coordinates": [27.0377013, 59.3615191]}}, {"type": "Feature", "id": "node/13787230129", "properties": {"id": "node/13787230129", "amenity": "charging_station", "name": "Alexela", "operator": "Alexela", "brand": "Alexela", "access": "yes", "capacity": "5"}, "geometry": {"type": "Point", "coordinates": [24.7516912, 59.433589]}}, {"type": "Feature", "id": "node/13787376111", "properties": {"id": "node/13787376111", "amenity": "charging_station", "access": "yes", "fee": "yes", "capacity": "2"}, "geometry": {"type": "Point", "coordinates": [26.9679938, 59.3647982]}}, {"type": "Feature", "id": "node/13807711859", "properties": {"id": "node/13807711859", "amenity": "charging_station", "operator": "Alexela", "access": "yes"}, "geometry": {"type": "Point", "coordinates": [26.7250695, 58.3798022]}}, {"type": "Feature", "id": "node/13809311917", "properties": {"id": "node/13809311917", "amenity": "charging_station", "access": "yes"}, "geometry": {"type": "Point", "coordinates": [24.8640935, 59.4490277]}}, {"type": "Feature", "id": "node/13811636843", "properties": {"id": "node/13811636843", "amenity": "charging_station", "name": "Ignitis ON", "operator": "Ignitis ON", "brand": "Ignitis ON", "access": "yes", "fee": "yes", "capacity": "2", "socket:type2_combo": "2", "socket:type2_combo:output": "60 kW", "ref": "3009"}, "geometry": {"type": "Point", "coordinates": [24.8120364, 59.4351955]}}, {"type": "Feature", "id": "node/13811646455", "properties": {"id": "node/13811646455", "amenity": "charging_station", "name": "ABB", "operator": "ABB", "brand": "ABB", "access": "no", "capacity": "2"}, "geometry": {"type": "Point", "coordinates": [24.8012996, 59.4341592]}}, {"type": "Feature", "id": "node/13811664365", "properties": {"id": "node/13811664365", "amenity": "charging_station", "name": "ABB", "operator": "ABB", "brand": "ABB", "access": "yes", "capacity": "2", "socket:type2": "2", "socket:type2:output": "22 kW"}, "geometry": {"type": "Point", "coordinates": [24.8004342, 59.4340713]}}, {"type": "Feature", "id": "node/13851281855", "properties": {"id": "node/13851281855", "amenity": "charging_station", "access": "yes"}, "geometry": {"type": "Point", "coordinates": [24.7338718, 59.4382941]}}, {"type": "Feature", "id": "node/13897005234", "properties": {"id": "node/13897005234", "amenity": "charging_station", "access": "yes", "capacity": "2"}, "geometry": {"type": "Point", "coordinates": [24.6589187, 59.3804384]}}, {"type": "Feature", "id": "node/13897275576", "properties": {"id": "node/13897275576", "amenity": "charging_station", "access": "yes"}, "geometry": {"type": "Point", "coordinates": [25.6514178, 59.3177475]}}, {"type": "Feature", "id": "node/13897780508", "properties": {"id": "node/13897780508", "amenity": "charging_station", "name": "Ignitis ON", "operator": "Ignitis ON", "brand": "Ignitis ON", "access": "yes", "fee": "yes", "capacity": "2", "addr:street": "Stacijas iela", "addr:housenumber": "8", "addr:city": "Valmiera"}, "geometry": {"type": "Point", "coordinates": [25.4273943, 57.531987]}}, {"type": "Feature", "id": "node/13897780567", "properties": {"id": "node/13897780567", "amenity": "charging_station", "name": "Elektrum Drive", "operator": "Elektrum", "brand": "Elektrum Drive", "access": "yes", "fee": "yes", "capacity": "2", "addr:street": "Fabrikas iela", "addr:housenumber": "2", "addr:city": "Valmiera"}, "geometry": {"type": "Point", "coordinates": [25.4242448, 57.5336115]}}, {"type": "Feature", "id": "node/13915123813", "properties": {"id": "node/13915123813", "amenity": "charging_station", "operator": "Enefit Volt", "access": "yes", "capacity": "4"}, "geometry": {"type": "Point", "coordinates": [24.716477, 59.3716421]}}, {"type": "Feature", "id": "node/13918302380", "properties": {"id": "node/13918302380", "amenity": "charging_station", "access": "yes"}, "geometry": {"type": "Point", "coordinates": [24.7719969, 59.4396554]}}, {"type": "Feature", "id": "node/13920157277", "properties": {"id": "node/13920157277", "amenity": "charging_station", "name": "Enefit Volt", "operator": "Enefit", "brand": "Enefit Volt", "access": "yes"}, "geometry": {"type": "Point", "coordinates": [27.0657297, 58.0772803]}}, {"type": "Feature", "id": "node/13931087238", "properties": {"id": "node/13931087238", "amenity": "charging_station", "operator": "Terminal AS", "access": "yes", "fee": "yes", "capacity": "2"}, "geometry": {"type": "Point", "coordinates": [27.4190274, 59.3516514]}}, {"type": "Feature", "id": "node/13931714906", "properties": {"id": "node/13931714906", "amenity": "charging_station", "access": "yes", "fee": "yes", "opening_hours": "24/7"}, "geometry": {"type": "Point", "coordinates": [27.3150588, 59.0946595]}}, {"type": "Feature", "id": "node/13941673779", "properties": {"id": "node/13941673779", "amenity": "charging_station", "operator": "Enefit Volt", "access": "yes", "fee": "yes", "capacity": "4", "opening_hours": "24/7"}, "geometry": {"type": "Point", "coordinates": [27.5577694, 59.2892691]}}, {"type": "Feature", "id": "node/13941673780", "properties": {"id": "node/13941673780", "amenity": "charging_station", "operator": "Alexela", "access": "yes", "fee": "yes", "capacity": "2", "opening_hours": "24/7"}, "geometry": {"type": "Point", "coordinates": [27.5577423, 59.2895076]}}, {"type": "Feature", "id": "node/13944575426", "properties": {"id": "node/13944575426", "amenity": "charging_station", "name": "Rapla Muusikakool (CH11213) Kuni 11 kW", "operator": "Enefit Volt", "brand": "Enefit Volt", "access": "yes", "fee": "yes", "charge": "0,42 €/kWh", "capacity": "2", "website": "https://account.enefitvolt.com/findCharger?59.0068117,24.7879133,20z,CH11213,60498st,61685sk", "ref": "CH11213"}, "geometry": {"type": "Point", "coordinates": [24.7878343, 59.0065775]}}, {"type": "Feature", "id": "node/13944609830", "properties": {"id": "node/13944609830", "amenity": "charging_station", "name": "Rapla turg (CH11212) Kuni 47 kW", "operator": "Enefit Volt", "brand": "Enefit Volt", "access": "yes", "fee": "yes", "charge": "0,42 €/kWh", "capacity": "2", "website": "https://account.enefitvolt.com/findCharger?59.0043033,24.7905658,20z,Rapla%20turg,19096si", "ref": "CH11212"}, "geometry": {"type": "Point", "coordinates": [24.7906875, 59.0043477]}}, {"type": "Feature", "id": "node/13947319677", "properties": {"id": "node/13947319677", "amenity": "charging_station", "access": "yes", "fee": "yes", "capacity": "2"}, "geometry": {"type": "Point", "coordinates": [27.172699, 59.3520134]}}, {"type": "Feature", "id": "node/13952179675", "properties": {"id": "node/13952179675", "amenity": "charging_station", "access": "yes", "fee": "yes"}, "geometry": {"type": "Point", "coordinates": [26.5851137, 59.1645456]}}, {"type": "Feature", "id": "node/13965290211", "properties": {"id": "node/13965290211", "amenity": "charging_station", "access": "yes", "capacity": "4"}, "geometry": {"type": "Point", "coordinates": [24.2392867, 59.3784991]}}, {"type": "Feature", "id": "node/13983631319", "properties": {"id": "node/13983631319", "amenity": "charging_station", "access": "yes"}, "geometry": {"type": "Point", "coordinates": [24.7208116, 59.4455057]}}, {"type": "Feature", "id": "node/13988803141", "properties": {"id": "node/13988803141", "amenity": "charging_station", "name": "Ignitis ON", "operator": "Ignitis ON", "brand": "Ignitis ON", "access": "yes", "fee": "yes", "capacity": "2", "addr:street": "Rīgas iela", "addr:housenumber": "46", "addr:city": "Valmiera"}, "geometry": {"type": "Point", "coordinates": [25.4081735, 57.5368047]}}, {"type": "Feature", "id": "node/13990548764", "properties": {"id": "node/13990548764", "amenity": "charging_station", "operator": "Enefit", "access": "yes", "fee": "yes", "capacity": "2"}, "geometry": {"type": "Point", "coordinates": [24.691602, 59.446738]}}, {"type": "Feature", "id": "node/13992668141", "properties": {"id": "node/13992668141", "amenity": "charging_station", "access": "yes"}, "geometry": {"type": "Point", "coordinates": [24.6977149, 59.4296299]}}, {"type": "Feature", "id": "node/14000322868", "properties": {"id": "node/14000322868", "amenity": "charging_station", "access": "yes"}, "geometry": {"type": "Point", "coordinates": [24.8151559, 59.4013568]}}, {"type": "Feature", "id": "node/14011206484", "properties": {"id": "node/14011206484", "amenity": "charging_station", "operator": "Ignitis", "access": "yes"}, "geometry": {"type": "Point", "coordinates": [26.7458371, 58.4080858]}}, {"type": "Feature", "id": "way/1134540542", "properties": {"id": "way/1134540542", "amenity": "charging_station", "access": "yes", "capacity": "1"}, "geometry": {"type": "Point", "coordinates": [24.7319729, 59.4393158]}}, {"type": "Feature", "id": "way/1134540543", "properties": {"id": "way/1134540543", "amenity": "charging_station", "access": "yes", "capacity": "1"}, "geometry": {"type": "Point", "coordinates": [24.7320279, 59.4392714]}}, {"type": "Feature", "id": "way/1199254530", "properties": {"id": "way/1199254530", "amenity": "charging_station", "name": "Neste", "operator": "Neste", "brand": "Neste", "access": "yes", "fee": "yes", "capacity": "4", "socket:type2_combo": "4", "socket:type2_combo:output": "200 kW", "opening_hours": "24/7", "website": "https://jaamad.neste.ee/neste-elektrilaadimine-tallinn-kadaka", "ref": "9519"}, "geometry": {"type": "Point", "coordinates": [24.665081, 59.4113575]}}, {"type": "Feature", "id": "way/1210710953", "properties": {"id": "way/1210710953", "amenity": "charging_station", "access": "yes", "capacity": "4"}, "geometry": {"type": "Point", "coordinates": [24.6474367, 59.4245691]}}, {"type": "Feature", "id": "way/1417028888", "properties": {"id": "way/1417028888", "amenity": "charging_station", "name": "Circle K", "operator": "Circle K", "brand": "Circle K", "access": "yes", "fee": "yes", "capacity": "2", "socket:type2_combo": "2", "socket:type2_combo:output": "300 kW"}, "geometry": {"type": "Point", "coordinates": [26.0482453, 57.7884365]}}, {"type": "Feature", "id": "way/1467812046", "properties": {"id": "way/1467812046", "amenity": "charging_station", "name": "Elektrum Drive", "operator": "Elektrum Drive", "brand": "Elektrum Drive", "access": "yes", "fee": "yes", "capacity": "8", "socket:type2": "4", "socket:type2:output": "22 kW", "socket:type2_combo": "1;2", "socket:type2_combo:output": "50 kW;150 kW", "socket:chademo": "1", "socket:chademo:output": "50 kW"}, "geometry": {"type": "Point", "coordinates": [24.7346322, 59.4405967]}}, {"type": "Feature", "id": "way/1469602780", "properties": {"id": "way/1469602780", "amenity": "charging_station", "name": "Circle K", "operator": "Circle K", "brand": "Circle K", "access": "yes", "fee": "yes", "capacity": "2", "opening_hours": "24/7"}, "geometry": {"type": "Point", "coordinates": [24.6867879, 59.4087734]}}, {"type": "Feature", "id": "way/1472901406", "properties": {"id": "way/1472901406", "amenity": "charging_station", "name": "Alexela", "operator": "Alexela", "brand": "Alexela", "access": "yes", "fee": "yes", "capacity": "6", "socket:type2_combo": "1;1;2", "socket:type2_combo:output": "50 kW;150 kW;400 kW"}, "geometry": {"type": "Point", "coordinates": [24.6871175, 59.4083691]}}, {"type": "Feature", "id": "way/1473391940", "properties": {"id": "way/1473391940", "amenity": "charging_station", "name": "Alexela", "operator": "Alexela", "brand": "Alexela", "access": "yes", "fee": "yes", "capacity": "3", "website": "https://www.alexela.ee/et/nutihaagise-rendipunkt-tanklad-mugavuspoed-balloonigaasi-muugipunktid/kuusalu-tee-50-kuusalu-alevik"}, "geometry": {"type": "Point", "coordinates": [25.4356628, 59.4482834]}}, {"type": "Feature", "id": "way/1474486822", "properties": {"id": "way/1474486822", "amenity": "charging_station", "name": "Enefit Volt", "access": "yes", "fee": "yes", "capacity": "2"}, "geometry": {"type": "Point", "coordinates": [24.6945311, 59.4073377]}}, {"type": "Feature", "id": "way/1475311725", "properties": {"id": "way/1475311725", "amenity": "charging_station", "name": "Enefit Volt", "operator": "Enefit", "brand": "Enefit Volt", "access": "yes", "fee": "yes", "charge": "0.42 EUR/kWh", "capacity": "6"}, "geometry": {"type": "Point", "coordinates": [24.6617994, 59.3977167]}}, {"type": "Feature", "id": "way/1475668882", "properties": {"id": "way/1475668882", "amenity": "charging_station", "name": "Lidl", "operator": "Lidl Eesti OÜ", "brand": "Lidl", "access": "yes", "fee": "yes", "capacity": "2", "socket:type2_combo": "1", "socket:type2_combo:output": "50 kW", "socket:chademo": "1", "socket:chademo:output": "50 kW", "opening_hours": "Mo-Su 08:00-22:00"}, "geometry": {"type": "Point", "coordinates": [24.6570826, 59.4024062]}}, {"type": "Feature", "id": "way/1476928207", "properties": {"id": "way/1476928207", "amenity": "charging_station", "name": "Enefit Volt", "operator": "Enefit", "brand": "Enefit Volt", "access": "yes", "fee": "yes", "charge": "0.42 EUR/kWh", "capacity": "4", "socket:type2": "4", "socket:type2:output": "22 kW", "ref": "CH10169;CH10170"}, "geometry": {"type": "Point", "coordinates": [24.6518911, 59.3930802]}}, {"type": "Feature", "id": "way/1476932605", "properties": {"id": "way/1476932605", "amenity": "charging_station", "name": "Enefit Volt", "operator": "Enefit", "brand": "Enefit Volt", "access": "yes", "fee": "yes", "charge": "0.54 EUR/kWh", "capacity": "2", "socket:type2_combo": "2", "socket:type2_combo:output": "120kW", "ref": "CH10723"}, "geometry": {"type": "Point", "coordinates": [24.6890932, 59.4029496]}}, {"type": "Feature", "id": "way/1477882993", "properties": {"id": "way/1477882993", "amenity": "charging_station", "name": "Enefit Volt", "operator": "Enefit", "brand": "Enefit Volt", "access": "yes", "fee": "yes", "capacity": "6"}, "geometry": {"type": "Point", "coordinates": [26.7420941, 58.3642969]}}, {"type": "Feature", "id": "way/1484323518", "properties": {"id": "way/1484323518", "amenity": "charging_station", "operator": "Alexela", "access": "yes", "fee": "yes", "capacity": "2"}, "geometry": {"type": "Point", "coordinates": [24.6237131, 59.3462344]}}, {"type": "Feature", "id": "way/1484323523", "properties": {"id": "way/1484323523", "amenity": "charging_station", "operator": "Alexela", "access": "yes", "fee": "yes", "capacity": "6"}, "geometry": {"type": "Point", "coordinates": [24.6235068, 59.3453137]}}, {"type": "Feature", "id": "way/1485742828", "properties": {"id": "way/1485742828", "amenity": "charging_station", "name": "eTerminal", "operator": "eTerminal", "brand": "eTerminal", "access": "yes", "fee": "yes", "charge": "0.29 EUR/kWh", "capacity": "2", "socket:type2": "2", "socket:type2:output": "22 kW", "opening_hours": "24/7"}, "geometry": {"type": "Point", "coordinates": [24.6586561, 59.3962945]}}, {"type": "Feature", "id": "way/1493387674", "properties": {"id": "way/1493387674", "amenity": "charging_station", "operator": "Enefit", "access": "yes", "fee": "yes", "charge": "0.54 EUR/kWh", "capacity": "4", "socket:type2_combo": "2", "socket:type2_combo:output": "180 kW", "socket:chademo": "2", "socket:chademo:output": "70 kW", "opening_hours": "24/7", "ref": "CH10053;CH10241"}, "geometry": {"type": "Point", "coordinates": [24.7246109, 59.4277681]}}, {"type": "Feature", "id": "way/1497154074", "properties": {"id": "way/1497154074", "amenity": "charging_station", "operator": "Eleport", "access": "yes", "fee": "yes", "capacity": "6"}, "geometry": {"type": "Point", "coordinates": [24.8318664, 59.3396846]}}, {"type": "Feature", "id": "way/1499622116", "properties": {"id": "way/1499622116", "amenity": "charging_station", "name": "Neste", "operator": "Neste", "brand": "Neste", "access": "yes", "fee": "yes", "capacity": "4", "socket:type2_combo": "4", "socket:type2_combo:output": "300 kW", "website": "https://jaamad.neste.ee/neste-elektrilaadimine-tallinn-paaskula", "ref": "9512"}, "geometry": {"type": "Point", "coordinates": [24.6307807, 59.3604885]}}, {"type": "Feature", "id": "way/1499979830", "properties": {"id": "way/1499979830", "amenity": "charging_station", "name": "Alexela", "operator": "AS Alexela", "brand": "Alexela", "access": "permit", "capacity": "6"}, "geometry": {"type": "Point", "coordinates": [24.6996297, 59.401371]}}, {"type": "Feature", "id": "way/1500304254", "properties": {"id": "way/1500304254", "amenity": "charging_station", "name": "Elektrum Drive", "operator": "Elektrum", "brand": "Elektrum Drive", "access": "yes", "capacity": "2", "socket:type2_combo": "2", "socket:type2_combo:output": "50 kW", "opening_hours": "07:00 - 24:00"}, "geometry": {"type": "Point", "coordinates": [27.0469373, 58.0521434]}}, {"type": "Feature", "id": "way/1500310532", "properties": {"id": "way/1500310532", "amenity": "charging_station", "name": "Elektrum Drive", "operator": "Elektrum", "brand": "Elektrum Drive", "access": "yes", "capacity": "2", "socket:type2_combo": "2", "socket:type2_combo:output": "100 kW"}, "geometry": {"type": "Point", "coordinates": [27.0562824, 58.0549868]}}, {"type": "Feature", "id": "way/1501457556", "properties": {"id": "way/1501457556", "amenity": "charging_station", "name": "Eleport", "operator": "Eleport", "brand": "Eleport", "access": "yes", "fee": "yes", "charge": "0.29 EUR/kWh", "capacity": "2"}, "geometry": {"type": "Point", "coordinates": [24.6582447, 59.3978137]}}, {"type": "Feature", "id": "way/1501483610", "properties": {"id": "way/1501483610", "amenity": "charging_station", "name": "Eleport", "operator": "Eleport", "brand": "Eleport", "access": "yes", "fee": "yes", "charge": "0.46 EUR/kWh", "capacity": "6", "socket:type2_combo": "4", "socket:type2_combo:output": "200 kW", "socket:chademo": "1", "socket:chademo:output": "51 kW"}, "geometry": {"type": "Point", "coordinates": [24.7246389, 59.4259497]}}, {"type": "Feature", "id": "way/1501488648", "properties": {"id": "way/1501488648", "amenity": "charging_station", "name": "Enefit Volt", "operator": "Enefit Volt", "brand": "Enefit Volt", "access": "yes", "fee": "yes", "charge": "0.42 EUR/kWh", "capacity": "4", "socket:type2_combo": "3", "socket:type2_combo:output": "50 kW", "socket:chademo": "1", "socket:chademo:output": "50 kW", "ref": "CH10201;CH10215"}, "geometry": {"type": "Point", "coordinates": [24.7618435, 59.4425795]}}, {"type": "Feature", "id": "way/1502077748", "properties": {"id": "way/1502077748", "amenity": "charging_station", "name": "eTerminal", "operator": "eTerminal", "brand": "eTerminal", "access": "yes", "fee": "yes", "capacity": "3", "socket:type2": "1", "socket:type2_combo": "1", "socket:type2_combo:output": "50 kW", "socket:chademo": "1", "socket:chademo:output": "50 kW"}, "geometry": {"type": "Point", "coordinates": [24.7086762, 59.4149874]}}, {"type": "Feature", "id": "way/1502081428", "properties": {"id": "way/1502081428", "amenity": "charging_station", "name": "eTerminal", "operator": "eTerminal", "brand": "eTerminal", "access": "yes", "fee": "yes", "capacity": "2", "socket:type2_combo": "2", "socket:type2_combo:output": "50 kW"}, "geometry": {"type": "Point", "coordinates": [24.710439, 59.4160722]}}, {"type": "Feature", "id": "way/1502135022", "properties": {"id": "way/1502135022", "amenity": "charging_station", "name": "Enefit Volt", "operator": "Enefit", "brand": "Enefit Volt", "access": "yes", "fee": "yes", "capacity": "4", "socket:type2_combo": "1;2", "socket:type2_combo:output": "50 kW;240 kW", "socket:chademo": "1", "socket:chademo:output": "50 kW", "ref": "CH10077;CH11113"}, "geometry": {"type": "Point", "coordinates": [24.7281798, 59.4026106]}}, {"type": "Feature", "id": "way/1502175062", "properties": {"id": "way/1502175062", "amenity": "charging_station", "name": "Eleport", "operator": "Eleport", "brand": "Eleport", "access": "yes", "fee": "yes", "capacity": "6", "socket:type2_combo": "5", "socket:type2_combo:output": "150 kW", "socket:chademo": "1", "socket:chademo:output": "51 kW"}, "geometry": {"type": "Point", "coordinates": [24.7343384, 59.4407264]}}, {"type": "Feature", "id": "way/1502185344", "properties": {"id": "way/1502185344", "amenity": "charging_station", "name": "Alexela Balti jaama laadimisjaam", "operator": "Alexela", "brand": "Alexela", "access": "yes", "fee": "yes", "capacity": "3", "socket:type2": "1", "socket:type2:output": "22 kW", "opening_hours": "24/7"}, "geometry": {"type": "Point", "coordinates": [24.7365032, 59.4396099]}}, {"type": "Feature", "id": "way/1502927582", "properties": {"id": "way/1502927582", "amenity": "charging_station", "name": "Elektrum Drive", "operator": "Elektrum Drive", "brand": "Elektrum Drive", "access": "customers", "fee": "yes", "capacity": "3", "socket:type2": "2", "socket:type2:output": "22 kW", "ref": "PEETLLEN15001TP2;PEETLLEN15001TP2;PEETLLEN15001TP3"}, "geometry": {"type": "Point", "coordinates": [24.7346803, 59.4290423]}}, {"type": "Feature", "id": "way/1502930111", "properties": {"id": "way/1502930111", "amenity": "charging_station", "name": "VOOL", "operator": "Alexela", "brand": "VOOL", "access": "yes", "capacity": "4"}, "geometry": {"type": "Point", "coordinates": [24.7411277, 59.4270495]}}, {"type": "Feature", "id": "way/1504542192", "properties": {"id": "way/1504542192", "amenity": "charging_station", "name": "Lidl", "operator": "Lidl Eesti OÜ", "brand": "Lidl", "access": "yes", "fee": "yes", "capacity": "2", "socket:type2_combo": "1", "socket:type2_combo:output": "50 kW", "socket:chademo": "1", "socket:chademo:output": "50 kW", "opening_hours": "Mo-Su 08:00-22:00"}, "geometry": {"type": "Point", "coordinates": [24.7085788, 59.413206]}}, {"type": "Feature", "id": "way/1504557968", "properties": {"id": "way/1504557968", "amenity": "charging_station", "name": "Eleport", "operator": "Eleport", "brand": "Eleport", "access": "yes", "fee": "yes", "capacity": "4", "socket:type2": "2", "socket:type2:output": "22 kW", "socket:type2_combo": "2", "socket:type2_combo:output": "100 kW"}, "geometry": {"type": "Point", "coordinates": [24.758921, 59.4326455]}}, {"type": "Feature", "id": "way/1504582814", "properties": {"id": "way/1504582814", "amenity": "charging_station", "name": "Circle K", "operator": "Circle K", "brand": "Circle K", "access": "yes", "fee": "yes", "capacity": "4", "socket:type2_combo": "4", "socket:type2_combo:output": "300 kW", "socket:chademo": "1", "socket:chademo:output": "60 kW"}, "geometry": {"type": "Point", "coordinates": [24.7835392, 59.4242548]}}, {"type": "Feature", "id": "way/1504586291", "properties": {"id": "way/1504586291", "amenity": "charging_station", "name": "Eleport", "operator": "Eleport", "brand": "Eleport", "access": "yes", "fee": "yes", "charge": "0.46 EUR/kWh", "socket:type2_combo": "4", "socket:type2_combo:output": "200 kW"}, "geometry": {"type": "Point", "coordinates": [24.7842182, 59.4259191]}}, {"type": "Feature", "id": "way/1533213488", "properties": {"id": "way/1533213488", "amenity": "charging_station", "operator": "Eleport", "access": "yes", "fee": "yes", "capacity": "4"}, "geometry": {"type": "Point", "coordinates": [24.5633856, 59.431033]}}, {"type": "Feature", "id": "relation/20519440", "properties": {"id": "relation/20519440", "amenity": "charging_station", "name": "Alexela", "operator": "Alexela", "brand": "Alexela", "access": "customers", "capacity": "2", "socket:type2": "1"}, "geometry": {"type": "Point", "coordinates": [24.646613, 59.39828]}}, {"type": "Feature", "id": "parnu-ev-eleport-niidu-18b", "properties": {"id": "parnu-ev-eleport-niidu-18b", "name": "Eleport Niidu 18b", "operator": "Eleport", "access": "yes", "fee": "yes", "capacity": "4", "socket:type2_combo": "2", "socket:type2_combo:output": "200 kW", "addr:street": "Niidu", "addr:housenumber": "18b", "addr:city": "Pärnu", "amenity": "charging_station"}, "geometry": {"type": "Point", "coordinates": [24.5355823, 58.3920974]}}, {"type": "Feature", "id": "parnu-ev-neste-niidu", "properties": {"id": "parnu-ev-neste-niidu", "name": "Neste Niidu (200 kW)", "operator": "Neste", "access": "yes", "fee": "yes", "capacity": "2", "socket:type2_combo": "2", "socket:type2_combo:output": "200 kW", "addr:street": "Niidu", "addr:housenumber": "9", "addr:city": "Pärnu", "amenity": "charging_station"}, "geometry": {"type": "Point", "coordinates": [24.5395274, 58.393453]}}, {"type": "Feature", "id": "parnu-ev-tesla-supercharger-lai", "properties": {"id": "parnu-ev-tesla-supercharger-lai", "name": "Tesla Supercharger Lai", "operator": "Tesla", "access": "yes", "fee": "yes", "capacity": "8", "socket:tesla_supercharger": "8", "socket:tesla_supercharger:output": "250 kW", "addr:street": "Lai", "addr:city": "Pärnu", "amenity": "charging_station"}, "geometry": {"type": "Point", "coordinates": [24.5011423, 58.3876963]}}]}