{"type":"FeatureCollection","name":"parnu_parking_osm_extract","properties":{"source":"OpenStreetMap (amenity=parking extract; Overpass unavailable at build — subset of estonia_parking_master)","lastVerified":"2026-10-02","bbox":[24.45,58.35,24.62,58.43],"note":"gis.parnu.ee ArcGIS Experience Builder map referenced; public FeatureServer not reachable from build env. Zone rules applied in app from official Pärnu city schedule.","gisNote":"gis.parnu.ee Experience Builder parking map referenced; public FeatureServer not reachable. Official zone schedule from parnu.ee/parkimine applied in app."},"features":[{"type":"Feature","properties":{"@id":"relation/5482747","amenity":"parking","capacity":"30","type":"multipolygon","source":"OpenStreetMap (amenity=parking extract; Overpass unavailable at build — subset of estonia_parking_master)","lastVerified":"2026-10-02"},"geometry":{"type":"Polygon","coordinates":[[[24.4964317,58.4286819],[24.4965353,58.4286465],[24.4968866,58.4285427],[24.4972175,58.4284449],[24.497576,58.428784],[24.4975961,58.428803],[24.4971854,58.428931],[24.4968145,58.4290439],[24.4967155,58.4289503],[24.4964317,58.4286819]]]},"id":"relation/5482747"},{"type":"Feature","properties":{"@id":"relation/7309091","access":"yes","amenity":"parking","capacity":"350","fee":"no","parking":"surface","source":"extrapolation","type":"multipolygon","lastVerified":"2026-10-02"},"geometry":{"type":"Polygon","coordinates":[[[24.5496538,58.3709746],[24.5495821,58.3709966],[24.5493648,58.3708835],[24.5493042,58.370852],[24.5487368,58.3705567],[24.5482159,58.3702856],[24.5482942,58.3702455],[24.5483052,58.3702398],[24.5482813,58.3701673],[24.5482919,58.3701108],[24.548359,58.3700607],[24.5485507,58.3699598],[24.5502337,58.3690739],[24.5504598,58.3690535],[24.5505305,58.3690148],[24.5505815,58.3690368],[24.55094,58.3692143],[24.5509797,58.3692344],[24.5502883,58.3695944],[24.5501443,58.369674],[24.5500533,58.3697651],[24.5499826,58.3698815],[24.5493244,58.3702484],[24.5497881,58.3704882],[24.5497743,58.3705723],[24.5495706,58.3707005],[24.5495519,58.3707334],[24.5495943,58.3707726],[24.5501168,58.3710328],[24.5507236,58.3713423],[24.5507106,58.3713758],[24.5514314,58.3716915],[24.5513275,58.3717648],[24.5511749,58.371867],[24.5509388,58.371974],[24.5498562,58.371339],[24.550082,58.37122],[24.5500791,58.3711774],[24.549903,58.3710984],[24.5498567,58.3711012],[24.5498077,58.3711158],[24.5497098,58.3710727],[24.5496416,58.3710388],[24.5496589,58.3710018],[24.5496538,58.3709746]]]},"id":"relation/7309091"},{"type":"Feature","properties":{"@id":"way/24215680","amenity":"parking","source":"OpenStreetMap (amenity=parking extract; Overpass unavailable at build — subset of estonia_parking_master)","lastVerified":"2026-10-02"},"geometry":{"type":"Polygon","coordinates":[[[24.4995134,58.3855738],[24.4995142,58.3855488],[24.4995148,58.3855286],[24.4995287,58.3855286],[24.4995434,58.3855238],[24.4995531,58.3855166],[24.4995638,58.3852697],[24.499563,58.3852528],[24.4995643,58.3852314],[24.4997433,58.3852351],[24.4998792,58.3852363],[24.4998589,58.3855713],[24.4995134,58.3855738]]]},"id":"way/24215680"},{"type":"Feature","properties":{"@id":"way/33418464","amenity":"parking","fee":"no","parking":"surface","source":"OpenStreetMap (amenity=parking extract; Overpass unavailable at build — subset of estonia_parking_master)","lastVerified":"2026-10-02"},"geometry":{"type":"Polygon","coordinates":[[[24.4948712,58.3875265],[24.4946523,58.3873465],[24.4946536,58.3872362],[24.4956288,58.3873327],[24.4955473,58.3875805],[24.4948712,58.3875265]]]},"id":"way/33418464"},{"type":"Feature","properties":{"@id":"way/35833034","access":"customers","amenity":"parking","fee":"no","parking":"surface","source":"survey+extrapolation","surface":"asphalt","lastVerified":"2026-10-02"},"geometry":{"type":"Polygon","coordinates":[[[24.5480559,58.3866043],[24.5490048,58.3863789],[24.5492422,58.3863321],[24.55034,58.3880875],[24.5498525,58.3881933],[24.5498169,58.3881479],[24.5498005,58.388127],[24.5496972,58.3879951],[24.5495895,58.3878578],[24.5494766,58.3877137],[24.5493654,58.387572],[24.549308,58.3874987],[24.5490666,58.387562],[24.5480092,58.3866166],[24.5480559,58.3866043]]]},"id":"way/35833034"},{"type":"Feature","properties":{"@id":"way/64103162","amenity":"parking","capacity":"65","description:et":"Port Arturi parkla","fee":"yes","surface":"ground","source":"OpenStreetMap (amenity=parking extract; Overpass unavailable at build — subset of estonia_parking_master)","lastVerified":"2026-10-02"},"geometry":{"type":"Polygon","coordinates":[[[24.5048856,58.3871249],[24.50369,58.3870982],[24.5037563,58.3869499],[24.503946,58.3865737],[24.5043498,58.3865823],[24.5045769,58.386698],[24.5048562,58.3865421],[24.5049287,58.3865142],[24.5056238,58.3868518],[24.5056085,58.3870119],[24.5048984,58.3869945],[24.5048856,58.3871249]]]},"id":"way/64103162"},{"type":"Feature","properties":{"@id":"way/71434094","access":"yes","amenity":"parking","fee":"no","parking":"surface","surface":"gravel","source":"OpenStreetMap (amenity=parking extract; Overpass unavailable at build — subset of estonia_parking_master)","lastVerified":"2026-10-02"},"geometry":{"type":"Polygon","coordinates":[[[24.4664211,58.3794759],[24.4662627,58.3794284],[24.4660459,58.3793021],[24.4658854,58.3791253],[24.4657248,58.3789948],[24.4658773,58.3789485],[24.4657489,58.3788138],[24.4659121,58.3787715],[24.4664211,58.3794759]]]},"id":"way/71434094"},{"type":"Feature","properties":{"@id":"way/71507831","amenity":"parking","surface":"paved","source":"OpenStreetMap (amenity=parking extract; Overpass unavailable at build — subset of estonia_parking_master)","lastVerified":"2026-10-02"},"geometry":{"type":"Polygon","coordinates":[[[24.4945648,58.3862936],[24.4940144,58.3860641],[24.494017,58.386019],[24.4940195,58.3859743],[24.4946122,58.38599],[24.4945648,58.3862936]]]},"id":"way/71507831"},{"type":"Feature","properties":{"@id":"way/71513467","amenity":"parking","fee":"no","parking":"surface","source":"Maa amet WMS 2010","lastVerified":"2026-10-02"},"geometry":{"type":"Polygon","coordinates":[[[24.5270902,58.373062],[24.5272937,58.37286],[24.5274376,58.3729018],[24.5275893,58.3729422],[24.5273882,58.3731491],[24.5270902,58.373062]]]},"id":"way/71513467"},{"type":"Feature","properties":{"@id":"way/71513470","amenity":"parking","fee":"no","parking":"surface","source":"Maa amet WMS 2010","lastVerified":"2026-10-02"},"geometry":{"type":"Polygon","coordinates":[[[24.5281881,58.3723254],[24.5279652,58.3725546],[24.5277496,58.3724943],[24.5281166,58.3723042],[24.5281881,58.3723254]]]},"id":"way/71513470"},{"type":"Feature","properties":{"@id":"way/71516118","amenity":"parking","fee":"no","parking":"surface","source":"Maa amet WMS 2010","lastVerified":"2026-10-02"},"geometry":{"type":"Polygon","coordinates":[[[24.4920585,58.4052109],[24.4920585,58.4051093],[24.4921649,58.405108],[24.4923051,58.4051077],[24.4927272,58.4051023],[24.4927225,58.4051381],[24.4927264,58.4051971],[24.4926286,58.4051991],[24.4920585,58.4052109]]]},"id":"way/71516118"},{"type":"Feature","properties":{"@id":"way/71516119","amenity":"parking","capacity":"60","fee":"no","parking":"surface","source":"Maa amet WMS 2010","lastVerified":"2026-10-02"},"geometry":{"type":"Polygon","coordinates":[[[24.4906155,58.4046743],[24.490588,58.4040857],[24.4906904,58.4040844],[24.4923579,58.404063],[24.4923704,58.4043311],[24.4923831,58.4046044],[24.4923853,58.4046516],[24.4906155,58.4046743]]]},"id":"way/71516119"},{"type":"Feature","properties":{"@id":"way/71516124","amenity":"parking","fee":"no","parking":"surface","source":"Maa amet WMS 2010","lastVerified":"2026-10-02"},"geometry":{"type":"Polygon","coordinates":[[[24.4905785,58.4038836],[24.490565,58.403593],[24.490564,58.4035712],[24.4906806,58.4035697],[24.490884,58.4035671],[24.491867,58.4035545],[24.4918653,58.4035195],[24.4921988,58.4035152],[24.4926046,58.40351],[24.4926084,58.4035921],[24.492151,58.403598],[24.4921634,58.4038632],[24.4907801,58.403881],[24.4906769,58.4038823],[24.4905785,58.4038836]]]},"id":"way/71516124"},{"type":"Feature","properties":{"@id":"way/71517041","access":"yes","amenity":"parking","capacity":"20","fee":"no","parking":"surface","source":"Maa amet WMS 2010","lastVerified":"2026-10-02"},"geometry":{"type":"Polygon","coordinates":[[[24.4953721,58.4086098],[24.4953369,58.4086533],[24.4949313,58.4087559],[24.4944923,58.4087877],[24.4942821,58.4087984],[24.4940683,58.4088016],[24.4939405,58.4088036],[24.4939391,58.4087513],[24.4938712,58.4087168],[24.4938635,58.4086283],[24.4937521,58.4086273],[24.493719,58.4081887],[24.4937919,58.4081827],[24.493835,58.4081418],[24.4939308,58.4080844],[24.4939361,58.4081408],[24.4939383,58.4081648],[24.4939651,58.4084505],[24.4941078,58.4084488],[24.4941109,58.4084976],[24.4941999,58.4084957],[24.4944428,58.4084905],[24.4944376,58.4084569],[24.4953653,58.408442],[24.4953681,58.4085107],[24.4953721,58.4086098]]]},"id":"way/71517041"},{"type":"Feature","properties":{"@id":"way/73540829","access":"yes","amenity":"parking","fee":"no","parking":"surface","surface":"paved","source":"OpenStreetMap (amenity=parking extract; Overpass unavailable at build — subset of estonia_parking_master)","lastVerified":"2026-10-02"},"geometry":{"type":"Polygon","coordinates":[[[24.540588,58.3663616],[24.5410356,58.3661452],[24.5410622,58.3661604],[24.5414528,58.3663873],[24.5413932,58.3664137],[24.5413949,58.3664686],[24.5412209,58.3665478],[24.541028,58.3664677],[24.540726,58.3663857],[24.540588,58.3663616]]]},"id":"way/73540829"},{"type":"Feature","properties":{"@id":"way/73879385","amenity":"parking","capacity":"30","capacity:disabled":"3","fee":"no","park_ride":"no","parking":"surface","source":"extrapolation","lastVerified":"2026-10-02"},"geometry":{"type":"Polygon","coordinates":[[[24.5520296,58.3684427],[24.5518898,58.3685138],[24.5519515,58.3685445],[24.5518258,58.3686127],[24.5517619,58.3685821],[24.5514558,58.3687452],[24.5510332,58.3689724],[24.5506788,58.368791],[24.5509083,58.3686677],[24.5511084,58.3685601],[24.5513505,58.36843],[24.5515673,58.3683135],[24.5516652,58.3682609],[24.5519884,58.3684197],[24.5520296,58.3684427]]]},"id":"way/73879385"},{"type":"Feature","properties":{"@id":"way/73879404","amenity":"parking","fee":"no","parking":"surface","source":"OpenStreetMap (amenity=parking extract; Overpass unavailable at build — subset of estonia_parking_master)","lastVerified":"2026-10-02"},"geometry":{"type":"Polygon","coordinates":[[[24.5526297,58.3725222],[24.5530378,58.3731293],[24.5527279,58.3732002],[24.5526221,58.3732245],[24.5526058,58.3732119],[24.5518914,58.3726579],[24.5519434,58.3726121],[24.5519887,58.3726072],[24.5526155,58.3724943],[24.5526297,58.3725222]]]},"id":"way/73879404"},{"type":"Feature","properties":{"@id":"way/73879415","amenity":"parking","fee":"no","parking":"surface","source":"OpenStreetMap (amenity=parking extract; Overpass unavailable at build — subset of estonia_parking_master)","lastVerified":"2026-10-02"},"geometry":{"type":"Polygon","coordinates":[[[24.5516617,58.3725016],[24.5511231,58.3721391],[24.5511859,58.3720989],[24.5515439,58.3718701],[24.5516376,58.3718102],[24.5516996,58.371853],[24.552329,58.3722866],[24.5526023,58.372177],[24.5529317,58.3720919],[24.5530044,58.3721775],[24.5530699,58.3722599],[24.552747,58.3723161],[24.5522772,58.3723878],[24.5518229,58.3724755],[24.5516617,58.3725016]]]},"id":"way/73879415"},{"type":"Feature","properties":{"@id":"way/73887693","access":"customers","amenity":"parking","capacity":"30","capacity:disabled":"1","fee":"no","parking":"surface","source":"Maa amet WMS 2010","lastVerified":"2026-10-02"},"geometry":{"type":"Polygon","coordinates":[[[24.4931213,58.4086724],[24.4924436,58.4086867],[24.4924282,58.408576],[24.4924047,58.4084072],[24.4925965,58.4084019],[24.4927959,58.4084014],[24.4927932,58.4081175],[24.4927903,58.4080195],[24.4925962,58.4080202],[24.4924573,58.4080205],[24.4923463,58.4080216],[24.4923268,58.4077951],[24.4929889,58.4077747],[24.4929976,58.4078338],[24.4930891,58.4085078],[24.4931213,58.4086724]]]},"id":"way/73887693"},{"type":"Feature","properties":{"@id":"way/73897852","access":"yes","amenity":"parking","capacity":"25","fee":"no","parking":"surface","source":"OpenStreetMap (amenity=parking extract; Overpass unavailable at build — subset of estonia_parking_master)","lastVerified":"2026-10-02"},"geometry":{"type":"Polygon","coordinates":[[[24.4944413,58.3901726],[24.4944971,58.3899465],[24.4945021,58.3899351],[24.4952322,58.3899835],[24.4951744,58.3902215],[24.4950253,58.3902115],[24.4947097,58.3901905],[24.4944413,58.3901726]]]},"id":"way/73897852"},{"type":"Feature","properties":{"@id":"way/74663561","amenity":"parking","fee":"no","parking":"surface","source":"OpenStreetMap (amenity=parking extract; Overpass unavailable at build — subset of estonia_parking_master)","lastVerified":"2026-10-02"},"geometry":{"type":"Polygon","coordinates":[[[24.4942701,58.392025],[24.4939709,58.3920038],[24.4940279,58.3918162],[24.4943809,58.3918449],[24.4944205,58.3917362],[24.4946416,58.391755],[24.49481,58.3917694],[24.4947973,58.3918292],[24.4945377,58.3918076],[24.4944759,58.3920391],[24.4942701,58.392025]]]},"id":"way/74663561"},{"type":"Feature","properties":{"@id":"way/74663563","access":"yes","amenity":"parking","capacity":"30","description:et":"Sauna parkla","fee":"no","parking":"surface","source":"survey","lastVerified":"2026-10-02"},"geometry":{"type":"Polygon","coordinates":[[[24.4917371,58.391468],[24.4922672,58.3915194],[24.4922891,58.3915215],[24.49231,58.3915927],[24.4911448,58.3918645],[24.49101,58.3918323],[24.4916634,58.3916802],[24.4917371,58.391468]]]},"id":"way/74663563"},{"type":"Feature","properties":{"@id":"way/75408526","amenity":"parking","fee":"no","parking":"surface","source":"Maa-amet WMS 2010","lastVerified":"2026-10-02"},"geometry":{"type":"Polygon","coordinates":[[[24.4859317,58.3989],[24.4859557,58.398811],[24.4864306,58.3988462],[24.4864189,58.3988892],[24.4864065,58.3989304],[24.4859317,58.3989]]]},"id":"way/75408526"},{"type":"Feature","properties":{"@id":"way/75683800","access":"yes","amenity":"parking","capacity:disabled":"4","fee":"no","parking":"surface","source":"OpenStreetMap (amenity=parking extract; Overpass unavailable at build — subset of estonia_parking_master)","lastVerified":"2026-10-02"},"geometry":{"type":"Polygon","coordinates":[[[24.55115,58.3757443],[24.5514821,58.3755955],[24.552605,58.3750723],[24.5527519,58.3760078],[24.5529098,58.3762398],[24.5528912,58.3762474],[24.5527814,58.3762921],[24.5527366,58.3763104],[24.5515779,58.37565],[24.5513332,58.3757622],[24.5512433,58.3758035],[24.55115,58.3757443]]]},"id":"way/75683800"},{"type":"Feature","properties":{"@id":"way/75722782","access":"yes","amenity":"parking","fee":"no","parking":"street_side","source":"OpenStreetMap (amenity=parking extract; Overpass unavailable at build — subset of estonia_parking_master)","lastVerified":"2026-10-02"},"geometry":{"type":"Polygon","coordinates":[[[24.5007034,58.3789122],[24.5014159,58.378599],[24.5016329,58.3784955],[24.5016776,58.3785968],[24.5016259,58.378612],[24.5007334,58.3789625],[24.5007034,58.3789122]]]},"id":"way/75722782"},{"type":"Feature","properties":{"@id":"way/76845120","access":"yes","amenity":"parking","parking":"surface","source":"OpenStreetMap (amenity=parking extract; Overpass unavailable at build — subset of estonia_parking_master)","lastVerified":"2026-10-02"},"geometry":{"type":"Polygon","coordinates":[[[24.4678634,58.3957342],[24.4684163,58.3952593],[24.468642,58.3953337],[24.4681,58.3958053],[24.4680509,58.3957899],[24.4678634,58.3957342]]]},"id":"way/76845120"},{"type":"Feature","properties":{"@id":"way/81244163","amenity":"parking","source":"OpenStreetMap (amenity=parking extract; Overpass unavailable at build — subset of estonia_parking_master)","lastVerified":"2026-10-02"},"geometry":{"type":"Polygon","coordinates":[[[24.4991559,58.3921111],[24.4990965,58.391811],[24.4997628,58.3918911],[24.4996993,58.3919277],[24.4996465,58.3919581],[24.4991559,58.3921111]]]},"id":"way/81244163"},{"type":"Feature","properties":{"@id":"way/81244165","amenity":"parking","source":"OpenStreetMap (amenity=parking extract; Overpass unavailable at build — subset of estonia_parking_master)","lastVerified":"2026-10-02"},"geometry":{"type":"Polygon","coordinates":[[[24.4982111,58.391566],[24.4982314,58.3915198],[24.4982496,58.3914751],[24.4992835,58.3914501],[24.4991755,58.3916693],[24.4982111,58.391566]]]},"id":"way/81244165"},{"type":"Feature","properties":{"@id":"way/90285494","amenity":"parking","source":"OpenStreetMap (amenity=parking extract; Overpass unavailable at build — subset of estonia_parking_master)","lastVerified":"2026-10-02"},"geometry":{"type":"Polygon","coordinates":[[[24.4989248,58.3874274],[24.4985573,58.3874147],[24.4986329,58.3870339],[24.4989928,58.3870471],[24.4989248,58.3874274]]]},"id":"way/90285494"},{"type":"Feature","properties":{"@id":"way/90286272","amenity":"parking","source":"OpenStreetMap (amenity=parking extract; Overpass unavailable at build — subset of estonia_parking_master)","lastVerified":"2026-10-02"},"geometry":{"type":"Polygon","coordinates":[[[24.5459873,58.3690442],[24.5453079,58.3686817],[24.5453016,58.3685519],[24.545644,58.3683608],[24.5461224,58.3681124],[24.5461522,58.3680969],[24.546243,58.3680497],[24.5464077,58.3679642],[24.5465519,58.3680429],[24.545825,58.3684164],[24.5465147,58.3687813],[24.5463435,58.3688746],[24.5459873,58.3690442]]]},"id":"way/90286272"},{"type":"Feature","properties":{"@id":"way/97747583","access":"yes","amenity":"parking","capacity":"30","parking":"surface","source":"OpenStreetMap (amenity=parking extract; Overpass unavailable at build — subset of estonia_parking_master)","lastVerified":"2026-10-02"},"geometry":{"type":"Polygon","coordinates":[[[24.5120369,58.382105],[24.5125057,58.3824029],[24.5120666,58.3826472],[24.5115026,58.382309],[24.5120369,58.382105]]]},"id":"way/97747583"},{"type":"Feature","properties":{"@id":"way/97753251","amenity":"parking","parking":"street_side","source":"OpenStreetMap (amenity=parking extract; Overpass unavailable at build — subset of estonia_parking_master)","lastVerified":"2026-10-02"},"geometry":{"type":"Polygon","coordinates":[[[24.5092474,58.3823608],[24.5087123,58.3819182],[24.508764,58.3818995],[24.5092973,58.3823356],[24.5092474,58.3823608]]]},"id":"way/97753251"},{"type":"Feature","properties":{"@id":"way/97753255","amenity":"parking","parking":"street_side","source":"OpenStreetMap (amenity=parking extract; Overpass unavailable at build — subset of estonia_parking_master)","lastVerified":"2026-10-02"},"geometry":{"type":"Polygon","coordinates":[[[24.5105366,58.3818568],[24.5092963,58.3809984],[24.5093353,58.3809844],[24.5097457,58.3812712],[24.5105692,58.3818464],[24.5105366,58.3818568]]]},"id":"way/97753255"},{"type":"Feature","properties":{"@id":"way/97753260","amenity":"parking","capacity":"10","parking":"street_side","source":"OpenStreetMap (amenity=parking extract; Overpass unavailable at build — subset of estonia_parking_master)","lastVerified":"2026-10-02"},"geometry":{"type":"Polygon","coordinates":[[[24.510095,58.3822363],[24.5100558,58.3822045],[24.5106005,58.3819818],[24.5106453,58.3820132],[24.5104774,58.3820808],[24.510095,58.3822363]]]},"id":"way/97753260"},{"type":"Feature","properties":{"@id":"way/97759702","amenity":"parking","source":"OpenStreetMap (amenity=parking extract; Overpass unavailable at build — subset of estonia_parking_master)","lastVerified":"2026-10-02"},"geometry":{"type":"Polygon","coordinates":[[[24.4849398,58.3936079],[24.485286,58.3935055],[24.4853175,58.3935226],[24.4850158,58.393621],[24.4849398,58.3936079]]]},"id":"way/97759702"},{"type":"Feature","properties":{"@id":"way/114551625","access":"yes","amenity":"parking","capacity":"40","fee":"no","source":"extrapolation","lastVerified":"2026-10-02"},"geometry":{"type":"Polygon","coordinates":[[[24.5444847,58.3745899],[24.5443049,58.3746873],[24.5442142,58.3747246],[24.5433297,58.3742747],[24.5436784,58.3740914],[24.5444292,58.3744728],[24.5443441,58.3745182],[24.5444847,58.3745899]]]},"id":"way/114551625"},{"type":"Feature","properties":{"@id":"way/218469208","amenity":"parking","fee":"yes","parking":"surface","source":"OpenStreetMap (amenity=parking extract; Overpass unavailable at build — subset of estonia_parking_master)","lastVerified":"2026-10-02"},"geometry":{"type":"Polygon","coordinates":[[[24.5045353,58.3849105],[24.5043802,58.3852459],[24.5041798,58.3856958],[24.5040641,58.3857148],[24.5044216,58.3849232],[24.5045353,58.3849105]]]},"id":"way/218469208"},{"type":"Feature","properties":{"@id":"way/218469209","amenity":"parking","source":"OpenStreetMap (amenity=parking extract; Overpass unavailable at build — subset of estonia_parking_master)","lastVerified":"2026-10-02"},"geometry":{"type":"Polygon","coordinates":[[[24.5044061,58.3847043],[24.5044551,58.3839524],[24.5045722,58.3839434],[24.5044779,58.3847764],[24.5044061,58.3847043]]]},"id":"way/218469209"},{"type":"Feature","properties":{"@id":"way/232423225","amenity":"parking","parking":"surface","source":"OpenStreetMap (amenity=parking extract; Overpass unavailable at build — subset of estonia_parking_master)","lastVerified":"2026-10-02"},"geometry":{"type":"Polygon","coordinates":[[[24.5356587,58.3708103],[24.5357509,58.3707156],[24.5359114,58.3707586],[24.5361081,58.3708113],[24.536076,58.3708443],[24.5360158,58.370906],[24.5356587,58.3708103]]]},"id":"way/232423225"},{"type":"Feature","properties":{"@id":"way/232633987","amenity":"parking","parking":"surface","source":"OpenStreetMap (amenity=parking extract; Overpass unavailable at build — subset of estonia_parking_master)","lastVerified":"2026-10-02"},"geometry":{"type":"Polygon","coordinates":[[[24.5246346,58.3742175],[24.5246594,58.3741427],[24.5246795,58.3740819],[24.5258739,58.3742596],[24.5265033,58.374363],[24.5264368,58.3745042],[24.5246346,58.3742175]]]},"id":"way/232633987"},{"type":"Feature","properties":{"@id":"way/232693001","amenity":"parking","parking":"surface","source":"OpenStreetMap (amenity=parking extract; Overpass unavailable at build — subset of estonia_parking_master)","lastVerified":"2026-10-02"},"geometry":{"type":"Polygon","coordinates":[[[24.5345963,58.3715967],[24.5345059,58.3716869],[24.5342758,58.3716234],[24.5343662,58.3715333],[24.5345963,58.3715967]]]},"id":"way/232693001"},{"type":"Feature","properties":{"@id":"way/262538806","amenity":"parking","fee":"no","parking":"surface","source":"maaameti ortofoto 2014","lastVerified":"2026-10-02"},"geometry":{"type":"Polygon","coordinates":[[[24.504654,58.388247],[24.505459,58.38826],[24.5054102,58.3885893],[24.5053572,58.3889465],[24.504487,58.388952],[24.504513,58.388889],[24.504209,58.388854],[24.504183,58.388917],[24.5033725,58.3888364],[24.5034921,58.3885118],[24.5035336,58.388516],[24.503541,58.3884959],[24.5035606,58.3884426],[24.5035894,58.3883886],[24.5042221,58.3883989],[24.5044567,58.3884061],[24.5046325,58.3884115],[24.504654,58.388247]]]},"id":"way/262538806"},{"type":"Feature","properties":{"@id":"way/262547050","amenity":"parking","parking":"surface","source":"Maaameti ortofoto 2014","supervised":"no","lastVerified":"2026-10-02"},"geometry":{"type":"Polygon","coordinates":[[[24.5369818,58.383937],[24.5366847,58.3840532],[24.5366246,58.3840783],[24.5364507,58.3839587],[24.5367935,58.3838238],[24.5369818,58.383937]]]},"id":"way/262547050"},{"type":"Feature","properties":{"@id":"way/264141690","amenity":"parking","source":"OpenStreetMap (amenity=parking extract; Overpass unavailable at build — subset of estonia_parking_master)","lastVerified":"2026-10-02"},"geometry":{"type":"Polygon","coordinates":[[[24.4945057,58.392701],[24.49449,58.3927966],[24.4944852,58.3928153],[24.4944371,58.3928135],[24.4943948,58.3928119],[24.4940764,58.3927993],[24.4941239,58.3926131],[24.4943969,58.3926319],[24.4945057,58.392701]]]},"id":"way/264141690"},{"type":"Feature","properties":{"@id":"way/298272704","amenity":"parking","source":"OpenStreetMap (amenity=parking extract; Overpass unavailable at build — subset of estonia_parking_master)","lastVerified":"2026-10-02"},"geometry":{"type":"Polygon","coordinates":[[[24.4661673,58.4220295],[24.4653759,58.4214442],[24.4655522,58.4213789],[24.4655881,58.4214054],[24.4658585,58.4213052],[24.4666138,58.421864],[24.4661673,58.4220295]]]},"id":"way/298272704"},{"type":"Feature","properties":{"@id":"way/302400158","amenity":"parking","source":"OpenStreetMap (amenity=parking extract; Overpass unavailable at build — subset of estonia_parking_master)","lastVerified":"2026-10-02"},"geometry":{"type":"Polygon","coordinates":[[[24.5785362,58.3608633],[24.5792017,58.3610136],[24.5792263,58.3611041],[24.5793249,58.3611283],[24.5792853,58.3611617],[24.5790267,58.3611017],[24.5784753,58.3609738],[24.5785362,58.3608633]]]},"id":"way/302400158"},{"type":"Feature","properties":{"@id":"way/360700827","amenity":"parking","parking":"surface","source":"OpenStreetMap (amenity=parking extract; Overpass unavailable at build — subset of estonia_parking_master)","lastVerified":"2026-10-02"},"geometry":{"type":"Polygon","coordinates":[[[24.5191998,58.4006253],[24.5195539,58.4009654],[24.5192588,58.4009795],[24.5189755,58.400714],[24.5191998,58.4006253]]]},"id":"way/360700827"},{"type":"Feature","properties":{"@id":"way/367264472","amenity":"parking","parking":"surface","wheelchair":"yes","source":"OpenStreetMap (amenity=parking extract; Overpass unavailable at build — subset of estonia_parking_master)","lastVerified":"2026-10-02"},"geometry":{"type":"Polygon","coordinates":[[[24.4958959,58.3860983],[24.495899,58.3860044],[24.4959183,58.3859408],[24.4959659,58.3858938],[24.4960368,58.3858638],[24.4961641,58.3858352],[24.4962906,58.3858386],[24.4964085,58.3858673],[24.4969533,58.3858878],[24.4970279,58.385901],[24.4970708,58.3859248],[24.4970934,58.3859617],[24.4970956,58.3859888],[24.4970855,58.3860281],[24.4970681,58.3861261],[24.4958959,58.3860983]]]},"id":"way/367264472"},{"type":"Feature","properties":{"@id":"way/383609589","amenity":"parking","fee":"no","parking":"surface","surface":"asphalt","source":"OpenStreetMap (amenity=parking extract; Overpass unavailable at build — subset of estonia_parking_master)","lastVerified":"2026-10-02"},"geometry":{"type":"Polygon","coordinates":[[[24.5778269,58.3573273],[24.5775587,58.3574849],[24.5774675,58.3576115],[24.5773709,58.3577213],[24.5772796,58.3576989],[24.57721,58.3576819],[24.5772132,58.3576685],[24.5772261,58.3576144],[24.5769847,58.3575271],[24.5775265,58.3571472],[24.5778269,58.3573273]]]},"id":"way/383609589"},{"type":"Feature","properties":{"@id":"way/402023639","access":"customers","amenity":"parking","description:et":"Hedon SPA parkla","source":"OpenStreetMap (amenity=parking extract; Overpass unavailable at build — subset of estonia_parking_master)","lastVerified":"2026-10-02"},"geometry":{"type":"Polygon","coordinates":[[[24.4951987,58.3756491],[24.4947364,58.3757935],[24.4947164,58.3757991],[24.4943954,58.3755532],[24.494876,58.3753779],[24.4951987,58.3756491]]]},"id":"way/402023639"},{"type":"Feature","properties":{"@id":"way/417176388","amenity":"parking","fee:conditional":"yes @ (Mo-Su 08:00-18:00)","supervised":"no","surface":"asphalt","wheelchair":"yes","source":"OpenStreetMap (amenity=parking extract; Overpass unavailable at build — subset of estonia_parking_master)","lastVerified":"2026-10-02"},"geometry":{"type":"Polygon","coordinates":[[[24.5080944,58.3724527],[24.507813,58.3724518],[24.5078201,58.372075],[24.5079535,58.3720723],[24.5080497,58.372076],[24.5081015,58.372075],[24.5080944,58.3724527]]]},"id":"way/417176388"},{"type":"Feature","properties":{"@id":"way/425910057","access":"yes","amenity":"parking","fee":"yes","parking":"surface","source":"OpenStreetMap (amenity=parking extract; Overpass unavailable at build — subset of estonia_parking_master)","lastVerified":"2026-10-02"},"geometry":{"type":"Polygon","coordinates":[[[24.4880285,58.3847612],[24.4880728,58.3847276],[24.4881229,58.3846896],[24.4882397,58.3846372],[24.4885634,58.3848246],[24.4885775,58.3849368],[24.4884931,58.3850165],[24.4883044,58.3850741],[24.4881186,58.3850564],[24.4879328,58.3850062],[24.4877638,58.3849575],[24.4878486,58.3848893],[24.487882,58.3848597],[24.4879215,58.3848246],[24.4880108,58.3848521],[24.4881017,58.3848801],[24.4882284,58.3849191],[24.4881918,58.384956],[24.4882706,58.3849693],[24.4883467,58.3849398],[24.4883692,58.3848896],[24.4883241,58.3848483],[24.4882594,58.3848793],[24.4881598,58.3848284],[24.4880823,58.3847887],[24.4880285,58.3847612]]]},"id":"way/425910057"},{"type":"Feature","properties":{"@id":"way/426955870","access":"customers","amenity":"parking","parking":"surface","surface":"asphalt","source":"OpenStreetMap (amenity=parking extract; Overpass unavailable at build — subset of estonia_parking_master)","lastVerified":"2026-10-02"},"geometry":{"type":"Polygon","coordinates":[[[24.4605518,58.3941004],[24.4603803,58.3939766],[24.4611511,58.3936796],[24.4611898,58.3936962],[24.461415,58.3936058],[24.4616016,58.3935523],[24.4618691,58.3937294],[24.4618409,58.3938696],[24.4618303,58.3938991],[24.4616185,58.3939702],[24.4613638,58.3937861],[24.4607617,58.3940149],[24.4605518,58.3941004]]]},"id":"way/426955870"},{"type":"Feature","properties":{"@id":"way/426961905","amenity":"parking","parking":"surface","source":"OpenStreetMap (amenity=parking extract; Overpass unavailable at build — subset of estonia_parking_master)","lastVerified":"2026-10-02"},"geometry":{"type":"Polygon","coordinates":[[[24.4576698,58.3959604],[24.4576278,58.3960543],[24.4575894,58.3961358],[24.4571108,58.3960618],[24.4571199,58.3960084],[24.4567293,58.3960321],[24.4562701,58.3955264],[24.4579913,58.3948351],[24.458076,58.3948949],[24.4583503,58.395102],[24.4577638,58.395341],[24.4574533,58.3954776],[24.4572979,58.3955459],[24.4576698,58.3959604]]]},"id":"way/426961905"},{"type":"Feature","properties":{"@id":"way/440437567","amenity":"parking","fee":"yes","source":"OpenStreetMap (amenity=parking extract; Overpass unavailable at build — subset of estonia_parking_master)","lastVerified":"2026-10-02"},"geometry":{"type":"Polygon","coordinates":[[[24.5025741,58.387538],[24.5025973,58.3873484],[24.5031846,58.3873671],[24.5031403,58.3874386],[24.5030678,58.3876402],[24.5028735,58.3875975],[24.5028747,58.3875508],[24.5025741,58.387538]]]},"id":"way/440437567"},{"type":"Feature","properties":{"@id":"way/452690266","amenity":"parking","source":"OpenStreetMap (amenity=parking extract; Overpass unavailable at build — subset of estonia_parking_master)","lastVerified":"2026-10-02"},"geometry":{"type":"Polygon","coordinates":[[[24.5060273,58.4064502],[24.505928,58.4063999],[24.5058303,58.4063513],[24.5058042,58.4062489],[24.5062064,58.406219],[24.5062161,58.4062588],[24.5062227,58.406286],[24.5062276,58.4063061],[24.5062325,58.4063265],[24.5060273,58.4064502]]]},"id":"way/452690266"},{"type":"Feature","properties":{"@id":"way/590719179","amenity":"parking","parking":"surface","source":"OpenStreetMap (amenity=parking extract; Overpass unavailable at build — subset of estonia_parking_master)","lastVerified":"2026-10-02"},"geometry":{"type":"Polygon","coordinates":[[[24.5342267,58.3741679],[24.533573,58.3738161],[24.5336181,58.373793],[24.5342718,58.3741448],[24.5342267,58.3741679]]]},"id":"way/590719179"},{"type":"Feature","properties":{"@id":"way/590719195","amenity":"parking","parking":"surface","source":"OpenStreetMap (amenity=parking extract; Overpass unavailable at build — subset of estonia_parking_master)","lastVerified":"2026-10-02"},"geometry":{"type":"Polygon","coordinates":[[[24.5425345,58.3707558],[24.5424104,58.3706893],[24.5415744,58.3702413],[24.5416542,58.3702003],[24.5426144,58.3707148],[24.5425345,58.3707558]]]},"id":"way/590719195"},{"type":"Feature","properties":{"@id":"way/590719196","amenity":"parking","parking":"surface","source":"OpenStreetMap (amenity=parking extract; Overpass unavailable at build — subset of estonia_parking_master)","lastVerified":"2026-10-02"},"geometry":{"type":"Polygon","coordinates":[[[24.541507,58.3702827],[24.542322,58.3707357],[24.5424392,58.3708009],[24.5423755,58.3708324],[24.5414433,58.3703142],[24.541507,58.3702827]]]},"id":"way/590719196"},{"type":"Feature","properties":{"@id":"way/590719197","access":"yes","amenity":"parking","capacity":"40","parking":"surface","source":"OpenStreetMap (amenity=parking extract; Overpass unavailable at build — subset of estonia_parking_master)","lastVerified":"2026-10-02"},"geometry":{"type":"Polygon","coordinates":[[[24.5421997,58.3697134],[24.5436365,58.3689404],[24.5436953,58.3689705],[24.5424466,58.3696424],[24.5422586,58.3697435],[24.5421997,58.3697134]]]},"id":"way/590719197"},{"type":"Feature","properties":{"@id":"way/590719238","amenity":"parking","parking":"surface","source":"OpenStreetMap (amenity=parking extract; Overpass unavailable at build — subset of estonia_parking_master)","lastVerified":"2026-10-02"},"geometry":{"type":"Polygon","coordinates":[[[24.5607588,58.3636094],[24.5609747,58.3634929],[24.5610189,58.3635154],[24.5614204,58.3632988],[24.5614908,58.3633276],[24.5610451,58.3635728],[24.5609998,58.3635497],[24.5608258,58.3636436],[24.5607588,58.3636094]]]},"id":"way/590719238"},{"type":"Feature","properties":{"@id":"way/618622240","amenity":"parking","source":"OpenStreetMap (amenity=parking extract; Overpass unavailable at build — subset of estonia_parking_master)","lastVerified":"2026-10-02"},"geometry":{"type":"Polygon","coordinates":[[[24.5478413,58.3680799],[24.5473424,58.3683348],[24.5470791,58.368193],[24.547237,58.3681124],[24.5472397,58.3680706],[24.5475395,58.3679174],[24.5478413,58.3680799]]]},"id":"way/618622240"},{"type":"Feature","properties":{"@id":"way/618622251","amenity":"parking","source":"OpenStreetMap (amenity=parking extract; Overpass unavailable at build — subset of estonia_parking_master)","lastVerified":"2026-10-02"},"geometry":{"type":"Polygon","coordinates":[[[24.5493022,58.3673614],[24.5482661,58.3668244],[24.5484119,58.366747],[24.5494473,58.3672883],[24.5493603,58.3673321],[24.5493273,58.3673487],[24.5493022,58.3673614]]]},"id":"way/618622251"},{"type":"Feature","properties":{"@id":"way/618622253","amenity":"parking","source":"OpenStreetMap (amenity=parking extract; Overpass unavailable at build — subset of estonia_parking_master)","lastVerified":"2026-10-02"},"geometry":{"type":"Polygon","coordinates":[[[24.5487882,58.3676266],[24.5484419,58.3674454],[24.5486521,58.3673348],[24.5489984,58.367516],[24.5488131,58.3676135],[24.5487882,58.3676266]]]},"id":"way/618622253"},{"type":"Feature","properties":{"@id":"way/618798997","access":"yes","amenity":"parking","fee":"yes","parking":"surface","source":"OpenStreetMap (amenity=parking extract; Overpass unavailable at build — subset of estonia_parking_master)","lastVerified":"2026-10-02"},"geometry":{"type":"Polygon","coordinates":[[[24.5034645,58.3878088],[24.5034795,58.3876656],[24.5041567,58.3876867],[24.5042217,58.3876888],[24.5054312,58.3877265],[24.5055045,58.38726],[24.5057729,58.3872604],[24.505744,58.3874875],[24.5057202,58.3877469],[24.5056693,58.3878189],[24.5055594,58.3878735],[24.5034645,58.3878088]]]},"id":"way/618798997"},{"type":"Feature","properties":{"@id":"way/618799018","amenity":"parking","parking":"surface","source":"OpenStreetMap (amenity=parking extract; Overpass unavailable at build — subset of estonia_parking_master)","lastVerified":"2026-10-02"},"geometry":{"type":"Polygon","coordinates":[[[24.5030065,58.3886172],[24.5028645,58.3886098],[24.5027659,58.3887406],[24.502313,58.3887019],[24.5023852,58.3883308],[24.50239,58.3883062],[24.5030308,58.3883304],[24.5030614,58.3883645],[24.5030885,58.3883946],[24.5030065,58.3886172]]]},"id":"way/618799018"},{"type":"Feature","properties":{"@id":"way/618821905","amenity":"parking","parking":"surface","surface":"asphalt","source":"OpenStreetMap (amenity=parking extract; Overpass unavailable at build — subset of estonia_parking_master)","lastVerified":"2026-10-02"},"geometry":{"type":"Polygon","coordinates":[[[24.5122051,58.3733787],[24.5120512,58.3733555],[24.5118925,58.3733534],[24.5115936,58.3733304],[24.5117339,58.3728078],[24.5117706,58.3727742],[24.5118791,58.3727808],[24.5122386,58.3728078],[24.5123679,58.3728189],[24.5122549,58.3733598],[24.5122051,58.3733787]]]},"id":"way/618821905"},{"type":"Feature","properties":{"@id":"way/618821908","amenity":"parking","parking":"surface","surface":"asphalt","source":"OpenStreetMap (amenity=parking extract; Overpass unavailable at build — subset of estonia_parking_master)","lastVerified":"2026-10-02"},"geometry":{"type":"Polygon","coordinates":[[[24.5118945,58.3736546],[24.5120408,58.3736866],[24.5119799,58.3737293],[24.5118629,58.3737918],[24.5117847,58.3738081],[24.5115977,58.3737953],[24.5113375,58.3737996],[24.5111139,58.3738316],[24.5109066,58.3738977],[24.5107927,58.373968],[24.5106626,58.3740533],[24.5105569,58.3740703],[24.5103618,58.3740043],[24.510435,58.373936],[24.5105773,58.3738572],[24.5107236,58.3737762],[24.5109228,58.3737165],[24.5111058,58.373676],[24.5113294,58.3736397],[24.5116587,58.3736291],[24.5118945,58.3736546]]]},"id":"way/618821908"},{"type":"Feature","properties":{"@id":"way/618821909","amenity":"parking","capacity":"6","parking":"surface","surface":"asphalt","source":"OpenStreetMap (amenity=parking extract; Overpass unavailable at build — subset of estonia_parking_master)","lastVerified":"2026-10-02"},"geometry":{"type":"Polygon","coordinates":[[[24.5119398,58.3734207],[24.5119144,58.3735724],[24.5117349,58.3735641],[24.5115803,58.373557],[24.5115637,58.3734682],[24.5115777,58.3734004],[24.5118753,58.3734177],[24.5119398,58.3734207]]]},"id":"way/618821909"},{"type":"Feature","properties":{"@id":"way/618955312","access":"yes","amenity":"parking","capacity":"40","parking":"surface","surface":"asphalt","source":"OpenStreetMap (amenity=parking extract; Overpass unavailable at build — subset of estonia_parking_master)","lastVerified":"2026-10-02"},"geometry":{"type":"Polygon","coordinates":[[[24.5465561,58.3710512],[24.5463653,58.3709322],[24.5469841,58.3706389],[24.547327,58.3704782],[24.5474082,58.3705211],[24.5470683,58.3706884],[24.547107,58.3707294],[24.5471718,58.3707731],[24.5465561,58.3710512]]]},"id":"way/618955312"},{"type":"Feature","properties":{"@id":"way/618955317","amenity":"parking","source":"OpenStreetMap (amenity=parking extract; Overpass unavailable at build — subset of estonia_parking_master)","lastVerified":"2026-10-02"},"geometry":{"type":"Polygon","coordinates":[[[24.5445574,58.3732135],[24.5444325,58.3732714],[24.5442362,58.3733633],[24.5440214,58.373235],[24.5443426,58.3730861],[24.5445574,58.3732135]]]},"id":"way/618955317"},{"type":"Feature","properties":{"@id":"way/618955319","amenity":"parking","source":"OpenStreetMap (amenity=parking extract; Overpass unavailable at build — subset of estonia_parking_master)","lastVerified":"2026-10-02"},"geometry":{"type":"Polygon","coordinates":[[[24.5446237,58.3731834],[24.5443936,58.3730549],[24.5448176,58.3728461],[24.5450478,58.3729747],[24.5449669,58.3730145],[24.5446237,58.3731834]]]},"id":"way/618955319"},{"type":"Feature","properties":{"@id":"way/618955321","amenity":"parking","source":"OpenStreetMap (amenity=parking extract; Overpass unavailable at build — subset of estonia_parking_master)","lastVerified":"2026-10-02"},"geometry":{"type":"Polygon","coordinates":[[[24.5427372,58.3734779],[24.5425497,58.373387],[24.5432257,58.3730292],[24.5434051,58.3731273],[24.543621,58.3730212],[24.5440214,58.373235],[24.5442362,58.3733633],[24.5440189,58.3734702],[24.5432556,58.3738487],[24.5431899,58.3738183],[24.5431288,58.3737901],[24.5438629,58.373418],[24.5437108,58.3733351],[24.5432599,58.3735538],[24.5429566,58.3733739],[24.5427372,58.3734779]]]},"id":"way/618955321"},{"type":"Feature","properties":{"@id":"way/618955325","amenity":"parking","source":"OpenStreetMap (amenity=parking extract; Overpass unavailable at build — subset of estonia_parking_master)","lastVerified":"2026-10-02"},"geometry":{"type":"Polygon","coordinates":[[[24.5442375,58.3740679],[24.5440569,58.3739688],[24.544163,58.3739156],[24.5450057,58.3734884],[24.5451873,58.3735869],[24.5443403,58.3740163],[24.5442375,58.3740679]]]},"id":"way/618955325"},{"type":"Feature","properties":{"@id":"way/618955326","access":"customers","amenity":"parking","parking":"surface","source":"OpenStreetMap (amenity=parking extract; Overpass unavailable at build — subset of estonia_parking_master)","lastVerified":"2026-10-02"},"geometry":{"type":"Polygon","coordinates":[[[24.5529352,58.3756648],[24.5529079,58.3756154],[24.552958,58.3755772],[24.5529293,58.375529],[24.5536135,58.3754093],[24.5536615,58.3755136],[24.5536802,58.3755482],[24.5529352,58.3756648]]]},"id":"way/618955326"},{"type":"Feature","properties":{"@id":"way/618962924","amenity":"parking","parking":"street_side","source":"OpenStreetMap (amenity=parking extract; Overpass unavailable at build — subset of estonia_parking_master)","lastVerified":"2026-10-02"},"geometry":{"type":"Polygon","coordinates":[[[24.5064374,58.3853869],[24.5062429,58.3853852],[24.5062858,58.3851091],[24.5063036,58.3849943],[24.5064895,58.3850043],[24.5064374,58.3853869]]]},"id":"way/618962924"},{"type":"Feature","properties":{"@id":"way/618970437","amenity":"parking","source":"OpenStreetMap (amenity=parking extract; Overpass unavailable at build — subset of estonia_parking_master)","lastVerified":"2026-10-02"},"geometry":{"type":"Polygon","coordinates":[[[24.4753955,58.3937038],[24.475794,58.3935723],[24.4759428,58.3936961],[24.4755443,58.3938277],[24.4753955,58.3937038]]]},"id":"way/618970437"},{"type":"Feature","properties":{"@id":"way/618974088","amenity":"parking","source":"OpenStreetMap (amenity=parking extract; Overpass unavailable at build — subset of estonia_parking_master)","lastVerified":"2026-10-02"},"geometry":{"type":"Polygon","coordinates":[[[24.5442111,58.3679449],[24.544705,58.3682188],[24.5445807,58.3682793],[24.5443256,58.3681413],[24.5440824,58.3680039],[24.5442111,58.3679449]]]},"id":"way/618974088"},{"type":"Feature","properties":{"@id":"way/618976603","amenity":"parking","source":"OpenStreetMap (amenity=parking extract; Overpass unavailable at build — subset of estonia_parking_master)","lastVerified":"2026-10-02"},"geometry":{"type":"Polygon","coordinates":[[[24.4925527,58.3987459],[24.4924842,58.3987403],[24.4924227,58.3987353],[24.4926038,58.3981195],[24.4926648,58.3981244],[24.4927398,58.3981309],[24.4926601,58.3983869],[24.4926405,58.39845],[24.4925527,58.3987459]]]},"id":"way/618976603"},{"type":"Feature","properties":{"@id":"way/618976605","amenity":"parking","source":"OpenStreetMap (amenity=parking extract; Overpass unavailable at build — subset of estonia_parking_master)","lastVerified":"2026-10-02"},"geometry":{"type":"Polygon","coordinates":[[[24.4924459,58.3980876],[24.492344,58.3980804],[24.4921991,58.3980702],[24.4922714,58.3977894],[24.4925183,58.3978069],[24.4924459,58.3980876]]]},"id":"way/618976605"},{"type":"Feature","properties":{"@id":"way/618985572","addr:city":"Pärnu","addr:country":"EE","addr:housenumber":"7","addr:postcode":"80013","addr:street":"Lai","amenity":"parking","building":"yes","building:levels":"6","height":"26","maaamet:ETAK":"6071085","name":"Port Artur parkimismaja","operator":"Port Artur","operator:type":"private","parking":"multi-storey","source:addr":"Maa- ja Ruumiamet 2025","surface":"concrete","source":"OpenStreetMap (amenity=parking extract; Overpass unavailable at build — subset of estonia_parking_master)","lastVerified":"2026-10-02"},"geometry":{"type":"Polygon","coordinates":[[[24.5017518,58.3875664],[24.5017926,58.3871906],[24.5025283,58.3872126],[24.5026125,58.3872151],[24.5025973,58.3873484],[24.5025741,58.387538],[24.5025645,58.3875979],[24.5022741,58.3875871],[24.5022674,58.3876371],[24.5022467,58.3876693],[24.502227,58.3876863],[24.5021941,58.3877045],[24.502125,58.3877237],[24.502057,58.3877311],[24.5019552,58.3877249],[24.5018933,58.3877006],[24.5018566,58.3876765],[24.5018231,58.3876315],[24.5018195,58.3875675],[24.5017518,58.3875664]]]},"id":"way/618985572"},{"type":"Feature","properties":{"@id":"way/618988565","amenity":"parking","source":"OpenStreetMap (amenity=parking extract; Overpass unavailable at build — subset of estonia_parking_master)","lastVerified":"2026-10-02"},"geometry":{"type":"Polygon","coordinates":[[[24.5212632,58.3970806],[24.521122,58.3969477],[24.5225602,58.396528],[24.5225864,58.3965527],[24.5225996,58.3965651],[24.5227014,58.3966609],[24.5212632,58.3970806]]]},"id":"way/618988565"},{"type":"Feature","properties":{"@id":"way/619178231","amenity":"parking","parking":"surface","source":"OpenStreetMap (amenity=parking extract; Overpass unavailable at build — subset of estonia_parking_master)","lastVerified":"2026-10-02"},"geometry":{"type":"Polygon","coordinates":[[[24.5317399,58.3753473],[24.5319899,58.3752562],[24.5322196,58.3754295],[24.5321117,58.3754688],[24.5319696,58.3755206],[24.5317399,58.3753473]]]},"id":"way/619178231"},{"type":"Feature","properties":{"@id":"way/619178233","amenity":"parking","source":"OpenStreetMap (amenity=parking extract; Overpass unavailable at build — subset of estonia_parking_master)","lastVerified":"2026-10-02"},"geometry":{"type":"Polygon","coordinates":[[[24.5311235,58.3759795],[24.5322792,58.3755385],[24.5335199,58.3764447],[24.5333031,58.376526],[24.5324399,58.3758933],[24.531499,58.3762435],[24.5311235,58.3759795]]]},"id":"way/619178233"},{"type":"Feature","properties":{"@id":"way/619178240","amenity":"parking","source":"OpenStreetMap (amenity=parking extract; Overpass unavailable at build — subset of estonia_parking_master)","lastVerified":"2026-10-02"},"geometry":{"type":"Polygon","coordinates":[[[24.5337727,58.3763039],[24.5337102,58.376258],[24.5336186,58.3761907],[24.5338343,58.37611],[24.5339884,58.3762233],[24.5337727,58.3763039]]]},"id":"way/619178240"},{"type":"Feature","properties":{"@id":"way/619491222","amenity":"parking","source":"OpenStreetMap (amenity=parking extract; Overpass unavailable at build — subset of estonia_parking_master)","lastVerified":"2026-10-02"},"geometry":{"type":"Polygon","coordinates":[[[24.5301231,58.373365],[24.5298458,58.3732894],[24.5296964,58.3732528],[24.5297004,58.3731963],[24.5301402,58.3727942],[24.5302777,58.3728332],[24.5302811,58.3728466],[24.5303346,58.3729044],[24.5302554,58.3729827],[24.5302276,58.3730099],[24.5300903,58.3731442],[24.5300881,58.3731551],[24.5301013,58.3731656],[24.5301214,58.3731781],[24.5301529,58.3731891],[24.530503,58.3732873],[24.5301231,58.373365]]]},"id":"way/619491222"},{"type":"Feature","properties":{"@id":"way/619491234","amenity":"parking","parking":"surface","source":"OpenStreetMap (amenity=parking extract; Overpass unavailable at build — subset of estonia_parking_master)","lastVerified":"2026-10-02"},"geometry":{"type":"Polygon","coordinates":[[[24.5373721,58.3689446],[24.5372984,58.3689256],[24.5371956,58.3688991],[24.5370329,58.3688572],[24.5370868,58.3687996],[24.5372058,58.3686727],[24.5372181,58.3686596],[24.5372281,58.3686489],[24.5372408,58.3686353],[24.5373082,58.3685634],[24.537537,58.3686224],[24.5375734,58.3686318],[24.5376473,58.3686508],[24.5375794,58.3687233],[24.5375615,58.3687424],[24.5373721,58.3689446]]]},"id":"way/619491234"},{"type":"Feature","properties":{"@id":"way/619491235","amenity":"parking","parking":"surface","source":"OpenStreetMap (amenity=parking extract; Overpass unavailable at build — subset of estonia_parking_master)","lastVerified":"2026-10-02"},"geometry":{"type":"Polygon","coordinates":[[[24.5380072,58.3683972],[24.5374766,58.36825],[24.5376716,58.3680659],[24.5381958,58.368217],[24.5380461,58.3683599],[24.5380072,58.3683972]]]},"id":"way/619491235"},{"type":"Feature","properties":{"@id":"way/619497739","amenity":"parking","source":"OpenStreetMap (amenity=parking extract; Overpass unavailable at build — subset of estonia_parking_master)","lastVerified":"2026-10-02"},"geometry":{"type":"Polygon","coordinates":[[[24.5737172,58.3559399],[24.573635,58.3559087],[24.5738886,58.3557081],[24.5739689,58.3557403],[24.5737172,58.3559399]]]},"id":"way/619497739"},{"type":"Feature","properties":{"@id":"way/663428257","amenity":"parking","source":"OpenStreetMap (amenity=parking extract; Overpass unavailable at build — subset of estonia_parking_master)","lastVerified":"2026-10-02"},"geometry":{"type":"Polygon","coordinates":[[[24.5875502,58.3627095],[24.5874799,58.362659],[24.5876334,58.3625482],[24.5877219,58.3625632],[24.5876897,58.3627152],[24.5875502,58.3627095]]]},"id":"way/663428257"},{"type":"Feature","properties":{"@id":"way/665876080","access":"yes","amenity":"parking","capacity":"15","parking":"surface","source":"OpenStreetMap (amenity=parking extract; Overpass unavailable at build — subset of estonia_parking_master)","lastVerified":"2026-10-02"},"geometry":{"type":"Polygon","coordinates":[[[24.5408387,58.3686994],[24.5402536,58.3685468],[24.5403522,58.3684428],[24.5403529,58.3684421],[24.540938,58.3685948],[24.5408387,58.3686994]]]},"id":"way/665876080"},{"type":"Feature","properties":{"@id":"way/665876083","amenity":"parking","parking":"surface","source":"OpenStreetMap (amenity=parking extract; Overpass unavailable at build — subset of estonia_parking_master)","lastVerified":"2026-10-02"},"geometry":{"type":"Polygon","coordinates":[[[24.5407762,58.3674703],[24.5407825,58.367472],[24.5408458,58.367489],[24.5408729,58.3674963],[24.5409435,58.3675152],[24.5405053,58.3679639],[24.5402873,58.3679053],[24.5402327,58.3678906],[24.5402022,58.3678825],[24.5405157,58.3675616],[24.5406515,58.367598],[24.5407762,58.3674703]]]},"id":"way/665876083"},{"type":"Feature","properties":{"@id":"way/665876096","amenity":"parking","source":"OpenStreetMap (amenity=parking extract; Overpass unavailable at build — subset of estonia_parking_master)","lastVerified":"2026-10-02"},"geometry":{"type":"Polygon","coordinates":[[[24.5416186,58.3712156],[24.5406992,58.3706814],[24.5413946,58.3703606],[24.5423071,58.3708696],[24.5416186,58.3712156]]]},"id":"way/665876096"},{"type":"Feature","properties":{"@id":"way/666348611","amenity":"parking","parking":"surface","source":"OpenStreetMap (amenity=parking extract; Overpass unavailable at build — subset of estonia_parking_master)","lastVerified":"2026-10-02"},"geometry":{"type":"Polygon","coordinates":[[[24.6125042,58.3711515],[24.6126288,58.3710264],[24.6129392,58.3707145],[24.613408,58.3708428],[24.6134493,58.3708541],[24.6130142,58.3712912],[24.6125042,58.3711515]]]},"id":"way/666348611"},{"type":"Feature","properties":{"@id":"way/666980703","amenity":"parking","source":"OpenStreetMap (amenity=parking extract; Overpass unavailable at build — subset of estonia_parking_master)","lastVerified":"2026-10-02"},"geometry":{"type":"Polygon","coordinates":[[[24.500106,58.3866321],[24.4998002,58.386624],[24.4998151,58.3864676],[24.500121,58.3864757],[24.500106,58.3866321]]]},"id":"way/666980703"},{"type":"Feature","properties":{"@id":"way/666980704","amenity":"parking","source":"OpenStreetMap (amenity=parking extract; Overpass unavailable at build — subset of estonia_parking_master)","lastVerified":"2026-10-02"},"geometry":{"type":"Polygon","coordinates":[[[24.5011392,58.3866362],[24.501152,58.3865175],[24.5016265,58.3865345],[24.5017152,58.3865627],[24.5019198,58.3865668],[24.5019136,58.3866518],[24.5011392,58.3866362]]]},"id":"way/666980704"},{"type":"Feature","properties":{"@id":"way/667254063","amenity":"parking","source":"OpenStreetMap (amenity=parking extract; Overpass unavailable at build — subset of estonia_parking_master)","lastVerified":"2026-10-02"},"geometry":{"type":"Polygon","coordinates":[[[24.5388922,58.3720118],[24.5386017,58.3721651],[24.5385106,58.3722133],[24.5379947,58.3719446],[24.5383764,58.3717431],[24.5388922,58.3720118]]]},"id":"way/667254063"},{"type":"Feature","properties":{"@id":"way/667254064","access":"yes","amenity":"parking","fee":"no","parking":"street_side","source":"OpenStreetMap (amenity=parking extract; Overpass unavailable at build — subset of estonia_parking_master)","lastVerified":"2026-10-02"},"geometry":{"type":"Polygon","coordinates":[[[24.5328303,58.3732914],[24.5327368,58.3732427],[24.5331364,58.373036],[24.5331486,58.37312],[24.5328303,58.3732914]]]},"id":"way/667254064"},{"type":"Feature","properties":{"@id":"way/667254067","amenity":"parking","source":"OpenStreetMap (amenity=parking extract; Overpass unavailable at build — subset of estonia_parking_master)","lastVerified":"2026-10-02"},"geometry":{"type":"Polygon","coordinates":[[[24.5348394,58.3722688],[24.535067,58.372145],[24.5356123,58.3724206],[24.5353847,58.3725444],[24.5351584,58.37243],[24.5348394,58.3722688]]]},"id":"way/667254067"},{"type":"Feature","properties":{"@id":"way/667254074","amenity":"parking","source":"OpenStreetMap (amenity=parking extract; Overpass unavailable at build — subset of estonia_parking_master)","lastVerified":"2026-10-02"},"geometry":{"type":"Polygon","coordinates":[[[24.5364569,58.3731964],[24.5362173,58.3730562],[24.5361922,58.3730415],[24.5358715,58.3728538],[24.5359955,58.3727955],[24.5361064,58.3727435],[24.5366917,58.3730861],[24.5364569,58.3731964]]]},"id":"way/667254074"},{"type":"Feature","properties":{"@id":"way/669159455","access":"yes","amenity":"parking","capacity:disabled":"2","parking":"surface","source":"OpenStreetMap (amenity=parking extract; Overpass unavailable at build — subset of estonia_parking_master)","lastVerified":"2026-10-02"},"geometry":{"type":"Polygon","coordinates":[[[24.4686769,58.3950139],[24.4692411,58.3945224],[24.4694832,58.3945987],[24.4688361,58.3951621],[24.4686453,58.3951019],[24.468728,58.39503],[24.4686769,58.3950139]]]},"id":"way/669159455"},{"type":"Feature","properties":{"@id":"way/669159465","amenity":"parking","source":"OpenStreetMap (amenity=parking extract; Overpass unavailable at build — subset of estonia_parking_master)","lastVerified":"2026-10-02"},"geometry":{"type":"Polygon","coordinates":[[[24.4881444,58.4083354],[24.4884295,58.408244],[24.4887668,58.4085324],[24.4884817,58.4086239],[24.4881444,58.4083354]]]},"id":"way/669159465"},{"type":"Feature","properties":{"@id":"way/669159467","amenity":"parking","source":"OpenStreetMap (amenity=parking extract; Overpass unavailable at build — subset of estonia_parking_master)","lastVerified":"2026-10-02"},"geometry":{"type":"Polygon","coordinates":[[[24.4879473,58.4080463],[24.4877525,58.4078869],[24.4881324,58.4077595],[24.4882462,58.4078526],[24.4883271,58.4079188],[24.4879473,58.4080463]]]},"id":"way/669159467"},{"type":"Feature","properties":{"@id":"way/669159468","amenity":"parking","source":"OpenStreetMap (amenity=parking extract; Overpass unavailable at build — subset of estonia_parking_master)","lastVerified":"2026-10-02"},"geometry":{"type":"Polygon","coordinates":[[[24.4877123,58.4078978],[24.4879067,58.4080655],[24.4873714,58.4082358],[24.4872671,58.4081458],[24.4875258,58.4080634],[24.4874784,58.4080225],[24.4875307,58.4080059],[24.4874881,58.4079692],[24.4877123,58.4078978]]]},"id":"way/669159468"},{"type":"Feature","properties":{"@id":"way/669159469","amenity":"parking","source":"OpenStreetMap (amenity=parking extract; Overpass unavailable at build — subset of estonia_parking_master)","lastVerified":"2026-10-02"},"geometry":{"type":"Polygon","coordinates":[[[24.485948,58.4079049],[24.4864596,58.4079745],[24.4869291,58.4083839],[24.4868186,58.4084187],[24.486355,58.4083624],[24.4858323,58.4079446],[24.485948,58.4079049]]]},"id":"way/669159469"},{"type":"Feature","properties":{"@id":"way/669159471","amenity":"parking","surface":"unpaved","source":"OpenStreetMap (amenity=parking extract; Overpass unavailable at build — subset of estonia_parking_master)","lastVerified":"2026-10-02"},"geometry":{"type":"Polygon","coordinates":[[[24.4876417,58.4073288],[24.4874358,58.4071516],[24.4873989,58.4071213],[24.4881157,58.4068815],[24.4883666,58.4070872],[24.4876417,58.4073288]]]},"id":"way/669159471"},{"type":"Feature","properties":{"@id":"way/692588074","amenity":"parking","parking":"surface","surface":"asphalt","source":"OpenStreetMap (amenity=parking extract; Overpass unavailable at build — subset of estonia_parking_master)","lastVerified":"2026-10-02"},"geometry":{"type":"Polygon","coordinates":[[[24.5463668,58.3884512],[24.5464053,58.3883806],[24.5464288,58.3883375],[24.5464578,58.3882843],[24.5475937,58.3884543],[24.5475688,58.3885001],[24.5477789,58.3885315],[24.5477498,58.3885849],[24.5477128,58.3886528],[24.5463668,58.3884512]]]},"id":"way/692588074"},{"type":"Feature","properties":{"@id":"way/704637955","amenity":"parking","parking":"surface","source":"OpenStreetMap (amenity=parking extract; Overpass unavailable at build — subset of estonia_parking_master)","lastVerified":"2026-10-02"},"geometry":{"type":"Polygon","coordinates":[[[24.4521559,58.3955715],[24.4521849,58.3956098],[24.4521968,58.3956255],[24.4523686,58.3955898],[24.4527016,58.3955214],[24.4527823,58.395611],[24.4524403,58.3956884],[24.4525219,58.3957922],[24.4522638,58.3958458],[24.4521624,58.395712],[24.4520154,58.3957425],[24.4519226,58.39562],[24.4521559,58.3955715]]]},"id":"way/704637955"},{"type":"Feature","properties":{"@id":"way/704897968","amenity":"parking","parking":"surface","source":"OpenStreetMap (amenity=parking extract; Overpass unavailable at build — subset of estonia_parking_master)","lastVerified":"2026-10-02"},"geometry":{"type":"Polygon","coordinates":[[[24.5586318,58.3647421],[24.5583163,58.3645914],[24.558413,58.3645357],[24.5584884,58.3644923],[24.5586509,58.36457],[24.5588038,58.3646431],[24.5587144,58.3646945],[24.5586318,58.3647421]]]},"id":"way/704897968"},{"type":"Feature","properties":{"@id":"way/705150275","amenity":"parking","parking":"surface","source":"OpenStreetMap (amenity=parking extract; Overpass unavailable at build — subset of estonia_parking_master)","lastVerified":"2026-10-02"},"geometry":{"type":"Polygon","coordinates":[[[24.5216857,58.3738427],[24.5216308,58.3737184],[24.522021,58.3737435],[24.5219931,58.3738625],[24.5216857,58.3738427]]]},"id":"way/705150275"},{"type":"Feature","properties":{"@id":"way/705150276","amenity":"parking","source":"OpenStreetMap (amenity=parking extract; Overpass unavailable at build — subset of estonia_parking_master)","lastVerified":"2026-10-02"},"geometry":{"type":"Polygon","coordinates":[[[24.5221341,58.3736644],[24.5227838,58.3737136],[24.5227213,58.3739404],[24.5220717,58.3738912],[24.5221341,58.3736644]]]},"id":"way/705150276"},{"type":"Feature","properties":{"@id":"way/705150277","amenity":"parking","source":"OpenStreetMap (amenity=parking extract; Overpass unavailable at build — subset of estonia_parking_master)","lastVerified":"2026-10-02"},"geometry":{"type":"Polygon","coordinates":[[[24.5202748,58.3737484],[24.5202842,58.3737044],[24.5203178,58.3736692],[24.520447,58.3736219],[24.5213601,58.3736729],[24.521399,58.3736942],[24.5214309,58.3737193],[24.5214107,58.3738146],[24.5202748,58.3737484]]]},"id":"way/705150277"},{"type":"Feature","properties":{"@id":"way/705176061","amenity":"parking","source":"OpenStreetMap (amenity=parking extract; Overpass unavailable at build — subset of estonia_parking_master)","lastVerified":"2026-10-02"},"geometry":{"type":"Polygon","coordinates":[[[24.5033165,58.3737763],[24.5031219,58.373826],[24.5030148,58.3737109],[24.5022531,58.3739057],[24.5021881,58.3738359],[24.5031442,58.3735912],[24.5033165,58.3737763]]]},"id":"way/705176061"},{"type":"Feature","properties":{"@id":"way/705211158","amenity":"parking","source":"OpenStreetMap (amenity=parking extract; Overpass unavailable at build — subset of estonia_parking_master)","lastVerified":"2026-10-02"},"geometry":{"type":"Polygon","coordinates":[[[24.6148197,58.3793972],[24.614225,58.3798628],[24.6137,58.3796784],[24.6142948,58.3792129],[24.6144598,58.3792708],[24.6148197,58.3793972]]]},"id":"way/705211158"},{"type":"Feature","properties":{"@id":"way/705773537","amenity":"parking","parking":"surface","source":"OpenStreetMap (amenity=parking extract; Overpass unavailable at build — subset of estonia_parking_master)","lastVerified":"2026-10-02"},"geometry":{"type":"Polygon","coordinates":[[[24.5366117,58.3951188],[24.5364435,58.3951687],[24.5359482,58.3953157],[24.5353379,58.3947512],[24.5363353,58.3944551],[24.5365123,58.3946188],[24.5365666,58.3946691],[24.5362328,58.3947681],[24.5366117,58.3951188]]]},"id":"way/705773537"},{"type":"Feature","properties":{"@id":"way/711715968","amenity":"parking","source":"OpenStreetMap (amenity=parking extract; Overpass unavailable at build — subset of estonia_parking_master)","lastVerified":"2026-10-02"},"geometry":{"type":"Polygon","coordinates":[[[24.506171,58.3882086],[24.506173,58.3880893],[24.5064413,58.3880924],[24.5069698,58.387951],[24.5070694,58.388035],[24.5065206,58.3882187],[24.506171,58.3882086]]]},"id":"way/711715968"},{"type":"Feature","properties":{"@id":"way/711733955","access":"yes","amenity":"parking","capacity":"20","parking":"surface","source":"OpenStreetMap (amenity=parking extract; Overpass unavailable at build — subset of estonia_parking_master)","lastVerified":"2026-10-02"},"geometry":{"type":"Polygon","coordinates":[[[24.5141044,58.3757695],[24.5138313,58.3754874],[24.5140891,58.3754145],[24.5143686,58.3756995],[24.5141044,58.3757695]]]},"id":"way/711733955"},{"type":"Feature","properties":{"@id":"way/712317532","access":"yes","amenity":"parking","fee":"no","parking":"surface","source":"OpenStreetMap (amenity=parking extract; Overpass unavailable at build — subset of estonia_parking_master)","lastVerified":"2026-10-02"},"geometry":{"type":"Polygon","coordinates":[[[24.5334102,58.3684168],[24.5337221,58.3682454],[24.5338558,58.3683124],[24.5335439,58.3684837],[24.5334102,58.3684168]]]},"id":"way/712317532"},{"type":"Feature","properties":{"@id":"way/715159048","access":"permissive","amenity":"parking","capacity":"50","operator":"Viiking Spa","operator:type":"private","parking":"surface","source":"OpenStreetMap (amenity=parking extract; Overpass unavailable at build — subset of estonia_parking_master)","lastVerified":"2026-10-02"},"geometry":{"type":"Polygon","coordinates":[[[24.4898655,58.384746],[24.4894711,58.3848455],[24.4891801,58.3846845],[24.4886465,58.3845268],[24.4886991,58.3844736],[24.4892434,58.3846645],[24.4897403,58.3845701],[24.4898655,58.384746]]]},"id":"way/715159048"},{"type":"Feature","properties":{"@id":"way/716739222","amenity":"parking","source":"OpenStreetMap (amenity=parking extract; Overpass unavailable at build — subset of estonia_parking_master)","lastVerified":"2026-10-02"},"geometry":{"type":"Polygon","coordinates":[[[24.6037694,58.3926183],[24.6040367,58.3924339],[24.6042702,58.3925273],[24.604091,58.3926513],[24.6039297,58.3927672],[24.6037694,58.3926183]]]},"id":"way/716739222"},{"type":"Feature","properties":{"@id":"way/716739236","amenity":"parking","source":"OpenStreetMap (amenity=parking extract; Overpass unavailable at build — subset of estonia_parking_master)","lastVerified":"2026-10-02"},"geometry":{"type":"Polygon","coordinates":[[[24.604764,58.3934447],[24.6047072,58.3934221],[24.604951,58.3932534],[24.6051196,58.3933202],[24.6048758,58.393489],[24.604764,58.3934447]]]},"id":"way/716739236"},{"type":"Feature","properties":{"@id":"way/758189933","amenity":"parking","source":"OpenStreetMap (amenity=parking extract; Overpass unavailable at build — subset of estonia_parking_master)","lastVerified":"2026-10-02"},"geometry":{"type":"Polygon","coordinates":[[[24.5808074,58.3783136],[24.5811618,58.378152],[24.5815407,58.3783087],[24.5811772,58.3784994],[24.58108,58.3784505],[24.5808439,58.3783319],[24.5808074,58.3783136]]]},"id":"way/758189933"},{"type":"Feature","properties":{"@id":"way/758193007","amenity":"parking","source":"OpenStreetMap (amenity=parking extract; Overpass unavailable at build — subset of estonia_parking_master)","lastVerified":"2026-10-02"},"geometry":{"type":"Polygon","coordinates":[[[24.5457237,58.3883115],[24.5452951,58.3879068],[24.5454401,58.387867],[24.5458378,58.3877495],[24.5462555,58.3881533],[24.5459027,58.3882583],[24.5457787,58.3882951],[24.5457237,58.3883115]]]},"id":"way/758193007"},{"type":"Feature","properties":{"@id":"way/769456197","access":"customers","amenity":"parking","description":"Sanatooriumi Tervis parkla","fee":"yes","parking":"surface","surface":"asphalt","source":"OpenStreetMap (amenity=parking extract; Overpass unavailable at build — subset of estonia_parking_master)","lastVerified":"2026-10-02"},"geometry":{"type":"Polygon","coordinates":[[[24.4850916,58.383316],[24.4849523,58.3832408],[24.484891,58.3832078],[24.4860621,58.3826112],[24.4860715,58.3826064],[24.4861195,58.382582],[24.4858441,58.3824335],[24.4859496,58.3823797],[24.4860285,58.3823395],[24.4861126,58.3823849],[24.4865425,58.3826168],[24.486516,58.3826303],[24.4869901,58.3828861],[24.4870885,58.3829392],[24.4869679,58.3830006],[24.4869417,58.3829865],[24.486401,58.3826948],[24.4863569,58.3827173],[24.4863417,58.382709],[24.4862924,58.3827341],[24.4862675,58.3827207],[24.485968,58.3828733],[24.4859096,58.3828418],[24.4857569,58.3829196],[24.4858078,58.3829471],[24.4857556,58.3829737],[24.4857051,58.3829465],[24.4855604,58.3830202],[24.4856147,58.3830495],[24.485103,58.3833102],[24.4850916,58.383316]]]},"id":"way/769456197"},{"type":"Feature","properties":{"@id":"way/769458950","amenity":"parking","source":"OpenStreetMap (amenity=parking extract; Overpass unavailable at build — subset of estonia_parking_master)","lastVerified":"2026-10-02"},"geometry":{"type":"Polygon","coordinates":[[[24.5529974,58.3735429],[24.5527629,58.3733506],[24.5530682,58.3732885],[24.5532656,58.3734662],[24.5529974,58.3735429]]]},"id":"way/769458950"},{"type":"Feature","properties":{"@id":"way/777332795","access":"customers","amenity":"parking","fee":"no","parking":"surface","source":"OpenStreetMap (amenity=parking extract; Overpass unavailable at build — subset of estonia_parking_master)","lastVerified":"2026-10-02"},"geometry":{"type":"Polygon","coordinates":[[[24.6073968,58.3892007],[24.6075465,58.389085],[24.6075881,58.3890986],[24.6076255,58.3890948],[24.6076399,58.3890865],[24.6079532,58.3888567],[24.6081214,58.3889215],[24.6076158,58.3892869],[24.6073968,58.3892007]]]},"id":"way/777332795"},{"type":"Feature","properties":{"@id":"way/777332796","amenity":"parking","source":"OpenStreetMap (amenity=parking extract; Overpass unavailable at build — subset of estonia_parking_master)","lastVerified":"2026-10-02"},"geometry":{"type":"Polygon","coordinates":[[[24.608521,58.3888464],[24.6083844,58.3889362],[24.6079977,58.3888006],[24.6075464,58.3886296],[24.6076794,58.388537],[24.608521,58.3888464]]]},"id":"way/777332796"},{"type":"Feature","properties":{"@id":"way/777828405","amenity":"parking","source":"OpenStreetMap (amenity=parking extract; Overpass unavailable at build — subset of estonia_parking_master)","lastVerified":"2026-10-02"},"geometry":{"type":"Polygon","coordinates":[[[24.5028186,58.3867404],[24.5033359,58.3867564],[24.5033209,58.3868255],[24.5028997,58.3868107],[24.5028926,58.3867901],[24.5028724,58.3867695],[24.5028488,58.3867532],[24.5028186,58.3867404]]]},"id":"way/777828405"},{"type":"Feature","properties":{"@id":"way/778949314","amenity":"parking","parking":"surface","source":"OpenStreetMap (amenity=parking extract; Overpass unavailable at build — subset of estonia_parking_master)","lastVerified":"2026-10-02"},"geometry":{"type":"Polygon","coordinates":[[[24.505361,58.3856707],[24.5054335,58.385616],[24.5058812,58.385616],[24.5059255,58.3856745],[24.505361,58.3856707]]]},"id":"way/778949314"},{"type":"Feature","properties":{"@id":"way/779139233","amenity":"parking","source":"OpenStreetMap (amenity=parking extract; Overpass unavailable at build — subset of estonia_parking_master)","lastVerified":"2026-10-02"},"geometry":{"type":"Polygon","coordinates":[[[24.4919642,58.3768521],[24.4912998,58.377083],[24.4906974,58.376621],[24.4912814,58.3763803],[24.4919642,58.3768521]]]},"id":"way/779139233"},{"type":"Feature","properties":{"@id":"way/781907342","amenity":"parking","source":"OpenStreetMap (amenity=parking extract; Overpass unavailable at build — subset of estonia_parking_master)","lastVerified":"2026-10-02"},"geometry":{"type":"Polygon","coordinates":[[[24.5466211,58.3688459],[24.5465821,58.3687825],[24.5471392,58.3685001],[24.5471964,58.3685596],[24.5466211,58.3688459]]]},"id":"way/781907342"},{"type":"Feature","properties":{"@id":"way/783750137","amenity":"parking","source":"OpenStreetMap (amenity=parking extract; Overpass unavailable at build — subset of estonia_parking_master)","lastVerified":"2026-10-02"},"geometry":{"type":"Polygon","coordinates":[[[24.4685962,58.397331],[24.4676658,58.3965899],[24.4680224,58.3964544],[24.4681306,58.3964133],[24.469052,58.3971837],[24.469029,58.3972028],[24.4685962,58.397331]]]},"id":"way/783750137"},{"type":"Feature","properties":{"@id":"way/784314165","amenity":"parking","source":"OpenStreetMap (amenity=parking extract; Overpass unavailable at build — subset of estonia_parking_master)","lastVerified":"2026-10-02"},"geometry":{"type":"Polygon","coordinates":[[[24.5222452,58.373262],[24.5222857,58.3731516],[24.5221053,58.3731388],[24.5219361,58.3731268],[24.5219935,58.3728545],[24.5223297,58.3728762],[24.5223247,58.3729045],[24.5225396,58.3729189],[24.5226244,58.372946],[24.5226483,58.3730008],[24.5225755,58.3732797],[24.5224225,58.3732715],[24.5222452,58.373262]]]},"id":"way/784314165"},{"type":"Feature","properties":{"@id":"way/812944629","access":"customers","amenity":"parking","capacity:disabled":"1","source":"OpenStreetMap (amenity=parking extract; Overpass unavailable at build — subset of estonia_parking_master)","lastVerified":"2026-10-02"},"geometry":{"type":"Polygon","coordinates":[[[24.5076175,58.3925769],[24.507553,58.392418],[24.507481,58.392224],[24.507831,58.3921898],[24.5079508,58.3925415],[24.5076175,58.3925769]]]},"id":"way/812944629"},{"type":"Feature","properties":{"@id":"way/813493116","amenity":"parking","parking":"surface","source":"OpenStreetMap (amenity=parking extract; Overpass unavailable at build — subset of estonia_parking_master)","lastVerified":"2026-10-02"},"geometry":{"type":"Polygon","coordinates":[[[24.5006976,58.3874738],[24.5007336,58.3871379],[24.5009593,58.3871446],[24.5009235,58.3874804],[24.5006976,58.3874738]]]},"id":"way/813493116"},{"type":"Feature","properties":{"@id":"way/821112093","amenity":"parking","parking":"surface","source":"OpenStreetMap (amenity=parking extract; Overpass unavailable at build — subset of estonia_parking_master)","lastVerified":"2026-10-02"},"geometry":{"type":"Polygon","coordinates":[[[24.5242557,58.3976278],[24.5240136,58.3973742],[24.5244612,58.3972422],[24.5256083,58.3969003],[24.5257826,58.3970607],[24.5258787,58.3971491],[24.5255025,58.397253],[24.5252869,58.3973171],[24.5252905,58.3973204],[24.5242557,58.3976278]]]},"id":"way/821112093"},{"type":"Feature","properties":{"@id":"way/821112099","amenity":"parking","parking":"surface","source":"OpenStreetMap (amenity=parking extract; Overpass unavailable at build — subset of estonia_parking_master)","lastVerified":"2026-10-02"},"geometry":{"type":"Polygon","coordinates":[[[24.5426596,58.3921947],[24.5427298,58.392174],[24.5438091,58.3918559],[24.5438278,58.3918726],[24.5439434,58.3919762],[24.5437925,58.3920216],[24.543332,58.3921602],[24.5430339,58.3922499],[24.5430031,58.3922742],[24.5429885,58.392307],[24.5430078,58.3923391],[24.5431916,58.3925215],[24.5430333,58.3925666],[24.5426596,58.3921947]]]},"id":"way/821112099"},{"type":"Feature","properties":{"@id":"way/821112101","amenity":"parking","source":"OpenStreetMap (amenity=parking extract; Overpass unavailable at build — subset of estonia_parking_master)","lastVerified":"2026-10-02"},"geometry":{"type":"Polygon","coordinates":[[[24.5514915,58.3937969],[24.5512056,58.3935202],[24.5533985,58.3929206],[24.5536719,58.3931946],[24.5537353,58.3932581],[24.5531171,58.3934339],[24.5529941,58.3934689],[24.551808,58.3938062],[24.5516846,58.3938413],[24.5516483,58.3938109],[24.5516351,58.3937998],[24.5514915,58.3937969]]]},"id":"way/821112101"},{"type":"Feature","properties":{"@id":"way/822571439","amenity":"parking","parking":"street_side","source":"OpenStreetMap (amenity=parking extract; Overpass unavailable at build — subset of estonia_parking_master)","lastVerified":"2026-10-02"},"geometry":{"type":"Polygon","coordinates":[[[24.5395924,58.39308],[24.5399218,58.3929828],[24.5400593,58.3931109],[24.5397973,58.3931882],[24.5397475,58.3931419],[24.5396802,58.3931617],[24.5395924,58.39308]]]},"id":"way/822571439"},{"type":"Feature","properties":{"@id":"way/824956377","access":"yes","amenity":"parking","parking":"surface","source":"OpenStreetMap (amenity=parking extract; Overpass unavailable at build — subset of estonia_parking_master)","lastVerified":"2026-10-02"},"geometry":{"type":"Polygon","coordinates":[[[24.5154148,58.3829859],[24.5159801,58.382766],[24.5161375,58.3828773],[24.5155721,58.3830971],[24.5154148,58.3829859]]]},"id":"way/824956377"},{"type":"Feature","properties":{"@id":"way/824956378","access":"yes","amenity":"parking","capacity":"25","parking":"surface","source":"OpenStreetMap (amenity=parking extract; Overpass unavailable at build — subset of estonia_parking_master)","lastVerified":"2026-10-02"},"geometry":{"type":"Polygon","coordinates":[[[24.5150459,58.3826142],[24.515065,58.382563],[24.515151,58.38253],[24.515355,58.382453],[24.515511,58.382394],[24.5157502,58.3823097],[24.515868,58.3824062],[24.5151379,58.3826865],[24.5150459,58.3826142]]]},"id":"way/824956378"},{"type":"Feature","properties":{"@id":"way/824956379","access":"yes","amenity":"parking","capacity":"10","parking":"surface","source":"OpenStreetMap (amenity=parking extract; Overpass unavailable at build — subset of estonia_parking_master)","lastVerified":"2026-10-02"},"geometry":{"type":"Polygon","coordinates":[[[24.5121043,58.381992],[24.5119487,58.3820454],[24.5115144,58.3817443],[24.5116554,58.3816894],[24.5121043,58.381992]]]},"id":"way/824956379"},{"type":"Feature","properties":{"@id":"way/827038993","amenity":"parking","source":"OpenStreetMap (amenity=parking extract; Overpass unavailable at build — subset of estonia_parking_master)","lastVerified":"2026-10-02"},"geometry":{"type":"Polygon","coordinates":[[[24.4488451,58.4024977],[24.4514676,58.4015334],[24.4522498,58.4021082],[24.4508341,58.4023938],[24.4507231,58.402413],[24.4506211,58.4024306],[24.4493087,58.4026571],[24.4492061,58.402672],[24.4490999,58.4026571],[24.4489902,58.4026015],[24.4488451,58.4024977]]]},"id":"way/827038993"},{"type":"Feature","properties":{"@id":"way/832630829","amenity":"parking","source":"OpenStreetMap (amenity=parking extract; Overpass unavailable at build — subset of estonia_parking_master)","lastVerified":"2026-10-02"},"geometry":{"type":"Polygon","coordinates":[[[24.5465687,58.3702036],[24.5461836,58.3699971],[24.5463589,58.3698999],[24.5463801,58.3698886],[24.5467586,58.3701048],[24.5465687,58.3702036]]]},"id":"way/832630829"},{"type":"Feature","properties":{"@id":"way/867734792","amenity":"parking","source":"OpenStreetMap (amenity=parking extract; Overpass unavailable at build — subset of estonia_parking_master)","lastVerified":"2026-10-02"},"geometry":{"type":"Polygon","coordinates":[[[24.6133236,58.3741445],[24.6132314,58.3738385],[24.6135398,58.373813],[24.6136319,58.3741189],[24.6133236,58.3741445]]]},"id":"way/867734792"},{"type":"Feature","properties":{"@id":"way/871700543","amenity":"parking","source":"OpenStreetMap (amenity=parking extract; Overpass unavailable at build — subset of estonia_parking_master)","lastVerified":"2026-10-02"},"geometry":{"type":"Polygon","coordinates":[[[24.4990039,58.3851423],[24.4990113,58.3850589],[24.4991857,58.3850632],[24.4993548,58.3850673],[24.4993473,58.3851508],[24.4990039,58.3851423]]]},"id":"way/871700543"},{"type":"Feature","properties":{"@id":"way/881419781","amenity":"parking","parking":"surface","source":"OpenStreetMap (amenity=parking extract; Overpass unavailable at build — subset of estonia_parking_master)","lastVerified":"2026-10-02"},"geometry":{"type":"Polygon","coordinates":[[[24.5162333,58.4037714],[24.5185916,58.4022851],[24.5187995,58.4023757],[24.5164406,58.4038617],[24.5162333,58.4037714]]]},"id":"way/881419781"},{"type":"Feature","properties":{"@id":"way/900137791","amenity":"parking","source":"OpenStreetMap (amenity=parking extract; Overpass unavailable at build — subset of estonia_parking_master)","lastVerified":"2026-10-02"},"geometry":{"type":"Polygon","coordinates":[[[24.4959052,58.3903417],[24.4959333,58.3902187],[24.4962825,58.3902366],[24.4963252,58.3903251],[24.4963408,58.3903574],[24.4959052,58.3903417]]]},"id":"way/900137791"},{"type":"Feature","properties":{"@id":"way/946063691","access":"yes","amenity":"parking","fee":"no","parking":"surface","source":"OpenStreetMap (amenity=parking extract; Overpass unavailable at build — subset of estonia_parking_master)","lastVerified":"2026-10-02"},"geometry":{"type":"Polygon","coordinates":[[[24.4608143,58.4029335],[24.4603993,58.4029638],[24.4601485,58.4029078],[24.4600908,58.4028949],[24.4601633,58.4027881],[24.4604905,58.4028598],[24.460668,58.4028422],[24.460739,58.4028352],[24.4608143,58.4029335]]]},"id":"way/946063691"},{"type":"Feature","properties":{"@id":"way/951770597","amenity":"parking","source":"OpenStreetMap (amenity=parking extract; Overpass unavailable at build — subset of estonia_parking_master)","lastVerified":"2026-10-02"},"geometry":{"type":"Polygon","coordinates":[[[24.5429901,58.3863981],[24.5429836,58.3864943],[24.5421916,58.3865458],[24.5421916,58.3866589],[24.5416842,58.3866606],[24.54166,58.3865446],[24.5413639,58.3865342],[24.5409478,58.3865313],[24.5408455,58.3865215],[24.541136,58.3863571],[24.5412461,58.3863675],[24.5413903,58.3863975],[24.5417499,58.3864238],[24.5418515,58.3864161],[24.5418514,58.3863876],[24.5426157,58.386364],[24.5429901,58.3863981]]]},"id":"way/951770597"},{"type":"Feature","properties":{"@id":"way/1001837711","amenity":"parking","parking":"surface","surface":"asphalt","source":"OpenStreetMap (amenity=parking extract; Overpass unavailable at build — subset of estonia_parking_master)","lastVerified":"2026-10-02"},"geometry":{"type":"Polygon","coordinates":[[[24.4852886,58.4039769],[24.4864597,58.4035815],[24.4866087,58.4037139],[24.4854488,58.4041045],[24.485327,58.4040075],[24.4852886,58.4039769]]]},"id":"way/1001837711"},{"type":"Feature","properties":{"@id":"way/1001841530","access":"customers","amenity":"parking","capacity":"70","parking":"surface","surface":"asphalt","source":"OpenStreetMap (amenity=parking extract; Overpass unavailable at build — subset of estonia_parking_master)","lastVerified":"2026-10-02"},"geometry":{"type":"Polygon","coordinates":[[[24.5473125,58.3716647],[24.5466608,58.3719824],[24.5460559,58.3716411],[24.545722,58.3714527],[24.5457911,58.371419],[24.5455819,58.3713011],[24.5461643,58.3710171],[24.5473125,58.3716647]]]},"id":"way/1001841530"},{"type":"Feature","properties":{"@id":"way/1001844094","access":"yes","amenity":"parking","fee":"no","parking":"surface","source":"OpenStreetMap (amenity=parking extract; Overpass unavailable at build — subset of estonia_parking_master)","lastVerified":"2026-10-02"},"geometry":{"type":"Polygon","coordinates":[[[24.5474833,58.3650721],[24.547215,58.3649239],[24.5472048,58.3648898],[24.5471845,58.3648727],[24.5475565,58.3646723],[24.5476185,58.364697],[24.5477008,58.3647299],[24.5477256,58.3647315],[24.5477659,58.3647341],[24.5478126,58.3647299],[24.5478675,58.3647171],[24.5479143,58.3646883],[24.5479346,58.3646424],[24.5479302,58.3646238],[24.5479143,58.3645561],[24.5479088,58.3645444],[24.5478838,58.364491],[24.5481053,58.3643737],[24.5484001,58.3645262],[24.5483147,58.3645763],[24.5483737,58.3646062],[24.5479204,58.364845],[24.5478635,58.3648109],[24.54765,58.3649324],[24.5476927,58.3649697],[24.5474833,58.3650721]]]},"id":"way/1001844094"},{"type":"Feature","properties":{"@id":"way/1011359192","amenity":"parking","source":"OpenStreetMap (amenity=parking extract; Overpass unavailable at build — subset of estonia_parking_master)","lastVerified":"2026-10-02"},"geometry":{"type":"Polygon","coordinates":[[[24.4965523,58.3902769],[24.4971374,58.3903639],[24.4971285,58.3903988],[24.4971222,58.3904237],[24.4969573,58.3904097],[24.4965073,58.3903715],[24.496521,58.3903427],[24.4965523,58.3902769]]]},"id":"way/1011359192"},{"type":"Feature","properties":{"@id":"way/1011359193","amenity":"parking","source":"OpenStreetMap (amenity=parking extract; Overpass unavailable at build — subset of estonia_parking_master)","lastVerified":"2026-10-02"},"geometry":{"type":"Polygon","coordinates":[[[24.4957092,58.3910913],[24.495923,58.3911077],[24.4960522,58.3906434],[24.496231,58.39066],[24.4961926,58.3908184],[24.4964171,58.3908421],[24.4965623,58.3908605],[24.496518,58.3909624],[24.4964161,58.3909544],[24.4963906,58.3910659],[24.4962473,58.3910556],[24.4962757,58.3909473],[24.4961538,58.3909385],[24.4961092,58.3911083],[24.4960961,58.3911645],[24.4960087,58.3911609],[24.4957113,58.3911399],[24.4956924,58.3911386],[24.4957092,58.3910913]]]},"id":"way/1011359193"},{"type":"Feature","properties":{"@id":"way/1011509010","amenity":"parking","capacity":"14","capacity:disabled":"1","parking":"surface","surface":"asphalt","source":"OpenStreetMap (amenity=parking extract; Overpass unavailable at build — subset of estonia_parking_master)","lastVerified":"2026-10-02"},"geometry":{"type":"Polygon","coordinates":[[[24.6173593,58.3737968],[24.6173961,58.3737551],[24.6179984,58.3739014],[24.6179616,58.373943],[24.6173593,58.3737968]]]},"id":"way/1011509010"},{"type":"Feature","properties":{"@id":"way/1011509011","amenity":"parking","capacity":"15","capacity:disabled":"1","parking":"surface","surface":"asphalt","source":"OpenStreetMap (amenity=parking extract; Overpass unavailable at build — subset of estonia_parking_master)","lastVerified":"2026-10-02"},"geometry":{"type":"Polygon","coordinates":[[[24.6182264,58.3739555],[24.6183254,58.3735841],[24.6184146,58.3735906],[24.6183157,58.373962],[24.6182264,58.3739555]]]},"id":"way/1011509011"},{"type":"Feature","properties":{"@id":"way/1011512827","amenity":"parking","parking":"surface","surface":"asphalt","source":"OpenStreetMap (amenity=parking extract; Overpass unavailable at build — subset of estonia_parking_master)","lastVerified":"2026-10-02"},"geometry":{"type":"Polygon","coordinates":[[[24.4967237,58.429916],[24.4967374,58.4298622],[24.4967374,58.4298299],[24.496721,58.4297998],[24.4966853,58.4297718],[24.4966236,58.4297359],[24.4972783,58.4296605],[24.4973064,58.4297545],[24.4967237,58.429916]]]},"id":"way/1011512827"},{"type":"Feature","properties":{"@id":"way/1011520412","amenity":"parking","parking":"surface","surface":"asphalt","source":"OpenStreetMap (amenity=parking extract; Overpass unavailable at build — subset of estonia_parking_master)","lastVerified":"2026-10-02"},"geometry":{"type":"Polygon","coordinates":[[[24.5275746,58.3796018],[24.5276498,58.3795721],[24.5280281,58.3798349],[24.527953,58.3798646],[24.5275746,58.3796018]]]},"id":"way/1011520412"},{"type":"Feature","properties":{"@id":"way/1011520413","amenity":"parking","capacity":"14","capacity:disabled":"1","parking":"surface","surface":"asphalt","source":"OpenStreetMap (amenity=parking extract; Overpass unavailable at build — subset of estonia_parking_master)","lastVerified":"2026-10-02"},"geometry":{"type":"Polygon","coordinates":[[[24.5269501,58.3799178],[24.5268965,58.3798814],[24.5275242,58.3796276],[24.5275778,58.379664],[24.5269501,58.3799178]]]},"id":"way/1011520413"},{"type":"Feature","properties":{"@id":"way/1011520414","amenity":"parking","parking":"surface","surface":"asphalt","source":"OpenStreetMap (amenity=parking extract; Overpass unavailable at build — subset of estonia_parking_master)","lastVerified":"2026-10-02"},"geometry":{"type":"Polygon","coordinates":[[[24.5273154,58.3804331],[24.5267099,58.3800271],[24.5268027,58.379989],[24.5274082,58.3803951],[24.5273154,58.3804331]]]},"id":"way/1011520414"},{"type":"Feature","properties":{"@id":"way/1011533648","amenity":"parking","parking":"surface","source":"OpenStreetMap (amenity=parking extract; Overpass unavailable at build — subset of estonia_parking_master)","lastVerified":"2026-10-02"},"geometry":{"type":"Polygon","coordinates":[[[24.4963115,58.3844824],[24.4970571,58.3845153],[24.4973055,58.3845262],[24.4972036,58.3845668],[24.4971209,58.3845982],[24.4970822,58.3846096],[24.4970377,58.3846155],[24.4969863,58.3846154],[24.4968958,58.3846025],[24.4965343,58.3845324],[24.4963115,58.3844824]]]},"id":"way/1011533648"},{"type":"Feature","properties":{"@id":"way/1011860433","amenity":"parking","parking":"surface","surface":"asphalt","source":"OpenStreetMap (amenity=parking extract; Overpass unavailable at build — subset of estonia_parking_master)","lastVerified":"2026-10-02"},"geometry":{"type":"Polygon","coordinates":[[[24.5706742,58.3739623],[24.5704832,58.3735955],[24.5706043,58.3735782],[24.5707954,58.3739449],[24.5706742,58.3739623]]]},"id":"way/1011860433"},{"type":"Feature","properties":{"@id":"way/1020371330","access":"customers","amenity":"parking","parking":"surface","source":"OpenStreetMap (amenity=parking extract; Overpass unavailable at build — subset of estonia_parking_master)","lastVerified":"2026-10-02"},"geometry":{"type":"Polygon","coordinates":[[[24.4964784,58.4065007],[24.4961166,58.4065262],[24.4960633,58.4063394],[24.4960436,58.4062638],[24.4964679,58.4062563],[24.4964784,58.4065007]]]},"id":"way/1020371330"},{"type":"Feature","properties":{"@id":"way/1020371331","amenity":"parking","parking":"surface","source":"OpenStreetMap (amenity=parking extract; Overpass unavailable at build — subset of estonia_parking_master)","lastVerified":"2026-10-02"},"geometry":{"type":"Polygon","coordinates":[[[24.495011,58.4067296],[24.4950002,58.4066798],[24.4954786,58.4066515],[24.4954894,58.4067014],[24.495011,58.4067296]]]},"id":"way/1020371331"},{"type":"Feature","properties":{"@id":"way/1020371332","amenity":"parking","parking":"surface","source":"OpenStreetMap (amenity=parking extract; Overpass unavailable at build — subset of estonia_parking_master)","lastVerified":"2026-10-02"},"geometry":{"type":"Polygon","coordinates":[[[24.4955941,58.4066946],[24.495583,58.4066463],[24.49601,58.4066194],[24.4960211,58.4066677],[24.4955941,58.4066946]]]},"id":"way/1020371332"},{"type":"Feature","properties":{"@id":"way/1047409366","amenity":"parking","source":"OpenStreetMap (amenity=parking extract; Overpass unavailable at build — subset of estonia_parking_master)","lastVerified":"2026-10-02"},"geometry":{"type":"Polygon","coordinates":[[[24.6070491,58.3709274],[24.6070727,58.3708141],[24.6077098,58.3710517],[24.6076367,58.3711501],[24.6070491,58.3709274]]]},"id":"way/1047409366"},{"type":"Feature","properties":{"@id":"way/1056066437","amenity":"parking","source":"OpenStreetMap (amenity=parking extract; Overpass unavailable at build — subset of estonia_parking_master)","lastVerified":"2026-10-02"},"geometry":{"type":"Polygon","coordinates":[[[24.5518614,58.3863154],[24.5518553,58.3862341],[24.5522667,58.3862342],[24.5522744,58.3863152],[24.5522427,58.386314],[24.5518614,58.3863154]]]},"id":"way/1056066437"},{"type":"Feature","properties":{"@id":"way/1056066444","amenity":"parking","source":"OpenStreetMap (amenity=parking extract; Overpass unavailable at build — subset of estonia_parking_master)","lastVerified":"2026-10-02"},"geometry":{"type":"Polygon","coordinates":[[[24.5218452,58.3963302],[24.5217745,58.3962645],[24.5217166,58.3962107],[24.5218101,58.3961831],[24.5220888,58.3961007],[24.5221523,58.3961597],[24.5221856,58.3961906],[24.5222175,58.3962202],[24.5221822,58.3962306],[24.5218452,58.3963302]]]},"id":"way/1056066444"},{"type":"Feature","properties":{"@id":"way/1056265890","amenity":"parking","parking":"surface","source":"OpenStreetMap (amenity=parking extract; Overpass unavailable at build — subset of estonia_parking_master)","lastVerified":"2026-10-02"},"geometry":{"type":"Polygon","coordinates":[[[24.552147,58.3682799],[24.5526368,58.3680571],[24.5526914,58.3680896],[24.5527269,58.368075],[24.5526738,58.3680402],[24.5533254,58.3677403],[24.5533632,58.3677598],[24.553412,58.3678539],[24.5534609,58.3678856],[24.5533257,58.3679478],[24.5532824,58.3679223],[24.5532688,58.3679194],[24.5532479,58.3679281],[24.5532467,58.3679346],[24.5532925,58.3679626],[24.5529724,58.3681089],[24.5529335,58.3680822],[24.5529229,58.3680798],[24.5529118,58.3680811],[24.552859,58.3681046],[24.552856,58.3681097],[24.5528601,58.3681152],[24.5529024,58.3681431],[24.5526629,58.3682517],[24.5526146,58.3682249],[24.5526024,58.3682213],[24.5525773,58.3682315],[24.5525814,58.368239],[24.552628,58.3682675],[24.5523645,58.3683869],[24.552147,58.3682799]]]},"id":"way/1056265890"},{"type":"Feature","properties":{"@id":"way/1056265895","amenity":"parking","source":"OpenStreetMap (amenity=parking extract; Overpass unavailable at build — subset of estonia_parking_master)","lastVerified":"2026-10-02"},"geometry":{"type":"Polygon","coordinates":[[[24.5325466,58.3706366],[24.5326827,58.3704831],[24.532763,58.3705027],[24.5327939,58.3704679],[24.5329158,58.3704976],[24.5328791,58.3705389],[24.5329555,58.3705575],[24.5328251,58.3707045],[24.5325466,58.3706366]]]},"id":"way/1056265895"},{"type":"Feature","properties":{"@id":"way/1056265896","amenity":"parking","source":"OpenStreetMap (amenity=parking extract; Overpass unavailable at build — subset of estonia_parking_master)","lastVerified":"2026-10-02"},"geometry":{"type":"Polygon","coordinates":[[[24.5324075,58.3708291],[24.5325457,58.3706845],[24.53271,58.3707277],[24.5325717,58.3708723],[24.5324075,58.3708291]]]},"id":"way/1056265896"},{"type":"Feature","properties":{"@id":"way/1056265899","amenity":"parking","source":"OpenStreetMap (amenity=parking extract; Overpass unavailable at build — subset of estonia_parking_master)","lastVerified":"2026-10-02"},"geometry":{"type":"Polygon","coordinates":[[[24.5323817,58.372516],[24.5325798,58.3723166],[24.5326462,58.3723348],[24.5327301,58.3723577],[24.5325319,58.3725571],[24.5324759,58.3725418],[24.5323817,58.372516]]]},"id":"way/1056265899"},{"type":"Feature","properties":{"@id":"way/1056265900","amenity":"parking","source":"OpenStreetMap (amenity=parking extract; Overpass unavailable at build — subset of estonia_parking_master)","lastVerified":"2026-10-02"},"geometry":{"type":"Polygon","coordinates":[[[24.5327356,58.3722235],[24.5329149,58.3722721],[24.5331521,58.3723362],[24.5331641,58.3723395],[24.5331466,58.3723611],[24.5330741,58.3724377],[24.5326543,58.3723209],[24.5327356,58.3722235]]]},"id":"way/1056265900"},{"type":"Feature","properties":{"@id":"way/1056265901","amenity":"parking","source":"OpenStreetMap (amenity=parking extract; Overpass unavailable at build — subset of estonia_parking_master)","lastVerified":"2026-10-02"},"geometry":{"type":"Polygon","coordinates":[[[24.5368646,58.3708568],[24.5381372,58.3701891],[24.5382309,58.3702382],[24.5369585,58.370906],[24.5368646,58.3708568]]]},"id":"way/1056265901"},{"type":"Feature","properties":{"@id":"way/1056265905","amenity":"parking","source":"OpenStreetMap (amenity=parking extract; Overpass unavailable at build — subset of estonia_parking_master)","lastVerified":"2026-10-02"},"geometry":{"type":"Polygon","coordinates":[[[24.5382614,58.3683102],[24.5383564,58.3682054],[24.5385767,58.3679625],[24.5385994,58.3679374],[24.5388033,58.3677126],[24.5388135,58.3677013],[24.5389185,58.3677776],[24.5389636,58.3678104],[24.5386223,58.368176],[24.5385766,58.3681643],[24.5383746,58.3683807],[24.5382996,58.368334],[24.5382614,58.3683102]]]},"id":"way/1056265905"},{"type":"Feature","properties":{"@id":"way/1076409114","amenity":"parking","capacity":"3","parking":"lane","source":"OpenStreetMap (amenity=parking extract; Overpass unavailable at build — subset of estonia_parking_master)","lastVerified":"2026-10-02"},"geometry":{"type":"Polygon","coordinates":[[[24.4949448,58.3929892],[24.4949831,58.3929976],[24.4949226,58.3931463],[24.4948861,58.3931398],[24.4949448,58.3929892]]]},"id":"way/1076409114"},{"type":"Feature","properties":{"@id":"way/1076409115","amenity":"parking","capacity":"2","parking":"lane","source":"OpenStreetMap (amenity=parking extract; Overpass unavailable at build — subset of estonia_parking_master)","lastVerified":"2026-10-02"},"geometry":{"type":"Polygon","coordinates":[[[24.4950498,58.3926339],[24.4950716,58.3926404],[24.4950934,58.3926749],[24.4950632,58.3927803],[24.4950249,58.3928115],[24.4950062,58.3928115],[24.4950498,58.3926339]]]},"id":"way/1076409115"},{"type":"Feature","properties":{"@id":"way/1085135905","amenity":"parking","source":"OpenStreetMap (amenity=parking extract; Overpass unavailable at build — subset of estonia_parking_master)","lastVerified":"2026-10-02"},"geometry":{"type":"Polygon","coordinates":[[[24.6198607,58.3716678],[24.6199237,58.3713501],[24.620218,58.3713662],[24.6201552,58.3716839],[24.6198607,58.3716678]]]},"id":"way/1085135905"},{"type":"Feature","properties":{"@id":"way/1089512764","access":"customers","amenity":"parking","parking":"surface","surface":"asphalt","source":"OpenStreetMap (amenity=parking extract; Overpass unavailable at build — subset of estonia_parking_master)","lastVerified":"2026-10-02"},"geometry":{"type":"Polygon","coordinates":[[[24.5247975,58.3986218],[24.5246539,58.3986647],[24.5246018,58.3986802],[24.5243844,58.3984804],[24.5234307,58.3987652],[24.5233775,58.3987163],[24.5233362,58.3986783],[24.5237408,58.3985575],[24.5237821,58.3985955],[24.5238293,58.3985814],[24.5237822,58.3985381],[24.5239183,58.3984975],[24.5239656,58.398541],[24.5240167,58.3985258],[24.5239709,58.3984837],[24.5243939,58.3983574],[24.5244306,58.3983911],[24.5244847,58.3984409],[24.5245723,58.3984147],[24.5247975,58.3986218]]]},"id":"way/1089512764"},{"type":"Feature","properties":{"@id":"way/1090832073","amenity":"parking","source":"OpenStreetMap (amenity=parking extract; Overpass unavailable at build — subset of estonia_parking_master)","lastVerified":"2026-10-02"},"geometry":{"type":"Polygon","coordinates":[[[24.50456,58.3793863],[24.5046801,58.3793663],[24.5050575,58.3796657],[24.5049821,58.3797178],[24.5047662,58.3795553],[24.50456,58.3793863]]]},"id":"way/1090832073"},{"type":"Feature","properties":{"@id":"way/1099730416","amenity":"parking","source":"OpenStreetMap (amenity=parking extract; Overpass unavailable at build — subset of estonia_parking_master)","lastVerified":"2026-10-02"},"geometry":{"type":"Polygon","coordinates":[[[24.5319164,58.3747922],[24.531964,58.3747457],[24.532126,58.3747912],[24.5320784,58.3748378],[24.5319164,58.3747922]]]},"id":"way/1099730416"},{"type":"Feature","properties":{"@id":"way/1099730417","amenity":"parking","source":"OpenStreetMap (amenity=parking extract; Overpass unavailable at build — subset of estonia_parking_master)","lastVerified":"2026-10-02"},"geometry":{"type":"Polygon","coordinates":[[[24.5322048,58.3748746],[24.5322526,58.3748256],[24.5324865,58.3748886],[24.5324387,58.3749375],[24.5322048,58.3748746]]]},"id":"way/1099730417"},{"type":"Feature","properties":{"@id":"way/1111169170","amenity":"parking","parking":"surface","surface":"asphalt","source":"OpenStreetMap (amenity=parking extract; Overpass unavailable at build — subset of estonia_parking_master)","lastVerified":"2026-10-02"},"geometry":{"type":"Polygon","coordinates":[[[24.4966318,58.4074149],[24.4968823,58.4071809],[24.4969559,58.4072026],[24.4967053,58.4074365],[24.4966318,58.4074149]]]},"id":"way/1111169170"},{"type":"Feature","properties":{"@id":"way/1113594289","amenity":"parking","parking":"surface","surface":"asphalt","source":"OpenStreetMap (amenity=parking extract; Overpass unavailable at build — subset of estonia_parking_master)","lastVerified":"2026-10-02"},"geometry":{"type":"Polygon","coordinates":[[[24.4868386,58.4009003],[24.486849,58.4008539],[24.4877723,58.4009108],[24.4877619,58.4009572],[24.4868386,58.4009003]]]},"id":"way/1113594289"},{"type":"Feature","properties":{"@id":"way/1113594290","amenity":"parking","parking":"surface","surface":"asphalt","source":"OpenStreetMap (amenity=parking extract; Overpass unavailable at build — subset of estonia_parking_master)","lastVerified":"2026-10-02"},"geometry":{"type":"Polygon","coordinates":[[[24.4871272,58.401506],[24.4871404,58.40146],[24.4881809,58.4015267],[24.4881693,58.401558],[24.4881356,58.4015718],[24.4871272,58.401506]]]},"id":"way/1113594290"},{"type":"Feature","properties":{"@id":"way/1116601444","access":"customers","amenity":"parking","fee":"no","parking":"surface","source":"OpenStreetMap (amenity=parking extract; Overpass unavailable at build — subset of estonia_parking_master)","lastVerified":"2026-10-02"},"geometry":{"type":"Polygon","coordinates":[[[24.5405066,58.3930957],[24.5402957,58.3928956],[24.5412537,58.3926184],[24.5414644,58.3928183],[24.5405066,58.3930957]]]},"id":"way/1116601444"},{"type":"Feature","properties":{"@id":"way/1144945181","amenity":"parking","parking":"surface","surface":"asphalt","source":"OpenStreetMap (amenity=parking extract; Overpass unavailable at build — subset of estonia_parking_master)","lastVerified":"2026-10-02"},"geometry":{"type":"Polygon","coordinates":[[[24.5139412,58.3871856],[24.5137225,58.3871528],[24.5136934,58.3870573],[24.5140986,58.3870252],[24.5141335,58.3871704],[24.5139412,58.3871856]]]},"id":"way/1144945181"},{"type":"Feature","properties":{"@id":"way/1148192291","access":"yes","amenity":"parking","parking":"surface","surface":"asphalt","source":"OpenStreetMap (amenity=parking extract; Overpass unavailable at build — subset of estonia_parking_master)","lastVerified":"2026-10-02"},"geometry":{"type":"Polygon","coordinates":[[[24.4968831,58.4303789],[24.4966804,58.4301775],[24.4967713,58.4301524],[24.4968432,58.4301326],[24.4973805,58.4299844],[24.4975831,58.4301857],[24.4968831,58.4303789]]]},"id":"way/1148192291"},{"type":"Feature","properties":{"@id":"way/1155413038","access":"yes","amenity":"parking","fee":"yes","parking":"surface","surface":"asphalt","website":"https://parnu.ee/en/135-parkimine","source":"OpenStreetMap (amenity=parking extract; Overpass unavailable at build — subset of estonia_parking_master)","lastVerified":"2026-10-02"},"geometry":{"type":"Polygon","coordinates":[[[24.5094726,58.3826555],[24.5102031,58.3831468],[24.5101398,58.3831737],[24.5100123,58.3830908],[24.5100064,58.3830628],[24.5098294,58.3829364],[24.5097978,58.3829395],[24.5094528,58.382699],[24.5094726,58.3826555]]]},"id":"way/1155413038"},{"type":"Feature","properties":{"@id":"way/1175531195","amenity":"parking","parking":"lane","source":"OpenStreetMap (amenity=parking extract; Overpass unavailable at build — subset of estonia_parking_master)","lastVerified":"2026-10-02"},"geometry":{"type":"Polygon","coordinates":[[[24.4894229,58.3863019],[24.4896037,58.3861272],[24.489571,58.3860526],[24.4895953,58.386043],[24.4896271,58.3860557],[24.4896606,58.3860759],[24.4896866,58.3861013],[24.4897016,58.3861215],[24.4894932,58.3863207],[24.4894229,58.3863019]]]},"id":"way/1175531195"},{"type":"Feature","properties":{"@id":"way/1191277255","access":"yes","amenity":"parking","capacity":"10","parking":"surface","source":"OpenStreetMap (amenity=parking extract; Overpass unavailable at build — subset of estonia_parking_master)","lastVerified":"2026-10-02"},"geometry":{"type":"Polygon","coordinates":[[[24.5413634,58.3688193],[24.5415525,58.3687165],[24.5417128,58.3688055],[24.5415579,58.3689136],[24.5414688,58.3689048],[24.5413713,58.3688939],[24.5414217,58.3688561],[24.5413634,58.3688193]]]},"id":"way/1191277255"},{"type":"Feature","properties":{"@id":"way/1223146908","access":"yes","amenity":"parking","source":"OpenStreetMap (amenity=parking extract; Overpass unavailable at build — subset of estonia_parking_master)","lastVerified":"2026-10-02"},"geometry":{"type":"Polygon","coordinates":[[[24.5683633,58.3539401],[24.5686119,58.3537633],[24.5686519,58.3537604],[24.5686918,58.353734],[24.5690873,58.3539023],[24.5689983,58.3539584],[24.568823,58.35388],[24.5686216,58.3540164],[24.5683633,58.3539401]]]},"id":"way/1223146908"},{"type":"Feature","properties":{"@id":"way/1225739077","amenity":"parking","source":"OpenStreetMap (amenity=parking extract; Overpass unavailable at build — subset of estonia_parking_master)","lastVerified":"2026-10-02"},"geometry":{"type":"Polygon","coordinates":[[[24.5446817,58.3656738],[24.5447977,58.3656321],[24.5448588,58.3656101],[24.544934,58.3656675],[24.5449911,58.3656469],[24.5451158,58.3657421],[24.5449601,58.3657982],[24.5448816,58.3658265],[24.5447357,58.3657151],[24.5446817,58.3656738]]]},"id":"way/1225739077"},{"type":"Feature","properties":{"@id":"way/1225739087","access":"yes","amenity":"parking","capacity":"21","source":"OpenStreetMap (amenity=parking extract; Overpass unavailable at build — subset of estonia_parking_master)","lastVerified":"2026-10-02"},"geometry":{"type":"Polygon","coordinates":[[[24.5428315,58.3672126],[24.5423572,58.3669695],[24.5422962,58.3668864],[24.542364,58.3668466],[24.5425171,58.366875],[24.5430578,58.3671671],[24.5429846,58.3672048],[24.5428315,58.3672126]]]},"id":"way/1225739087"},{"type":"Feature","properties":{"@id":"way/1225743407","amenity":"parking","parking":"surface","surface":"asphalt","source":"OpenStreetMap (amenity=parking extract; Overpass unavailable at build — subset of estonia_parking_master)","lastVerified":"2026-10-02"},"geometry":{"type":"Polygon","coordinates":[[[24.4867172,58.4035001],[24.4873781,58.4032903],[24.4874862,58.4033839],[24.4871028,58.4035055],[24.4871481,58.4035446],[24.4868706,58.4036327],[24.4867172,58.4035001]]]},"id":"way/1225743407"},{"type":"Feature","properties":{"@id":"way/1225743408","amenity":"parking","parking":"surface","surface":"asphalt","source":"OpenStreetMap (amenity=parking extract; Overpass unavailable at build — subset of estonia_parking_master)","lastVerified":"2026-10-02"},"geometry":{"type":"Polygon","coordinates":[[[24.4878203,58.4031838],[24.4889328,58.4030101],[24.4890119,58.4031609],[24.48791,58.4033377],[24.4878203,58.4031838]]]},"id":"way/1225743408"},{"type":"Feature","properties":{"@id":"way/1225743409","amenity":"parking","parking":"surface","surface":"asphalt","source":"OpenStreetMap (amenity=parking extract; Overpass unavailable at build — subset of estonia_parking_master)","lastVerified":"2026-10-02"},"geometry":{"type":"Polygon","coordinates":[[[24.4892868,58.4029687],[24.4895994,58.4029508],[24.4896277,58.4031047],[24.4893186,58.4031238],[24.4892868,58.4029687]]]},"id":"way/1225743409"},{"type":"Feature","properties":{"@id":"way/1232198715","access":"yes","amenity":"parking","capacity":"134","parking":"surface","surface":"asphalt","source":"OpenStreetMap (amenity=parking extract; Overpass unavailable at build — subset of estonia_parking_master)","lastVerified":"2026-10-02"},"geometry":{"type":"Polygon","coordinates":[[[24.449847,58.4063885],[24.4501172,58.4062741],[24.4501604,58.4062771],[24.4503587,58.4063298],[24.450445,58.4063614],[24.4511521,58.4069172],[24.4511895,58.4069111],[24.4518622,58.4064157],[24.4519753,58.4064757],[24.4518613,58.4065472],[24.4519637,58.4065966],[24.4515902,58.4068718],[24.4510071,58.4072454],[24.450185,58.4066543],[24.449847,58.4063885]]]},"id":"way/1232198715"},{"type":"Feature","properties":{"@id":"way/1253927163","amenity":"parking","orientation":"perpendicular","parking":"street_side","source":"OpenStreetMap (amenity=parking extract; Overpass unavailable at build — subset of estonia_parking_master)","lastVerified":"2026-10-02"},"geometry":{"type":"Polygon","coordinates":[[[24.5028614,58.4284],[24.5027159,58.4287667],[24.5033998,58.4288843],[24.5033743,58.4289263],[24.5026241,58.4287967],[24.5027733,58.4283893],[24.5028614,58.4284]]]},"id":"way/1253927163"},{"type":"Feature","properties":{"@id":"way/1253927164","amenity":"parking","parking":"surface","source":"OpenStreetMap (amenity=parking extract; Overpass unavailable at build — subset of estonia_parking_master)","lastVerified":"2026-10-02"},"geometry":{"type":"Polygon","coordinates":[[[24.5028027,58.4296377],[24.5028843,58.4294968],[24.5038515,58.4296464],[24.5038362,58.4296812],[24.5038668,58.4296952],[24.5039038,58.4296992],[24.5039982,58.4297941],[24.5040403,58.4297774],[24.5043516,58.4300345],[24.5041105,58.4301113],[24.5037213,58.4297807],[24.5028027,58.4296377]]]},"id":"way/1253927164"},{"type":"Feature","properties":{"@id":"way/1253927170","amenity":"parking","orientation":"perpendicular","parking":"street_side","source":"OpenStreetMap (amenity=parking extract; Overpass unavailable at build — subset of estonia_parking_master)","lastVerified":"2026-10-02"},"geometry":{"type":"Polygon","coordinates":[[[24.5023817,58.4279704],[24.5023536,58.4280138],[24.5015766,58.4278909],[24.5017501,58.4274641],[24.5018369,58.4274741],[24.5016952,58.4278575],[24.5023817,58.4279704]]]},"id":"way/1253927170"},{"type":"Feature","properties":{"@id":"way/1253927171","amenity":"parking","orientation":"perpendicular","parking":"street_side","source":"OpenStreetMap (amenity=parking extract; Overpass unavailable at build — subset of estonia_parking_master)","lastVerified":"2026-10-02"},"geometry":{"type":"Polygon","coordinates":[[[24.5019772,58.4271234],[24.5020104,58.4270826],[24.5027198,58.4272129],[24.502744,58.4272236],[24.5027606,58.4272396],[24.5027568,58.4272563],[24.5026164,58.4276291],[24.5025386,58.4276191],[24.5026904,58.4272483],[24.5019772,58.4271234]]]},"id":"way/1253927171"},{"type":"Feature","properties":{"@id":"way/1253927172","amenity":"parking","orientation":"perpendicular","parking":"street_side","source":"OpenStreetMap (amenity=parking extract; Overpass unavailable at build — subset of estonia_parking_master)","lastVerified":"2026-10-02"},"geometry":{"type":"Polygon","coordinates":[[[24.5013673,58.4270486],[24.5013418,58.427096],[24.5005278,58.4269644],[24.500723,58.4264821],[24.5008238,58.4264948],[24.5006579,58.426931],[24.5013673,58.4270486]]]},"id":"way/1253927172"},{"type":"Feature","properties":{"@id":"way/1253927174","amenity":"parking","parking":"street_side","source":"OpenStreetMap (amenity=parking extract; Overpass unavailable at build — subset of estonia_parking_master)","lastVerified":"2026-10-02"},"geometry":{"type":"Polygon","coordinates":[[[24.5014617,58.426601],[24.5013775,58.4265889],[24.5015192,58.4262075],[24.5008264,58.4260893],[24.5008544,58.4260478],[24.5015638,58.4261761],[24.5015881,58.4261895],[24.5016034,58.4262062],[24.5014617,58.426601]]]},"id":"way/1253927174"},{"type":"Feature","properties":{"@id":"way/1279888306","access":"yes","amenity":"parking","fee":"no","parking":"surface","source":"OpenStreetMap (amenity=parking extract; Overpass unavailable at build — subset of estonia_parking_master)","lastVerified":"2026-10-02"},"geometry":{"type":"Polygon","coordinates":[[[24.5777938,58.3643966],[24.5778113,58.3643136],[24.5774713,58.3643466],[24.5774827,58.3641646],[24.578125,58.3641756],[24.5782071,58.3641953],[24.5781643,58.3642893],[24.5779275,58.3644268],[24.5777938,58.3643966]]]},"id":"way/1279888306"},{"type":"Feature","properties":{"@id":"way/1280570146","access":"customers","amenity":"parking","parking":"surface","surface":"asphalt","source":"OpenStreetMap (amenity=parking extract; Overpass unavailable at build — subset of estonia_parking_master)","lastVerified":"2026-10-02"},"geometry":{"type":"Polygon","coordinates":[[[24.5346101,58.3745491],[24.5347509,58.3744787],[24.5349742,58.3746017],[24.5348334,58.374672],[24.5346101,58.3745491]]]},"id":"way/1280570146"},{"type":"Feature","properties":{"@id":"way/1282222390","amenity":"parking","parking":"surface","source":"OpenStreetMap (amenity=parking extract; Overpass unavailable at build — subset of estonia_parking_master)","lastVerified":"2026-10-02"},"geometry":{"type":"Polygon","coordinates":[[[24.5419981,58.3862344],[24.542126,58.3858826],[24.5420402,58.3858741],[24.5421035,58.3856999],[24.5423347,58.3856736],[24.5427114,58.3857112],[24.5426126,58.3859836],[24.5425227,58.3859746],[24.5424983,58.3860416],[24.5425876,58.3860506],[24.5425025,58.3862848],[24.5419981,58.3862344]]]},"id":"way/1282222390"},{"type":"Feature","properties":{"@id":"way/1296702241","amenity":"parking","source":"OpenStreetMap (amenity=parking extract; Overpass unavailable at build — subset of estonia_parking_master)","lastVerified":"2026-10-02"},"geometry":{"type":"Polygon","coordinates":[[[24.5121689,58.3948692],[24.5127639,58.3946814],[24.5129409,58.3948338],[24.5123309,58.3950102],[24.5121689,58.3948692]]]},"id":"way/1296702241"},{"type":"Feature","properties":{"@id":"way/1296702243","access":"yes","amenity":"parking","capacity":"30","parking":"surface","source":"OpenStreetMap (amenity=parking extract; Overpass unavailable at build — subset of estonia_parking_master)","lastVerified":"2026-10-02"},"geometry":{"type":"Polygon","coordinates":[[[24.5107704,58.3962385],[24.5105302,58.3962468],[24.5105245,58.3962016],[24.5105026,58.3960274],[24.5104919,58.3959419],[24.5104716,58.39578],[24.5104662,58.3957371],[24.5107066,58.3957288],[24.5107704,58.3962385]]]},"id":"way/1296702243"},{"type":"Feature","properties":{"@id":"way/1297723702","amenity":"parking","source":"OpenStreetMap (amenity=parking extract; Overpass unavailable at build — subset of estonia_parking_master)","lastVerified":"2026-10-02"},"geometry":{"type":"Polygon","coordinates":[[[24.5313419,58.3737168],[24.5312331,58.3736631],[24.5312513,58.3736416],[24.531223,58.3735883],[24.5313129,58.3734982],[24.5314903,58.3733232],[24.5316044,58.3732146],[24.5317414,58.3732469],[24.5317679,58.3732868],[24.5313419,58.3737168]]]},"id":"way/1297723702"},{"type":"Feature","properties":{"@id":"way/1297723728","access":"customers","amenity":"parking","parking":"surface","surface":"asphalt","source":"OpenStreetMap (amenity=parking extract; Overpass unavailable at build — subset of estonia_parking_master)","lastVerified":"2026-10-02"},"geometry":{"type":"Polygon","coordinates":[[[24.5306769,58.3767573],[24.5309672,58.3770207],[24.5307253,58.377094],[24.5304349,58.3768307],[24.5306769,58.3767573]]]},"id":"way/1297723728"},{"type":"Feature","properties":{"@id":"way/1302106565","amenity":"parking","parking":"street_side","source":"OpenStreetMap (amenity=parking extract; Overpass unavailable at build — subset of estonia_parking_master)","lastVerified":"2026-10-02"},"geometry":{"type":"Polygon","coordinates":[[[24.5029777,58.3859486],[24.5030983,58.3857407],[24.5031751,58.3857529],[24.5030545,58.3859608],[24.5029777,58.3859486]]]},"id":"way/1302106565"},{"type":"Feature","properties":{"@id":"way/1303740399","amenity":"parking","parking":"street_side","source":"OpenStreetMap (amenity=parking extract; Overpass unavailable at build — subset of estonia_parking_master)","lastVerified":"2026-10-02"},"geometry":{"type":"Polygon","coordinates":[[[24.5036581,58.3739058],[24.5036248,58.3739631],[24.5033203,58.3740427],[24.5032877,58.3740077],[24.5036581,58.3739058]]]},"id":"way/1303740399"},{"type":"Feature","properties":{"@id":"way/1303740400","amenity":"parking","parking":"street_side","source":"OpenStreetMap (amenity=parking extract; Overpass unavailable at build — subset of estonia_parking_master)","lastVerified":"2026-10-02"},"geometry":{"type":"Polygon","coordinates":[[[24.5082553,58.3727485],[24.5083381,58.372776],[24.5092016,58.3737095],[24.5091898,58.3737574],[24.5082553,58.3727485]]]},"id":"way/1303740400"},{"type":"Feature","properties":{"@id":"way/1303740401","amenity":"parking","parking":"street_side","source":"OpenStreetMap (amenity=parking extract; Overpass unavailable at build — subset of estonia_parking_master)","lastVerified":"2026-10-02"},"geometry":{"type":"Polygon","coordinates":[[[24.501534,58.3744655],[24.4976723,58.3754917],[24.4974133,58.3755788],[24.4972988,58.3756285],[24.4971958,58.3756872],[24.4969945,58.3758075],[24.496944,58.3758445],[24.4969218,58.3758155],[24.4970811,58.3757191],[24.4971605,58.3756691],[24.497229,58.3756285],[24.4973085,58.3755901],[24.4973932,58.3755556],[24.49748,58.3755243],[24.4976588,58.3754717],[24.4980254,58.3753745],[24.4984266,58.3752657],[24.498743,58.3751809],[24.4991301,58.375079],[24.4995974,58.3749498],[24.4999024,58.3748659],[24.5006608,58.3746647],[24.50128,58.3745005],[24.5013698,58.3744805],[24.5014258,58.3744703],[24.5014755,58.374464],[24.501534,58.3744655]]]},"id":"way/1303740401"},{"type":"Feature","properties":{"@id":"way/1303740402","amenity":"parking","parking":"street_side","source":"OpenStreetMap (amenity=parking extract; Overpass unavailable at build — subset of estonia_parking_master)","lastVerified":"2026-10-02"},"geometry":{"type":"Polygon","coordinates":[[[24.5032082,58.3740247],[24.5032416,58.3740631],[24.5029172,58.3741493],[24.5028079,58.3741314],[24.5032082,58.3740247]]]},"id":"way/1303740402"},{"type":"Feature","properties":{"@id":"way/1303741334","amenity":"parking","source":"OpenStreetMap (amenity=parking extract; Overpass unavailable at build — subset of estonia_parking_master)","lastVerified":"2026-10-02"},"geometry":{"type":"Polygon","coordinates":[[[24.5014207,58.3753117],[24.5014743,58.3752793],[24.5017153,58.3753889],[24.5016617,58.3754213],[24.5014207,58.3753117]]]},"id":"way/1303741334"},{"type":"Feature","properties":{"@id":"way/1303741803","amenity":"parking","parking":"street_side","source":"OpenStreetMap (amenity=parking extract; Overpass unavailable at build — subset of estonia_parking_master)","lastVerified":"2026-10-02"},"geometry":{"type":"Polygon","coordinates":[[[24.490672,58.3806469],[24.4907053,58.3806455],[24.490742,58.3806543],[24.490912,58.3807382],[24.4908811,58.3807522],[24.490672,58.3806469]]]},"id":"way/1303741803"},{"type":"Feature","properties":{"@id":"way/1308812460","amenity":"parking","source":"OpenStreetMap (amenity=parking extract; Overpass unavailable at build — subset of estonia_parking_master)","lastVerified":"2026-10-02"},"geometry":{"type":"Polygon","coordinates":[[[24.5074292,58.3873058],[24.5069749,58.3872575],[24.5066114,58.3871821],[24.5062651,58.38709],[24.5062958,58.3869019],[24.5069486,58.3869191],[24.5069217,58.3871465],[24.5073391,58.3871565],[24.5074116,58.3871582],[24.5074292,58.3873058]]]},"id":"way/1308812460"},{"type":"Feature","properties":{"@id":"way/1311863602","access":"customers","amenity":"parking","capacity":"150","parking":"surface","source":"OpenStreetMap (amenity=parking extract; Overpass unavailable at build — subset of estonia_parking_master)","lastVerified":"2026-10-02"},"geometry":{"type":"Polygon","coordinates":[[[24.5522815,58.3698108],[24.552952,58.3694718],[24.5534375,58.3697306],[24.5525041,58.3702074],[24.5531291,58.3705507],[24.5529306,58.3706505],[24.5520374,58.3701709],[24.5524934,58.3699402],[24.5522815,58.3698108]]]},"id":"way/1311863602"},{"type":"Feature","properties":{"@id":"way/1314809183","amenity":"parking","parking":"surface","surface":"asphalt","source":"OpenStreetMap (amenity=parking extract; Overpass unavailable at build — subset of estonia_parking_master)","lastVerified":"2026-10-02"},"geometry":{"type":"Polygon","coordinates":[[[24.5456617,58.3929036],[24.5452595,58.3925225],[24.5453085,58.3925083],[24.5455547,58.3927415],[24.5456235,58.3927215],[24.5457797,58.3928694],[24.5456617,58.3929036]]]},"id":"way/1314809183"},{"type":"Feature","properties":{"@id":"way/1314811305","access":"yes","amenity":"parking","capacity":"5","parking":"lane","surface":"asphalt","source":"OpenStreetMap (amenity=parking extract; Overpass unavailable at build — subset of estonia_parking_master)","lastVerified":"2026-10-02"},"geometry":{"type":"Polygon","coordinates":[[[24.5421983,58.3670275],[24.5422338,58.3670104],[24.5425947,58.367216],[24.5425592,58.3672331],[24.5421983,58.3670275]]]},"id":"way/1314811305"},{"type":"Feature","properties":{"@id":"way/1339018095","amenity":"parking","source":"OpenStreetMap (amenity=parking extract; Overpass unavailable at build — subset of estonia_parking_master)","lastVerified":"2026-10-02"},"geometry":{"type":"Polygon","coordinates":[[[24.4986193,58.3869737],[24.4986525,58.3867733],[24.49873,58.3867584],[24.4986927,58.3869594],[24.4986193,58.3869737]]]},"id":"way/1339018095"},{"type":"Feature","properties":{"@id":"way/1339065944","access":"yes","amenity":"parking","capacity":"35","capacity:disabled":"1","parking":"surface","surface":"asphalt","source":"OpenStreetMap (amenity=parking extract; Overpass unavailable at build — subset of estonia_parking_master)","lastVerified":"2026-10-02"},"geometry":{"type":"Polygon","coordinates":[[[24.5076449,58.405731],[24.5076225,58.4056376],[24.5093958,58.405521],[24.5094183,58.4056146],[24.5076449,58.405731]]]},"id":"way/1339065944"},{"type":"Feature","properties":{"@id":"way/1343176738","amenity":"parking","parking":"surface","surface":"asphalt","source":"OpenStreetMap (amenity=parking extract; Overpass unavailable at build — subset of estonia_parking_master)","lastVerified":"2026-10-02"},"geometry":{"type":"Polygon","coordinates":[[[24.5353934,58.3891557],[24.5351788,58.388955],[24.5353606,58.3889065],[24.5354574,58.388994],[24.5358776,58.3888761],[24.5360221,58.3890088],[24.5357063,58.389094],[24.5356601,58.3890643],[24.5356407,58.3890659],[24.5356213,58.389076],[24.5356139,58.3890854],[24.5356183,58.3890979],[24.5353934,58.3891557]]]},"id":"way/1343176738"},{"type":"Feature","properties":{"@id":"way/1343176739","amenity":"parking","capacity":"25","parking":"surface","surface":"asphalt","source":"OpenStreetMap (amenity=parking extract; Overpass unavailable at build — subset of estonia_parking_master)","lastVerified":"2026-10-02"},"geometry":{"type":"Polygon","coordinates":[[[24.5343097,58.3890456],[24.5340529,58.3888048],[24.5342995,58.3887326],[24.5345819,58.3889975],[24.5344047,58.3890494],[24.534379,58.3890253],[24.5343097,58.3890456]]]},"id":"way/1343176739"},{"type":"Feature","properties":{"@id":"way/1346651106","amenity":"parking","source":"OpenStreetMap (amenity=parking extract; Overpass unavailable at build — subset of estonia_parking_master)","lastVerified":"2026-10-02"},"geometry":{"type":"Polygon","coordinates":[[[24.5348593,58.3918843],[24.5353422,58.3917326],[24.5353808,58.3917671],[24.5353996,58.3917752],[24.5354217,58.3917791],[24.5354533,58.3917791],[24.5355262,58.3917553],[24.5355287,58.3917489],[24.5355278,58.3917425],[24.5355218,58.391735],[24.5355108,58.3917286],[24.5354991,58.3917265],[24.5354866,58.3917272],[24.5354326,58.3917441],[24.5351973,58.3915319],[24.5352966,58.3915012],[24.5352996,58.3914967],[24.535301,58.3914913],[24.5352988,58.391484],[24.535266,58.3914564],[24.5357468,58.3913101],[24.5357935,58.3913504],[24.5358133,58.3913569],[24.5358352,58.3913592],[24.5358535,58.3913561],[24.5359857,58.3913155],[24.5360003,58.3913316],[24.5360654,58.3913136],[24.5363124,58.3915376],[24.53624,58.3915583],[24.5363219,58.3916273],[24.5358864,58.391758],[24.5358325,58.391771],[24.5357512,58.39178],[24.535675,58.3917831],[24.5356203,58.3917872],[24.5355877,58.3917912],[24.5355064,58.3918168],[24.5354861,58.3918281],[24.5354825,58.3918379],[24.535516,58.3918668],[24.5350066,58.3920236],[24.5348593,58.3918843]]]},"id":"way/1346651106"},{"type":"Feature","properties":{"@id":"way/1346651109","amenity":"parking","source":"OpenStreetMap (amenity=parking extract; Overpass unavailable at build — subset of estonia_parking_master)","lastVerified":"2026-10-02"},"geometry":{"type":"Polygon","coordinates":[[[24.5372342,58.3902794],[24.5369364,58.3899815],[24.5371461,58.3899239],[24.5371916,58.3899114],[24.5374893,58.3902094],[24.5372342,58.3902794]]]},"id":"way/1346651109"},{"type":"Feature","properties":{"@id":"way/1363971754","amenity":"parking","capacity":"10","parking":"surface","surface":"asphalt","source":"OpenStreetMap (amenity=parking extract; Overpass unavailable at build — subset of estonia_parking_master)","lastVerified":"2026-10-02"},"geometry":{"type":"Polygon","coordinates":[[[24.5710403,58.3725514],[24.5711202,58.3723224],[24.5713179,58.3723414],[24.5712381,58.3725704],[24.5710403,58.3725514]]]},"id":"way/1363971754"},{"type":"Feature","properties":{"@id":"way/1366641645","amenity":"parking","source":"OpenStreetMap (amenity=parking extract; Overpass unavailable at build — subset of estonia_parking_master)","lastVerified":"2026-10-02"},"geometry":{"type":"Polygon","coordinates":[[[24.4694029,58.4041416],[24.4697536,58.4039847],[24.4698819,58.4040602],[24.4698149,58.4040587],[24.4695056,58.4042013],[24.4694029,58.4041416]]]},"id":"way/1366641645"},{"type":"Feature","properties":{"@id":"way/1376755642","amenity":"parking","source":"OpenStreetMap (amenity=parking extract; Overpass unavailable at build — subset of estonia_parking_master)","lastVerified":"2026-10-02"},"geometry":{"type":"Polygon","coordinates":[[[24.5413408,58.4015831],[24.542688,58.4011833],[24.5427498,58.4012017],[24.5428183,58.4011947],[24.5428583,58.4011492],[24.5427966,58.4010845],[24.5428517,58.401053],[24.5429134,58.401046],[24.5431088,58.4012315],[24.5415979,58.4016741],[24.5415428,58.4016365],[24.541466,58.4016548],[24.5413408,58.4015831]]]},"id":"way/1376755642"},{"type":"Feature","properties":{"@id":"way/1376755652","amenity":"parking","source":"OpenStreetMap (amenity=parking extract; Overpass unavailable at build — subset of estonia_parking_master)","lastVerified":"2026-10-02"},"geometry":{"type":"Polygon","coordinates":[[[24.5398592,58.4021647],[24.5397723,58.4021079],[24.5397419,58.4020766],[24.5397223,58.4020253],[24.5410075,58.4016661],[24.5410742,58.4017349],[24.541151,58.4018062],[24.5398592,58.4021647]]]},"id":"way/1376755652"},{"type":"Feature","properties":{"@id":"way/1376755657","amenity":"parking","source":"OpenStreetMap (amenity=parking extract; Overpass unavailable at build — subset of estonia_parking_master)","lastVerified":"2026-10-02"},"geometry":{"type":"Polygon","coordinates":[[[24.5368554,58.4028859],[24.5375268,58.4026843],[24.5375952,58.4027447],[24.5375425,58.4027597],[24.5369132,58.402939],[24.5368554,58.4028859]]]},"id":"way/1376755657"},{"type":"Feature","properties":{"@id":"way/1396150335","access":"yes","amenity":"parking","capacity":"18","parking":"surface","source":"OpenStreetMap (amenity=parking extract; Overpass unavailable at build — subset of estonia_parking_master)","lastVerified":"2026-10-02"},"geometry":{"type":"Polygon","coordinates":[[[24.4769761,58.3963182],[24.4769775,58.39627],[24.4773802,58.3961546],[24.4774972,58.3961714],[24.4774497,58.3962894],[24.4773941,58.3964277],[24.4772297,58.3964138],[24.4772562,58.3963547],[24.4769761,58.3963182]]]},"id":"way/1396150335"},{"type":"Feature","properties":{"@id":"way/1451669810","amenity":"parking","source":"OpenStreetMap (amenity=parking extract; Overpass unavailable at build — subset of estonia_parking_master)","lastVerified":"2026-10-02"},"geometry":{"type":"Polygon","coordinates":[[[24.5086757,58.3889929],[24.5083795,58.3890012],[24.5083569,58.3887808],[24.5084271,58.388779],[24.5084385,58.3887731],[24.5084414,58.3887663],[24.5084385,58.3887606],[24.5084241,58.3887567],[24.5083386,58.3887588],[24.5083311,58.3887011],[24.5083683,58.3886931],[24.5083932,58.3886792],[24.5084006,58.3886652],[24.5083986,58.3886517],[24.5083859,58.3886388],[24.5083552,58.3886184],[24.5083332,58.3884038],[24.508442,58.3884013],[24.5085349,58.3883991],[24.5085757,58.3883971],[24.5085995,58.3884276],[24.5086138,58.3884551],[24.5086214,58.3884759],[24.5086312,58.3885392],[24.5085631,58.3885408],[24.5085527,58.3885453],[24.5085469,58.3885507],[24.5085484,58.3885587],[24.5085511,58.3885618],[24.5085551,58.3885643],[24.5085658,58.3885679],[24.5086342,58.3885661],[24.5086458,58.3886819],[24.5085769,58.3886845],[24.5085611,58.3886944],[24.5085639,58.3887163],[24.5085714,58.3887226],[24.5085812,58.3887242],[24.5086501,58.3887228],[24.5086613,58.3888391],[24.508593,58.3888412],[24.5085824,58.3888452],[24.5085771,58.3888502],[24.5085782,58.3888596],[24.5085847,58.388865],[24.5085953,58.3888682],[24.5086643,58.3888667],[24.5086757,58.3889929]]]},"id":"way/1451669810"},{"type":"Feature","properties":{"@id":"way/1462095917","access":"yes","amenity":"parking","capacity":"15","fee":"no","parking":"surface","source":"OpenStreetMap (amenity=parking extract; Overpass unavailable at build — subset of estonia_parking_master)","lastVerified":"2026-10-02"},"geometry":{"type":"Polygon","coordinates":[[[24.5414048,58.3665401],[24.5414302,58.3665438],[24.5414664,58.3665397],[24.5414918,58.366526],[24.5419653,58.3667796],[24.5419368,58.3667966],[24.5419222,58.3668123],[24.5419275,58.3668293],[24.5414048,58.3665401]]]},"id":"way/1462095917"},{"type":"Feature","properties":{"@id":"way/1462109271","access":"yes","amenity":"parking","capacity":"12","parking":"surface","source":"OpenStreetMap (amenity=parking extract; Overpass unavailable at build — subset of estonia_parking_master)","lastVerified":"2026-10-02"},"geometry":{"type":"Polygon","coordinates":[[[24.530772,58.3900334],[24.5304844,58.3897691],[24.5305628,58.3897481],[24.5308491,58.390012],[24.530772,58.3900334]]]},"id":"way/1462109271"},{"type":"Feature","properties":{"@id":"way/1462109272","amenity":"parking","capacity":"12","operator":"Selver ABC","operator:type":"public","source":"OpenStreetMap (amenity=parking extract; Overpass unavailable at build — subset of estonia_parking_master)","lastVerified":"2026-10-02"},"geometry":{"type":"Polygon","coordinates":[[[24.530947,58.3902036],[24.5310168,58.3901832],[24.5312635,58.3904067],[24.5311878,58.3904299],[24.530947,58.3902036]]]},"id":"way/1462109272"},{"type":"Feature","properties":{"@id":"way/1462116056","access":"yes","amenity":"parking","capacity":"7","parking":"surface","source":"OpenStreetMap (amenity=parking extract; Overpass unavailable at build — subset of estonia_parking_master)","lastVerified":"2026-10-02"},"geometry":{"type":"Polygon","coordinates":[[[24.5487098,58.3650318],[24.5487945,58.3649915],[24.5488038,58.3649759],[24.5487997,58.364963],[24.5490496,58.3650937],[24.5489392,58.3651537],[24.5487098,58.3650318]]]},"id":"way/1462116056"},{"type":"Feature","properties":{"@id":"way/1462116057","access":"yes","amenity":"parking","capacity":"7","parking":"surface","source":"OpenStreetMap (amenity=parking extract; Overpass unavailable at build — subset of estonia_parking_master)","lastVerified":"2026-10-02"},"geometry":{"type":"Polygon","coordinates":[[[24.5488511,58.3649054],[24.5489106,58.3648724],[24.5491102,58.3649783],[24.5491506,58.3649997],[24.5490863,58.3650322],[24.5488511,58.3649054]]]},"id":"way/1462116057"},{"type":"Feature","properties":{"@id":"way/1462116064","access":"yes","amenity":"parking","parking":"surface","source":"OpenStreetMap (amenity=parking extract; Overpass unavailable at build — subset of estonia_parking_master)","lastVerified":"2026-10-02"},"geometry":{"type":"Polygon","coordinates":[[[24.5490036,58.3657774],[24.5490745,58.3658113],[24.5487517,58.3659749],[24.5486755,58.3659793],[24.548159,58.3657011],[24.5482468,58.3656772],[24.548718,58.3659273],[24.5490036,58.3657774]]]},"id":"way/1462116064"},{"type":"Feature","properties":{"@id":"way/1462116065","access":"yes","amenity":"parking","capacity":"10","parking":"surface","source":"OpenStreetMap (amenity=parking extract; Overpass unavailable at build — subset of estonia_parking_master)","lastVerified":"2026-10-02"},"geometry":{"type":"Polygon","coordinates":[[[24.5481936,58.3656768],[24.5481428,58.3656635],[24.5481201,58.3656489],[24.5483813,58.3654981],[24.5484509,58.3655362],[24.5481936,58.3656768]]]},"id":"way/1462116065"},{"type":"Feature","properties":{"@id":"way/1462116066","access":"yes","amenity":"parking","capacity":"14","parking":"surface","source":"OpenStreetMap (amenity=parking extract; Overpass unavailable at build — subset of estonia_parking_master)","lastVerified":"2026-10-02"},"geometry":{"type":"Polygon","coordinates":[[[24.5485029,58.3655123],[24.548436,58.365481],[24.548875,58.3652384],[24.548952,58.3652812],[24.5485029,58.3655123]]]},"id":"way/1462116066"},{"type":"Feature","properties":{"@id":"way/1462116067","access":"yes","amenity":"parking","capacity":"30","parking":"surface","source":"OpenStreetMap (amenity=parking extract; Overpass unavailable at build — subset of estonia_parking_master)","lastVerified":"2026-10-02"},"geometry":{"type":"Polygon","coordinates":[[[24.5495197,58.3659822],[24.5495697,58.3660115],[24.5487743,58.3664278],[24.5487118,58.366395],[24.5495197,58.3659822]]]},"id":"way/1462116067"},{"type":"Feature","properties":{"@id":"way/1462116068","access":"yes","amenity":"parking","capacity":"15","parking":"surface","source":"OpenStreetMap (amenity=parking extract; Overpass unavailable at build — subset of estonia_parking_master)","lastVerified":"2026-10-02"},"geometry":{"type":"Polygon","coordinates":[[[24.5482914,58.3661484],[24.5482219,58.3661851],[24.547724,58.3659319],[24.5478039,58.3658869],[24.5482914,58.3661484]]]},"id":"way/1462116068"},{"type":"Feature","properties":{"@id":"way/1462116069","access":"yes","amenity":"parking","capacity":"7","parking":"surface","source":"OpenStreetMap (amenity=parking extract; Overpass unavailable at build — subset of estonia_parking_master)","lastVerified":"2026-10-02"},"geometry":{"type":"Polygon","coordinates":[[[24.5474986,58.3658844],[24.547296,58.3657749],[24.5473142,58.3657655],[24.5473747,58.365734],[24.547572,58.3658454],[24.5474986,58.3658844]]]},"id":"way/1462116069"},{"type":"Feature","properties":{"@id":"way/1462116070","amenity":"parking","source":"OpenStreetMap (amenity=parking extract; Overpass unavailable at build — subset of estonia_parking_master)","lastVerified":"2026-10-02"},"geometry":{"type":"Polygon","coordinates":[[[24.5476065,58.3659693],[24.5475959,58.3659452],[24.547603,58.3659053],[24.5476366,58.3658691],[24.5476879,58.365857],[24.5477198,58.3658589],[24.5477737,58.3658877],[24.5476065,58.3659693]]]},"id":"way/1462116070"},{"type":"Feature","properties":{"@id":"way/1462116071","amenity":"parking","source":"OpenStreetMap (amenity=parking extract; Overpass unavailable at build — subset of estonia_parking_master)","lastVerified":"2026-10-02"},"geometry":{"type":"Polygon","coordinates":[[[24.5483259,58.3661744],[24.5485303,58.3662891],[24.5484542,58.3663271],[24.5482622,58.3662088],[24.5483259,58.3661744]]]},"id":"way/1462116071"},{"type":"Feature","properties":{"@id":"way/1462116072","access":"yes","amenity":"parking","parking":"surface","source":"OpenStreetMap (amenity=parking extract; Overpass unavailable at build — subset of estonia_parking_master)","lastVerified":"2026-10-02"},"geometry":{"type":"Polygon","coordinates":[[[24.5425624,58.3674145],[24.5415417,58.366835],[24.5416271,58.3667966],[24.542241,58.3671373],[24.5425642,58.367326],[24.5426412,58.3673894],[24.5426427,58.3674102],[24.5425624,58.3674145]]]},"id":"way/1462116072"},{"type":"Feature","properties":{"@id":"way/1462118289","access":"yes","amenity":"parking","capacity":"18","parking":"surface","source":"OpenStreetMap (amenity=parking extract; Overpass unavailable at build — subset of estonia_parking_master)","lastVerified":"2026-10-02"},"geometry":{"type":"Polygon","coordinates":[[[24.5475179,58.3659917],[24.5470579,58.3662347],[24.5470029,58.3662034],[24.547463,58.365963],[24.5475179,58.3659917]]]},"id":"way/1462118289"},{"type":"Feature","properties":{"@id":"way/1462118290","access":"yes","amenity":"parking","capacity":"20","parking":"surface","source":"OpenStreetMap (amenity=parking extract; Overpass unavailable at build — subset of estonia_parking_master)","lastVerified":"2026-10-02"},"geometry":{"type":"Polygon","coordinates":[[[24.546995,58.3662763],[24.5467553,58.3663918],[24.5470048,58.3665241],[24.5469461,58.3665549],[24.5466488,58.3663985],[24.5469292,58.3662486],[24.546995,58.3662763]]]},"id":"way/1462118290"},{"type":"Feature","properties":{"@id":"way/1462118291","access":"yes","amenity":"parking","capacity":"7","parking":"surface","source":"OpenStreetMap (amenity=parking extract; Overpass unavailable at build — subset of estonia_parking_master)","lastVerified":"2026-10-02"},"geometry":{"type":"Polygon","coordinates":[[[24.5470919,58.3665663],[24.5473628,58.3667084],[24.5473336,58.3667217],[24.5472481,58.3667136],[24.5470255,58.3665997],[24.5470919,58.3665663]]]},"id":"way/1462118291"},{"type":"Feature","properties":{"@id":"way/1462118292","access":"yes","amenity":"parking","capacity":"30","parking":"surface","source":"OpenStreetMap (amenity=parking extract; Overpass unavailable at build — subset of estonia_parking_master)","lastVerified":"2026-10-02"},"geometry":{"type":"Polygon","coordinates":[[[24.5481895,58.3667136],[24.5472264,58.3672176],[24.5471384,58.3671788],[24.5481343,58.3666809],[24.5481895,58.3667136]]]},"id":"way/1462118292"},{"type":"Feature","properties":{"@id":"way/1462118293","access":"yes","amenity":"parking","capacity":"25","parking":"surface","source":"OpenStreetMap (amenity=parking extract; Overpass unavailable at build — subset of estonia_parking_master)","lastVerified":"2026-10-02"},"geometry":{"type":"Polygon","coordinates":[[[24.5471946,58.3670858],[24.5471292,58.3671182],[24.5462816,58.3666701],[24.5463607,58.3666293],[24.5471946,58.3670858]]]},"id":"way/1462118293"},{"type":"Feature","properties":{"@id":"way/1462130954","access":"yes","amenity":"parking","capacity":"15","parking":"surface","source":"OpenStreetMap (amenity=parking extract; Overpass unavailable at build — subset of estonia_parking_master)","lastVerified":"2026-10-02"},"geometry":{"type":"Polygon","coordinates":[[[24.5460698,58.3667786],[24.5456714,58.3669865],[24.545582,58.3669369],[24.5460393,58.3667002],[24.5461227,58.3667514],[24.5460698,58.3667786]]]},"id":"way/1462130954"},{"type":"Feature","properties":{"@id":"way/1462130955","access":"yes","amenity":"parking","capacity":"7","parking":"surface","source":"OpenStreetMap (amenity=parking extract; Overpass unavailable at build — subset of estonia_parking_master)","lastVerified":"2026-10-02"},"geometry":{"type":"Polygon","coordinates":[[[24.5455271,58.367035],[24.5452923,58.367164],[24.5452272,58.367131],[24.5454691,58.3669988],[24.5455271,58.367035]]]},"id":"way/1462130955"},{"type":"Feature","properties":{"@id":"way/1462130959","access":"yes","amenity":"parking","capacity":"20","parking":"surface","source":"OpenStreetMap (amenity=parking extract; Overpass unavailable at build — subset of estonia_parking_master)","lastVerified":"2026-10-02"},"geometry":{"type":"Polygon","coordinates":[[[24.5455271,58.367035],[24.5455959,58.3669974],[24.5461905,58.3673199],[24.5461171,58.367358],[24.5458384,58.3672118],[24.5457313,58.3672661],[24.5456579,58.3672285],[24.5457685,58.3671705],[24.5455271,58.367035]]]},"id":"way/1462130959"},{"type":"Feature","properties":{"@id":"way/1462130960","access":"yes","amenity":"parking","capacity":"15","parking":"surface","source":"OpenStreetMap (amenity=parking extract; Overpass unavailable at build — subset of estonia_parking_master)","lastVerified":"2026-10-02"},"geometry":{"type":"Polygon","coordinates":[[[24.546571,58.3674953],[24.5466292,58.3675301],[24.5461649,58.3677731],[24.5462223,58.3678083],[24.5461184,58.3678548],[24.5460372,58.3678038],[24.5461311,58.3677616],[24.5461043,58.3677447],[24.546571,58.3674953]]]},"id":"way/1462130960"},{"type":"Feature","properties":{"@id":"way/1462130963","access":"yes","amenity":"parking","capacity":"40","parking":"surface","source":"OpenStreetMap (amenity=parking extract; Overpass unavailable at build — subset of estonia_parking_master)","lastVerified":"2026-10-02"},"geometry":{"type":"Polygon","coordinates":[[[24.5445232,58.3671669],[24.5457654,58.3677973],[24.5456995,58.3678304],[24.5444742,58.3671939],[24.5445232,58.3671669]]]},"id":"way/1462130963"},{"type":"Feature","properties":{"@id":"way/1462130964","access":"yes","amenity":"parking","capacity":"5","parking":"surface","source":"OpenStreetMap (amenity=parking extract; Overpass unavailable at build — subset of estonia_parking_master)","lastVerified":"2026-10-02"},"geometry":{"type":"Polygon","coordinates":[[[24.5460562,58.366619],[24.5458682,58.3665228],[24.5459441,58.366483],[24.5461297,58.3665834],[24.5460562,58.366619]]]},"id":"way/1462130964"},{"type":"Feature","properties":{"@id":"way/1462130972","access":"yes","amenity":"parking","capacity":"7","parking":"surface","source":"OpenStreetMap (amenity=parking extract; Overpass unavailable at build — subset of estonia_parking_master)","lastVerified":"2026-10-02"},"geometry":{"type":"Polygon","coordinates":[[[24.5433115,58.3687144],[24.5430846,58.3685949],[24.5431777,58.3685218],[24.5434297,58.3686583],[24.5433115,58.3687144]]]},"id":"way/1462130972"},{"type":"Feature","properties":{"@id":"way/1462130977","access":"yes","amenity":"parking","capacity":"6","parking":"surface","source":"OpenStreetMap (amenity=parking extract; Overpass unavailable at build — subset of estonia_parking_master)","lastVerified":"2026-10-02"},"geometry":{"type":"Polygon","coordinates":[[[24.5429819,58.3684135],[24.5429016,58.368365],[24.5430276,58.3682338],[24.5431272,58.3682632],[24.5429819,58.3684135]]]},"id":"way/1462130977"},{"type":"Feature","properties":{"@id":"way/1462130978","access":"yes","amenity":"parking","capacity":"7","parking":"surface","source":"OpenStreetMap (amenity=parking extract; Overpass unavailable at build — subset of estonia_parking_master)","lastVerified":"2026-10-02"},"geometry":{"type":"Polygon","coordinates":[[[24.543175,58.3684092],[24.5431191,58.3683756],[24.5433437,58.36826],[24.5434047,58.3682946],[24.543175,58.3684092]]]},"id":"way/1462130978"},{"type":"Feature","properties":{"@id":"way/1462130979","access":"yes","amenity":"parking","capacity":"12","parking":"surface","source":"OpenStreetMap (amenity=parking extract; Overpass unavailable at build — subset of estonia_parking_master)","lastVerified":"2026-10-02"},"geometry":{"type":"Polygon","coordinates":[[[24.5428874,58.3679897],[24.5430307,58.3680718],[24.5430584,58.3680583],[24.5433623,58.3682301],[24.543298,58.36826],[24.5428579,58.3680036],[24.5428874,58.3679897]]]},"id":"way/1462130979"},{"type":"Feature","properties":{"@id":"way/1462130980","access":"yes","amenity":"parking","capacity":"12","parking":"surface","source":"OpenStreetMap (amenity=parking extract; Overpass unavailable at build — subset of estonia_parking_master)","lastVerified":"2026-10-02"},"geometry":{"type":"Polygon","coordinates":[[[24.543263,58.3683818],[24.5436898,58.3686307],[24.5436283,58.3686597],[24.5432055,58.3684097],[24.543263,58.3683818]]]},"id":"way/1462130980"},{"type":"Feature","properties":{"@id":"way/1462130981","access":"yes","amenity":"parking","capacity":"4","parking":"surface","source":"OpenStreetMap (amenity=parking extract; Overpass unavailable at build — subset of estonia_parking_master)","lastVerified":"2026-10-02"},"geometry":{"type":"Polygon","coordinates":[[[24.5439442,58.3684685],[24.5440662,58.3684099],[24.5441269,58.3684529],[24.54401,58.368508],[24.5439442,58.3684685]]]},"id":"way/1462130981"},{"type":"Feature","properties":{"@id":"way/1462130985","access":"yes","amenity":"parking","capacity":"14","parking":"surface","source":"OpenStreetMap (amenity=parking extract; Overpass unavailable at build — subset of estonia_parking_master)","lastVerified":"2026-10-02"},"geometry":{"type":"Polygon","coordinates":[[[24.5419958,58.3690381],[24.5419064,58.3690135],[24.5422977,58.3686122],[24.5423922,58.3686388],[24.5419958,58.3690381]]]},"id":"way/1462130985"},{"type":"Feature","properties":{"@id":"way/1462130986","access":"yes","amenity":"parking","capacity":"50","parking":"surface","source":"OpenStreetMap (amenity=parking extract; Overpass unavailable at build — subset of estonia_parking_master)","lastVerified":"2026-10-02"},"geometry":{"type":"Polygon","coordinates":[[[24.5419174,58.3691585],[24.5418604,58.3691311],[24.5419759,58.3690882],[24.5420892,58.3690531],[24.5425598,58.3685974],[24.5429796,58.368185],[24.5430276,58.3682338],[24.5429016,58.368365],[24.5428841,58.3683643],[24.5426134,58.3686395],[24.542549,58.3687049],[24.5425375,58.3687024],[24.5422729,58.3689619],[24.5421585,58.3690741],[24.542046,58.36911],[24.5419174,58.3691585]]]},"id":"way/1462130986"},{"type":"Feature","properties":{"@id":"way/1462130997","access":"yes","amenity":"parking","capacity":"15","parking":"surface","source":"OpenStreetMap (amenity=parking extract; Overpass unavailable at build — subset of estonia_parking_master)","lastVerified":"2026-10-02"},"geometry":{"type":"Polygon","coordinates":[[[24.5406445,58.3705829],[24.5405705,58.370547],[24.5411305,58.3702521],[24.5412145,58.3702985],[24.5406445,58.3705829]]]},"id":"way/1462130997"},{"type":"Feature","properties":{"@id":"way/1462130998","access":"yes","amenity":"parking","capacity":"30","parking":"surface","source":"OpenStreetMap (amenity=parking extract; Overpass unavailable at build — subset of estonia_parking_master)","lastVerified":"2026-10-02"},"geometry":{"type":"Polygon","coordinates":[[[24.5413621,58.3703114],[24.5411944,58.3702245],[24.5418723,58.3698658],[24.5419986,58.36993],[24.5420654,58.3699639],[24.5416498,58.3701693],[24.5413621,58.3703114]]]},"id":"way/1462130998"},{"type":"Feature","properties":{"@id":"way/1462130999","access":"yes","amenity":"parking","capacity":"10","parking":"surface","source":"OpenStreetMap (amenity=parking extract; Overpass unavailable at build — subset of estonia_parking_master)","lastVerified":"2026-10-02"},"geometry":{"type":"Polygon","coordinates":[[[24.5421978,58.3697847],[24.5421375,58.3697519],[24.5420414,58.3696996],[24.5420437,58.3696739],[24.5418523,58.3695673],[24.5419165,58.3695324],[24.5421476,58.3696647],[24.5421733,58.3697173],[24.5422457,58.369759],[24.5421978,58.3697847]]]},"id":"way/1462130999"},{"type":"Feature","properties":{"@id":"way/1462131000","access":"yes","amenity":"parking","capacity":"16","parking":"surface","source":"OpenStreetMap (amenity=parking extract; Overpass unavailable at build — subset of estonia_parking_master)","lastVerified":"2026-10-02"},"geometry":{"type":"Polygon","coordinates":[[[24.5417896,58.3695334],[24.5412397,58.3692389],[24.5411825,58.3691942],[24.5412257,58.3691612],[24.5418538,58.3694992],[24.5417896,58.3695334]]]},"id":"way/1462131000"},{"type":"Feature","properties":{"@id":"way/1462131001","access":"yes","amenity":"parking","capacity":"15","parking":"surface","source":"OpenStreetMap (amenity=parking extract; Overpass unavailable at build — subset of estonia_parking_master)","lastVerified":"2026-10-02"},"geometry":{"type":"Polygon","coordinates":[[[24.5401633,58.3699363],[24.5405474,58.3695408],[24.5406373,58.3695665],[24.540301,58.369899],[24.5402146,58.3699498],[24.5401633,58.3699363]]]},"id":"way/1462131001"},{"type":"Feature","properties":{"@id":"way/1462131002","access":"yes","amenity":"parking","capacity":"20","parking":"surface","source":"OpenStreetMap (amenity=parking extract; Overpass unavailable at build — subset of estonia_parking_master)","lastVerified":"2026-10-02"},"geometry":{"type":"Polygon","coordinates":[[[24.5401429,58.3700871],[24.5400808,58.3700518],[24.5402065,58.369992],[24.540322,58.3699547],[24.5407132,58.3695867],[24.5407598,58.3696075],[24.5404541,58.3699169],[24.5404259,58.3699457],[24.5403669,58.3699929],[24.5402113,58.3700442],[24.5401429,58.3700871]]]},"id":"way/1462131002"},{"type":"Feature","properties":{"@id":"way/1462131003","access":"yes","amenity":"parking","capacity":"10","parking":"surface","source":"OpenStreetMap (amenity=parking extract; Overpass unavailable at build — subset of estonia_parking_master)","lastVerified":"2026-10-02"},"geometry":{"type":"Polygon","coordinates":[[[24.5395555,58.3698337],[24.5395121,58.3697957],[24.5395599,58.3697808],[24.539551,58.3697758],[24.5396003,58.3697606],[24.5395932,58.3697503],[24.5396405,58.3697383],[24.5396369,58.3697303],[24.5396786,58.3697183],[24.539675,58.3697087],[24.5397253,58.369698],[24.5397192,58.3696866],[24.5397645,58.3696743],[24.5397568,58.3696647],[24.5398066,58.3696535],[24.5398026,58.3696426],[24.5398483,58.3696309],[24.5399317,58.3697196],[24.5397507,58.3698379],[24.5397523,58.369859],[24.5397685,58.3698774],[24.5395555,58.3698337]]]},"id":"way/1462131003"},{"type":"Feature","properties":{"@id":"way/1462131004","access":"yes","amenity":"parking","capacity":"11","parking":"surface","source":"OpenStreetMap (amenity=parking extract; Overpass unavailable at build — subset of estonia_parking_master)","lastVerified":"2026-10-02"},"geometry":{"type":"Polygon","coordinates":[[[24.5391873,58.3699744],[24.5392564,58.3699371],[24.5392589,58.3699385],[24.5394932,58.3700714],[24.5394617,58.370089],[24.5398123,58.3702708],[24.5397727,58.3702894],[24.5391873,58.3699744]]]},"id":"way/1462131004"},{"type":"Feature","properties":{"@id":"way/1462131005","access":"yes","amenity":"parking","capacity":"12","parking":"surface","source":"OpenStreetMap (amenity=parking extract; Overpass unavailable at build — subset of estonia_parking_master)","lastVerified":"2026-10-02"},"geometry":{"type":"Polygon","coordinates":[[[24.5398764,58.3703252],[24.5399495,58.3702852],[24.5404404,58.3705394],[24.5403571,58.3705783],[24.5398764,58.3703252]]]},"id":"way/1462131005"},{"type":"Feature","properties":{"@id":"way/1462138924","access":"yes","amenity":"parking","capacity":"30","parking":"surface","source":"OpenStreetMap (amenity=parking extract; Overpass unavailable at build — subset of estonia_parking_master)","lastVerified":"2026-10-02"},"geometry":{"type":"Polygon","coordinates":[[[24.5403658,58.3686783],[24.5398129,58.3692476],[24.5398177,58.3692607],[24.5396211,58.3693617],[24.5395764,58.3693438],[24.5397285,58.3692533],[24.5403019,58.3686473],[24.5403762,58.3686663],[24.5403658,58.3686783]]]},"id":"way/1462138924"},{"type":"Feature","properties":{"@id":"way/1462138926","access":"yes","amenity":"parking","capacity":"14","parking":"surface","source":"OpenStreetMap (amenity=parking extract; Overpass unavailable at build — subset of estonia_parking_master)","lastVerified":"2026-10-02"},"geometry":{"type":"Polygon","coordinates":[[[24.5419167,58.3679201],[24.5418282,58.3680144],[24.5418497,58.3680355],[24.5416666,58.3682419],[24.5415722,58.3683193],[24.5415076,58.368291],[24.5418748,58.3679068],[24.5419167,58.3679201]]]},"id":"way/1462138926"},{"type":"Feature","properties":{"@id":"way/1462138928","amenity":"parking","source":"OpenStreetMap (amenity=parking extract; Overpass unavailable at build — subset of estonia_parking_master)","lastVerified":"2026-10-02"},"geometry":{"type":"Polygon","coordinates":[[[24.5417917,58.3678829],[24.5417274,58.3678924],[24.5417139,58.3678731],[24.5416688,58.3678784],[24.5416491,58.3678568],[24.5416129,58.367861],[24.5415934,58.3678406],[24.5415532,58.3678469],[24.5415357,58.3678244],[24.5416352,58.3678091],[24.5418344,58.3678567],[24.5418474,58.3678598],[24.5418376,58.3678932],[24.5412915,58.3684615],[24.541236,58.3684508],[24.5417917,58.3678829]]]},"id":"way/1462138928"},{"type":"Feature","properties":{"@id":"way/1462138940","access":"yes","amenity":"parking","capacity":"7","parking":"surface","source":"OpenStreetMap (amenity=parking extract; Overpass unavailable at build — subset of estonia_parking_master)","lastVerified":"2026-10-02"},"geometry":{"type":"Polygon","coordinates":[[[24.5397128,58.3694604],[24.5396199,58.3694121],[24.5398696,58.3692806],[24.5399607,58.3693293],[24.5397128,58.3694604]]]},"id":"way/1462138940"},{"type":"Feature","properties":{"@id":"way/1462138941","access":"yes","amenity":"parking","capacity":"4","parking":"surface","source":"OpenStreetMap (amenity=parking extract; Overpass unavailable at build — subset of estonia_parking_master)","lastVerified":"2026-10-02"},"geometry":{"type":"Polygon","coordinates":[[[24.5416235,58.3677743],[24.5416048,58.3677381],[24.5416422,58.3677296],[24.5416585,58.3677504],[24.5417017,58.367743],[24.5417192,58.3677687],[24.5417648,58.3677596],[24.5417811,58.3677859],[24.5418138,58.3677792],[24.5418547,58.3678343],[24.5418344,58.3678567],[24.5416352,58.3678091],[24.5416235,58.3677743]]]},"id":"way/1462138941"},{"type":"Feature","properties":{"@id":"way/1462138956","access":"yes","amenity":"parking","capacity":"10","parking":"surface","source":"OpenStreetMap (amenity=parking extract; Overpass unavailable at build — subset of estonia_parking_master)","lastVerified":"2026-10-02"},"geometry":{"type":"Polygon","coordinates":[[[24.5401349,58.3670534],[24.5404186,58.3669861],[24.5402412,58.3668771],[24.5403068,58.366859],[24.5404912,58.3669708],[24.5404697,58.3669789],[24.540455,58.3670323],[24.540176,58.3671006],[24.5401349,58.3670534]]]},"id":"way/1462138956"},{"type":"Feature","properties":{"@id":"way/1462138957","access":"yes","amenity":"parking","capacity":"12","parking":"surface","source":"OpenStreetMap (amenity=parking extract; Overpass unavailable at build — subset of estonia_parking_master)","lastVerified":"2026-10-02"},"geometry":{"type":"Polygon","coordinates":[[[24.5402043,58.3668912],[24.5399773,58.3669849],[24.5397742,58.3671159],[24.5396838,58.3671192],[24.5399038,58.3669673],[24.5400962,58.3668811],[24.5402043,58.3668912]]]},"id":"way/1462138957"},{"type":"Feature","properties":{"@id":"way/1462138961","access":"yes","amenity":"parking","capacity":"15","parking":"surface","source":"OpenStreetMap (amenity=parking extract; Overpass unavailable at build — subset of estonia_parking_master)","lastVerified":"2026-10-02"},"geometry":{"type":"Polygon","coordinates":[[[24.53917,58.3673786],[24.5391425,58.3673627],[24.5398986,58.3668979],[24.5401554,58.3667748],[24.5401842,58.3667956],[24.5399388,58.3669148],[24.53917,58.3673786]]]},"id":"way/1462138961"},{"type":"Feature","properties":{"@id":"way/1462139001","access":"yes","amenity":"parking","capacity":"15","parking":"surface","source":"OpenStreetMap (amenity=parking extract; Overpass unavailable at build — subset of estonia_parking_master)","lastVerified":"2026-10-02"},"geometry":{"type":"Polygon","coordinates":[[[24.5411716,58.3668337],[24.5411354,58.3668842],[24.5405787,58.3665692],[24.5405831,58.3665344],[24.5410144,58.3667372],[24.5411716,58.3668337]]]},"id":"way/1462139001"},{"type":"Feature","properties":{"@id":"way/1462149585","access":"yes","amenity":"parking","capacity":"10","parking":"surface","source":"OpenStreetMap (amenity=parking extract; Overpass unavailable at build — subset of estonia_parking_master)","lastVerified":"2026-10-02"},"geometry":{"type":"Polygon","coordinates":[[[24.539058,58.3696265],[24.538779,58.3696237],[24.5388152,58.3695857],[24.5390043,58.3695829],[24.5391867,58.3694844],[24.5392631,58.369526],[24.539058,58.3696265]]]},"id":"way/1462149585"},{"type":"Feature","properties":{"@id":"way/1462149586","access":"yes","amenity":"parking","capacity":"15","parking":"surface","source":"OpenStreetMap (amenity=parking extract; Overpass unavailable at build — subset of estonia_parking_master)","lastVerified":"2026-10-02"},"geometry":{"type":"Polygon","coordinates":[[[24.5387177,58.3695096],[24.5387924,58.3694401],[24.5383511,58.3693198],[24.5383874,58.3692776],[24.5388983,58.3694183],[24.5387924,58.3695301],[24.5387177,58.3695096]]]},"id":"way/1462149586"},{"type":"Feature","properties":{"@id":"way/1462149587","access":"yes","amenity":"parking","capacity":"10","parking":"surface","source":"OpenStreetMap (amenity=parking extract; Overpass unavailable at build — subset of estonia_parking_master)","lastVerified":"2026-10-02"},"geometry":{"type":"Polygon","coordinates":[[[24.5382503,58.3692038],[24.537279,58.3689423],[24.5372984,58.3689256],[24.5382632,58.3691909],[24.5382503,58.3692038]]]},"id":"way/1462149587"},{"type":"Feature","properties":{"@id":"way/1462149589","access":"yes","amenity":"parking","capacity":"18","parking":"surface","source":"OpenStreetMap (amenity=parking extract; Overpass unavailable at build — subset of estonia_parking_master)","lastVerified":"2026-10-02"},"geometry":{"type":"Polygon","coordinates":[[[24.5370277,58.3687846],[24.536987,58.3688282],[24.5360049,58.3685498],[24.5360871,58.3685311],[24.5365385,58.3686545],[24.5368542,58.3687407],[24.5370277,58.3687846]]]},"id":"way/1462149589"},{"type":"Feature","properties":{"@id":"way/1462149593","access":"yes","amenity":"parking","capacity":"11","parking":"surface","source":"OpenStreetMap (amenity=parking extract; Overpass unavailable at build — subset of estonia_parking_master)","lastVerified":"2026-10-02"},"geometry":{"type":"Polygon","coordinates":[[[24.5368542,58.3683356],[24.5368166,58.368344],[24.5364847,58.3682683],[24.5362614,58.3682174],[24.5363539,58.3681872],[24.5368689,58.3683245],[24.5368542,58.3683356]]]},"id":"way/1462149593"},{"type":"Feature","properties":{"@id":"way/1462149594","access":"yes","amenity":"parking","capacity":"10","parking":"surface","source":"OpenStreetMap (amenity=parking extract; Overpass unavailable at build — subset of estonia_parking_master)","lastVerified":"2026-10-02"},"geometry":{"type":"Polygon","coordinates":[[[24.5363013,58.3682798],[24.5362105,58.3683553],[24.5361783,58.3683848],[24.5360576,58.3685016],[24.5360369,58.3685181],[24.5359556,58.3685149],[24.5362138,58.3682543],[24.5363013,58.3682798]]]},"id":"way/1462149594"},{"type":"Feature","properties":{"@id":"way/1462149595","access":"yes","amenity":"parking","capacity":"18","parking":"surface","source":"OpenStreetMap (amenity=parking extract; Overpass unavailable at build — subset of estonia_parking_master)","lastVerified":"2026-10-02"},"geometry":{"type":"Polygon","coordinates":[[[24.5359994,58.368875],[24.5360764,58.368895],[24.5356464,58.3693386],[24.5355703,58.36932],[24.5359994,58.368875]]]},"id":"way/1462149595"},{"type":"Feature","properties":{"@id":"way/1462149601","access":"yes","amenity":"parking","capacity":"4","parking":"surface","source":"OpenStreetMap (amenity=parking extract; Overpass unavailable at build — subset of estonia_parking_master)","lastVerified":"2026-10-02"},"geometry":{"type":"Polygon","coordinates":[[[24.5383434,58.3701656],[24.5382605,58.3701215],[24.5384321,58.3700333],[24.5385115,58.3700805],[24.5383434,58.3701656]]]},"id":"way/1462149601"},{"type":"Feature","properties":{"@id":"way/1462149602","access":"yes","amenity":"parking","capacity":"5","parking":"surface","source":"OpenStreetMap (amenity=parking extract; Overpass unavailable at build — subset of estonia_parking_master)","lastVerified":"2026-10-02"},"geometry":{"type":"Polygon","coordinates":[[[24.5385663,58.3700425],[24.5384881,58.3700015],[24.5386675,58.3699079],[24.5387555,58.3699445],[24.5385663,58.3700425]]]},"id":"way/1462149602"},{"type":"Feature","properties":{"@id":"way/1462149603","access":"yes","amenity":"parking","capacity":"20","parking":"surface","source":"OpenStreetMap (amenity=parking extract; Overpass unavailable at build — subset of estonia_parking_master)","lastVerified":"2026-10-02"},"geometry":{"type":"Polygon","coordinates":[[[24.5377942,58.3680428],[24.5376959,58.3680431],[24.5382217,58.3675156],[24.5382872,58.3675309],[24.5377942,58.3680428]]]},"id":"way/1462149603"},{"type":"Feature","properties":{"@id":"way/1462149604","access":"yes","amenity":"parking","capacity":"9","parking":"surface","source":"OpenStreetMap (amenity=parking extract; Overpass unavailable at build — subset of estonia_parking_master)","lastVerified":"2026-10-02"},"geometry":{"type":"Polygon","coordinates":[[[24.5383212,58.36758],[24.5383159,58.36754],[24.5388057,58.3676664],[24.5387734,58.3677012],[24.5383212,58.36758]]]},"id":"way/1462149604"},{"type":"Feature","properties":{"@id":"way/1462149605","access":"yes","amenity":"parking","capacity":"5","parking":"surface","source":"OpenStreetMap (amenity=parking extract; Overpass unavailable at build — subset of estonia_parking_master)","lastVerified":"2026-10-02"},"geometry":{"type":"Polygon","coordinates":[[[24.5391926,58.3678176],[24.5389649,58.3677558],[24.5390345,58.3677282],[24.5392748,58.36779],[24.5391926,58.3678176]]]},"id":"way/1462149605"},{"type":"Feature","properties":{"@id":"way/1462149606","access":"yes","amenity":"parking","capacity":"15","parking":"surface","source":"OpenStreetMap (amenity=parking extract; Overpass unavailable at build — subset of estonia_parking_master)","lastVerified":"2026-10-02"},"geometry":{"type":"Polygon","coordinates":[[[24.5393795,58.3678729],[24.5394121,58.3678304],[24.5401015,58.3680149],[24.5400342,58.3680474],[24.5393795,58.3678729]]]},"id":"way/1462149606"},{"type":"Feature","properties":{"@id":"way/1462149607","access":"yes","amenity":"parking","capacity":"8","parking":"surface","source":"OpenStreetMap (amenity=parking extract; Overpass unavailable at build — subset of estonia_parking_master)","lastVerified":"2026-10-02"},"geometry":{"type":"Polygon","coordinates":[[[24.5391104,58.3674746],[24.5391529,58.3674324],[24.5395192,58.3675321],[24.5395147,58.3675386],[24.5394457,58.3675656],[24.5391104,58.3674746]]]},"id":"way/1462149607"},{"type":"Feature","properties":{"@id":"way/1462149608","access":"yes","amenity":"parking","capacity":"5","parking":"surface","source":"OpenStreetMap (amenity=parking extract; Overpass unavailable at build — subset of estonia_parking_master)","lastVerified":"2026-10-02"},"geometry":{"type":"Polygon","coordinates":[[[24.539582,58.3673929],[24.5395094,58.3674157],[24.5393962,58.3673164],[24.5394758,58.3672913],[24.539582,58.3673929]]]},"id":"way/1462149608"},{"type":"Feature","properties":{"@id":"way/1462149609","access":"yes","amenity":"parking","capacity":"30","parking":"surface","source":"OpenStreetMap (amenity=parking extract; Overpass unavailable at build — subset of estonia_parking_master)","lastVerified":"2026-10-02"},"geometry":{"type":"Polygon","coordinates":[[[24.5388089,58.3673119],[24.5387366,58.3672605],[24.538865,58.3670755],[24.5395561,58.3666592],[24.5396092,58.3666244],[24.5397005,58.3666363],[24.5389495,58.3670907],[24.5388089,58.3673119]]]},"id":"way/1462149609"},{"type":"Feature","properties":{"@id":"way/1462149611","access":"yes","amenity":"parking","capacity":"8","parking":"surface","source":"OpenStreetMap (amenity=parking extract; Overpass unavailable at build — subset of estonia_parking_master)","lastVerified":"2026-10-02"},"geometry":{"type":"Polygon","coordinates":[[[24.5334594,58.3698868],[24.5337229,58.3696242],[24.5338091,58.3696154],[24.5335472,58.3698759],[24.5334594,58.3698868]]]},"id":"way/1462149611"},{"type":"Feature","properties":{"@id":"way/1462149612","access":"yes","amenity":"parking","capacity":"10","parking":"surface","source":"OpenStreetMap (amenity=parking extract; Overpass unavailable at build — subset of estonia_parking_master)","lastVerified":"2026-10-02"},"geometry":{"type":"Polygon","coordinates":[[[24.5342119,58.3698967],[24.534119,58.369905],[24.5343737,58.3696433],[24.5344682,58.3696324],[24.5344392,58.3696624],[24.5342119,58.3698967]]]},"id":"way/1462149612"},{"type":"Feature","properties":{"@id":"way/1462149618","access":"yes","amenity":"parking","capacity":"12","parking":"surface","source":"OpenStreetMap (amenity=parking extract; Overpass unavailable at build — subset of estonia_parking_master)","lastVerified":"2026-10-02"},"geometry":{"type":"Polygon","coordinates":[[[24.5344392,58.3696624],[24.5344682,58.3696324],[24.5344882,58.3696129],[24.5346953,58.3695856],[24.5350766,58.3696793],[24.5350142,58.3697052],[24.5347276,58.3696301],[24.5344392,58.3696624]]]},"id":"way/1462149618"},{"type":"Feature","properties":{"@id":"way/1462149619","access":"yes","amenity":"parking","capacity":"9","parking":"surface","source":"OpenStreetMap (amenity=parking extract; Overpass unavailable at build — subset of estonia_parking_master)","lastVerified":"2026-10-02"},"geometry":{"type":"Polygon","coordinates":[[[24.5347748,58.3692844],[24.5343425,58.3691609],[24.5343837,58.3691155],[24.5347589,58.3692204],[24.5347748,58.3692844]]]},"id":"way/1462149619"},{"type":"Feature","properties":{"@id":"way/1462149621","access":"yes","amenity":"parking","capacity":"10","parking":"surface","source":"OpenStreetMap (amenity=parking extract; Overpass unavailable at build — subset of estonia_parking_master)","lastVerified":"2026-10-02"},"geometry":{"type":"Polygon","coordinates":[[[24.5399627,58.3707092],[24.539435,58.3704294],[24.5395389,58.3703902],[24.5400502,58.3706682],[24.5399627,58.3707092]]]},"id":"way/1462149621"},{"type":"Feature","properties":{"@id":"way/1462149638","access":"yes","amenity":"parking","capacity":"6","parking":"surface","source":"OpenStreetMap (amenity=parking extract; Overpass unavailable at build — subset of estonia_parking_master)","lastVerified":"2026-10-02"},"geometry":{"type":"Polygon","coordinates":[[[24.5340157,58.3702667],[24.5340576,58.3702277],[24.5343726,58.3703071],[24.5343248,58.3703507],[24.5340157,58.3702667]]]},"id":"way/1462149638"},{"type":"Feature","properties":{"@id":"way/1462149639","access":"yes","amenity":"parking","capacity":"6","parking":"surface","source":"OpenStreetMap (amenity=parking extract; Overpass unavailable at build — subset of estonia_parking_master)","lastVerified":"2026-10-02"},"geometry":{"type":"Polygon","coordinates":[[[24.5342647,58.3704555],[24.5344,58.3703242],[24.534462,58.3703419],[24.5343257,58.3704722],[24.5342647,58.3704555]]]},"id":"way/1462149639"},{"type":"Feature","properties":{"@id":"way/1462149640","access":"yes","amenity":"parking","capacity":"12","parking":"surface","source":"OpenStreetMap (amenity=parking extract; Overpass unavailable at build — subset of estonia_parking_master)","lastVerified":"2026-10-02"},"geometry":{"type":"Polygon","coordinates":[[[24.5353114,58.3705729],[24.5352326,58.3706036],[24.5346106,58.3704398],[24.5346646,58.3703906],[24.5353114,58.3705729]]]},"id":"way/1462149640"},{"type":"Feature","properties":{"@id":"way/1462149641","access":"yes","amenity":"parking","capacity":"6","parking":"surface","source":"OpenStreetMap (amenity=parking extract; Overpass unavailable at build — subset of estonia_parking_master)","lastVerified":"2026-10-02"},"geometry":{"type":"Polygon","coordinates":[[[24.5355892,58.3706848],[24.5353406,58.3706203],[24.5354025,58.3705901],[24.5356565,58.3706643],[24.5355892,58.3706848]]]},"id":"way/1462149641"},{"type":"Feature","properties":{"@id":"way/1462149642","access":"yes","amenity":"parking","capacity":"20","parking":"surface","source":"OpenStreetMap (amenity=parking extract; Overpass unavailable at build — subset of estonia_parking_master)","lastVerified":"2026-10-02"},"geometry":{"type":"Polygon","coordinates":[[[24.5363053,58.3709179],[24.5359102,58.3713523],[24.5358974,58.3713841],[24.5356654,58.37151],[24.5356151,58.3714819],[24.535719,58.3714154],[24.5362383,58.3708802],[24.5363053,58.3709179]]]},"id":"way/1462149642"},{"type":"Feature","properties":{"@id":"way/1462149643","access":"yes","amenity":"parking","capacity":"40","parking":"surface","source":"OpenStreetMap (amenity=parking extract; Overpass unavailable at build — subset of estonia_parking_master)","lastVerified":"2026-10-02"},"geometry":{"type":"Polygon","coordinates":[[[24.5337693,58.3701886],[24.5338484,58.3702104],[24.5330531,58.3710453],[24.5329718,58.3710207],[24.5337693,58.3701886]]]},"id":"way/1462149643"},{"type":"Feature","properties":{"@id":"way/1462149644","access":"yes","amenity":"parking","capacity":"6","parking":"surface","source":"OpenStreetMap (amenity=parking extract; Overpass unavailable at build — subset of estonia_parking_master)","lastVerified":"2026-10-02"},"geometry":{"type":"Polygon","coordinates":[[[24.5333965,58.3711332],[24.5333551,58.3711682],[24.5331216,58.3711039],[24.5331562,58.3710643],[24.5333965,58.3711332]]]},"id":"way/1462149644"},{"type":"Feature","properties":{"@id":"way/1462149645","access":"yes","amenity":"parking","capacity":"8","parking":"surface","source":"OpenStreetMap (amenity=parking extract; Overpass unavailable at build — subset of estonia_parking_master)","lastVerified":"2026-10-02"},"geometry":{"type":"Polygon","coordinates":[[[24.5332512,58.3712098],[24.5336797,58.371328],[24.533605,58.371358],[24.5331718,58.3712361],[24.5332512,58.3712098]]]},"id":"way/1462149645"},{"type":"Feature","properties":{"@id":"way/1462149647","access":"yes","amenity":"parking","capacity":"9","parking":"surface","source":"OpenStreetMap (amenity=parking extract; Overpass unavailable at build — subset of estonia_parking_master)","lastVerified":"2026-10-02"},"geometry":{"type":"Polygon","coordinates":[[[24.5350306,58.371828],[24.5347295,58.3717026],[24.5347235,58.3717],[24.5347651,58.3716494],[24.5350936,58.3717893],[24.5350306,58.371828]]]},"id":"way/1462149647"},{"type":"Feature","properties":{"@id":"way/1462149652","access":"yes","amenity":"parking","capacity":"7","parking":"surface","source":"OpenStreetMap (amenity=parking extract; Overpass unavailable at build — subset of estonia_parking_master)","lastVerified":"2026-10-02"},"geometry":{"type":"Polygon","coordinates":[[[24.5338259,58.371409],[24.5338625,58.3713743],[24.5341948,58.3714628],[24.5341562,58.3714985],[24.5338259,58.371409]]]},"id":"way/1462149652"},{"type":"Feature","properties":{"@id":"way/1462149655","access":"yes","amenity":"parking","capacity":"30","parking":"surface","source":"OpenStreetMap (amenity=parking extract; Overpass unavailable at build — subset of estonia_parking_master)","lastVerified":"2026-10-02"},"geometry":{"type":"Polygon","coordinates":[[[24.5333441,58.3724411],[24.5333185,58.3724592],[24.5328235,58.3729982],[24.5327482,58.3730458],[24.5326881,58.3730317],[24.5332891,58.3724228],[24.5333441,58.3724411]]]},"id":"way/1462149655"},{"type":"Feature","properties":{"@id":"way/1462149656","access":"yes","amenity":"parking","capacity":"15","parking":"surface","source":"OpenStreetMap (amenity=parking extract; Overpass unavailable at build — subset of estonia_parking_master)","lastVerified":"2026-10-02"},"geometry":{"type":"Polygon","coordinates":[[[24.5330885,58.3724577],[24.5331231,58.3724679],[24.5326474,58.3729443],[24.532676,58.3729532],[24.532664,58.372965],[24.5325894,58.3730387],[24.5325244,58.3730174],[24.5325834,58.3729589],[24.5330051,58.3725404],[24.5330832,58.372463],[24.5330885,58.3724577]]]},"id":"way/1462149656"},{"type":"Feature","properties":{"@id":"way/1462149657","access":"yes","amenity":"parking","capacity":"3","parking":"surface","source":"OpenStreetMap (amenity=parking extract; Overpass unavailable at build — subset of estonia_parking_master)","lastVerified":"2026-10-02"},"geometry":{"type":"Polygon","coordinates":[[[24.5323862,58.3730616],[24.5324472,58.3729992],[24.5325163,58.3730206],[24.5324614,58.3730893],[24.5323862,58.3730616]]]},"id":"way/1462149657"},{"type":"Feature","properties":{"@id":"way/1462149658","access":"yes","amenity":"parking","capacity":"5","parking":"surface","source":"OpenStreetMap (amenity=parking extract; Overpass unavailable at build — subset of estonia_parking_master)","lastVerified":"2026-10-02"},"geometry":{"type":"Polygon","coordinates":[[[24.5337959,58.3722835],[24.5338246,58.3722437],[24.5340129,58.3722927],[24.5339727,58.3723288],[24.5337959,58.3722835]]]},"id":"way/1462149658"},{"type":"Feature","properties":{"@id":"way/1462149659","access":"yes","amenity":"parking","capacity":"8","parking":"surface","source":"OpenStreetMap (amenity=parking extract; Overpass unavailable at build — subset of estonia_parking_master)","lastVerified":"2026-10-02"},"geometry":{"type":"Polygon","coordinates":[[[24.5345076,58.3720861],[24.5341741,58.3722637],[24.5341415,58.3722535],[24.5344056,58.3720207],[24.5345076,58.3720861]]]},"id":"way/1462149659"},{"type":"Feature","properties":{"@id":"way/1462149663","access":"yes","amenity":"parking","capacity":"7","parking":"surface","source":"OpenStreetMap (amenity=parking extract; Overpass unavailable at build — subset of estonia_parking_master)","lastVerified":"2026-10-02"},"geometry":{"type":"Polygon","coordinates":[[[24.5349669,58.3703645],[24.5349264,58.370403],[24.5346077,58.3703099],[24.534692,58.370228],[24.5347282,58.3702913],[24.5349669,58.3703645]]]},"id":"way/1462149663"},{"type":"Feature","properties":{"@id":"way/1462149664","access":"yes","amenity":"parking","capacity":"60","parking":"surface","source":"OpenStreetMap (amenity=parking extract; Overpass unavailable at build — subset of estonia_parking_master)","lastVerified":"2026-10-02"},"geometry":{"type":"Polygon","coordinates":[[[24.5312616,58.3713226],[24.5317566,58.3708585],[24.5319229,58.3709014],[24.5322937,58.3709969],[24.531822,58.3714867],[24.5312616,58.3713226]]]},"id":"way/1462149664"},{"type":"Feature","properties":{"@id":"way/1462149665","access":"yes","amenity":"parking","capacity":"25","parking":"surface","source":"OpenStreetMap (amenity=parking extract; Overpass unavailable at build — subset of estonia_parking_master)","lastVerified":"2026-10-02"},"geometry":{"type":"Polygon","coordinates":[[[24.5321885,58.3732641],[24.5321717,58.3732782],[24.5303554,58.3727774],[24.5303686,58.3727631],[24.5321885,58.3732641]]]},"id":"way/1462149665"},{"type":"Feature","properties":{"@id":"way/1462149666","access":"yes","amenity":"parking","capacity":"5","parking":"surface","source":"OpenStreetMap (amenity=parking extract; Overpass unavailable at build — subset of estonia_parking_master)","lastVerified":"2026-10-02"},"geometry":{"type":"Polygon","coordinates":[[[24.530093,58.3726512],[24.5301326,58.3726134],[24.5303552,58.3726795],[24.5303135,58.3727179],[24.530093,58.3726512]]]},"id":"way/1462149666"},{"type":"Feature","properties":{"@id":"way/1462149667","access":"yes","amenity":"parking","capacity":"15","parking":"surface","source":"OpenStreetMap (amenity=parking extract; Overpass unavailable at build — subset of estonia_parking_master)","lastVerified":"2026-10-02"},"geometry":{"type":"Polygon","coordinates":[[[24.5301804,58.3725777],[24.5301479,58.3725681],[24.530713,58.371993],[24.5307485,58.372001],[24.5301804,58.3725777]]]},"id":"way/1462149667"},{"type":"Feature","properties":{"@id":"way/1462149670","access":"yes","amenity":"parking","capacity":"6","parking":"surface","source":"OpenStreetMap (amenity=parking extract; Overpass unavailable at build — subset of estonia_parking_master)","lastVerified":"2026-10-02"},"geometry":{"type":"Polygon","coordinates":[[[24.5318872,58.3719009],[24.5318428,58.3719486],[24.5315661,58.3718788],[24.531621,58.3718256],[24.5318872,58.3719009]]]},"id":"way/1462149670"},{"type":"Feature","properties":{"@id":"way/1462149671","access":"yes","amenity":"parking","capacity":"15","parking":"surface","source":"OpenStreetMap (amenity=parking extract; Overpass unavailable at build — subset of estonia_parking_master)","lastVerified":"2026-10-02"},"geometry":{"type":"Polygon","coordinates":[[[24.531663,58.3718237],[24.5316163,58.371809],[24.5322795,58.3711258],[24.5323192,58.3711374],[24.531663,58.3718237]]]},"id":"way/1462149671"},{"type":"Feature","properties":{"@id":"way/1462149679","access":"yes","amenity":"parking","capacity":"16","parking":"surface","source":"OpenStreetMap (amenity=parking extract; Overpass unavailable at build — subset of estonia_parking_master)","lastVerified":"2026-10-02"},"geometry":{"type":"Polygon","coordinates":[[[24.5322559,58.3738917],[24.5322122,58.3738552],[24.5325856,58.3734683],[24.5326546,58.3734776],[24.5322559,58.3738917]]]},"id":"way/1462149679"},{"type":"Feature","properties":{"@id":"way/1462155531","access":"yes","amenity":"parking","capacity":"9","parking":"surface","source":"OpenStreetMap (amenity=parking extract; Overpass unavailable at build — subset of estonia_parking_master)","lastVerified":"2026-10-02"},"geometry":{"type":"Polygon","coordinates":[[[24.5336008,58.37477],[24.5332339,58.37456],[24.533366,58.3745685],[24.5336618,58.3747417],[24.5336008,58.37477]]]},"id":"way/1462155531"},{"type":"Feature","properties":{"@id":"way/1462155533","access":"yes","amenity":"parking","capacity":"3","parking":"surface","source":"OpenStreetMap (amenity=parking extract; Overpass unavailable at build — subset of estonia_parking_master)","lastVerified":"2026-10-02"},"geometry":{"type":"Polygon","coordinates":[[[24.5334259,58.3754262],[24.5334554,58.3753847],[24.5336636,58.3754364],[24.5336284,58.3754747],[24.5334259,58.3754262]]]},"id":"way/1462155533"},{"type":"Feature","properties":{"@id":"way/1462155534","access":"yes","amenity":"parking","capacity":"14","parking":"surface","source":"OpenStreetMap (amenity=parking extract; Overpass unavailable at build — subset of estonia_parking_master)","lastVerified":"2026-10-02"},"geometry":{"type":"Polygon","coordinates":[[[24.5331215,58.3754564],[24.5330048,58.3755247],[24.5325639,58.3752994],[24.5326412,58.3752376],[24.5327392,58.3752631],[24.5330655,58.3754281],[24.5331215,58.3754564]]]},"id":"way/1462155534"},{"type":"Feature","properties":{"@id":"way/1462155535","access":"yes","amenity":"parking","capacity":"10","parking":"surface","source":"OpenStreetMap (amenity=parking extract; Overpass unavailable at build — subset of estonia_parking_master)","lastVerified":"2026-10-02"},"geometry":{"type":"Polygon","coordinates":[[[24.532506,58.3751966],[24.5324328,58.3751774],[24.5326788,58.3749488],[24.5327611,58.374969],[24.532506,58.3751966]]]},"id":"way/1462155535"},{"type":"Feature","properties":{"@id":"way/1462155536","access":"yes","amenity":"parking","capacity":"14","parking":"surface","source":"OpenStreetMap (amenity=parking extract; Overpass unavailable at build — subset of estonia_parking_master)","lastVerified":"2026-10-02"},"geometry":{"type":"Polygon","coordinates":[[[24.5320358,58.3744999],[24.5320744,58.3745393],[24.5317766,58.3748287],[24.5317095,58.3748127],[24.5320358,58.3744999]]]},"id":"way/1462155536"},{"type":"Feature","properties":{"@id":"way/1462155542","access":"yes","amenity":"parking","capacity":"6","parking":"surface","source":"OpenStreetMap (amenity=parking extract; Overpass unavailable at build — subset of estonia_parking_master)","lastVerified":"2026-10-02"},"geometry":{"type":"Polygon","coordinates":[[[24.531823,58.3744769],[24.5318843,58.3744947],[24.5317354,58.3746465],[24.5316753,58.37463],[24.531823,58.3744769]]]},"id":"way/1462155542"},{"type":"Feature","properties":{"@id":"way/1462155567","access":"yes","amenity":"parking","capacity":"2","parking":"surface","source":"OpenStreetMap (amenity=parking extract; Overpass unavailable at build — subset of estonia_parking_master)","lastVerified":"2026-10-02"},"geometry":{"type":"Polygon","coordinates":[[[24.5340238,58.3739621],[24.5337433,58.3738091],[24.5337911,58.3738033],[24.5338612,58.3738368],[24.5338592,58.3738662],[24.5339049,58.3738901],[24.5339608,58.3738928],[24.5340248,58.3739274],[24.5340238,58.3739621]]]},"id":"way/1462155567"},{"type":"Feature","properties":{"@id":"way/1462155577","access":"yes","amenity":"parking","capacity":"12","parking":"surface","source":"OpenStreetMap (amenity=parking extract; Overpass unavailable at build — subset of estonia_parking_master)","lastVerified":"2026-10-02"},"geometry":{"type":"Polygon","coordinates":[[[24.5405225,58.3724693],[24.5404351,58.3724224],[24.5407847,58.3722529],[24.5408681,58.372303],[24.5405225,58.3724693]]]},"id":"way/1462155577"},{"type":"Feature","properties":{"@id":"way/1462155582","access":"yes","amenity":"parking","capacity":"9","parking":"surface","source":"OpenStreetMap (amenity=parking extract; Overpass unavailable at build — subset of estonia_parking_master)","lastVerified":"2026-10-02"},"geometry":{"type":"Polygon","coordinates":[[[24.5402065,58.372943],[24.5398781,58.3727581],[24.5399239,58.3727342],[24.5403035,58.3729344],[24.5402065,58.372943]]]},"id":"way/1462155582"},{"type":"Feature","properties":{"@id":"way/1462155585","access":"yes","amenity":"parking","capacity":"12","parking":"surface","source":"OpenStreetMap (amenity=parking extract; Overpass unavailable at build — subset of estonia_parking_master)","lastVerified":"2026-10-02"},"geometry":{"type":"Polygon","coordinates":[[[24.5396329,58.3724655],[24.5396126,58.3724533],[24.5404033,58.3720514],[24.5404318,58.3720685],[24.5396329,58.3724655]]]},"id":"way/1462155585"},{"type":"Feature","properties":{"@id":"way/1462155588","access":"yes","amenity":"parking","capacity":"9","parking":"surface","source":"OpenStreetMap (amenity=parking extract; Overpass unavailable at build — subset of estonia_parking_master)","lastVerified":"2026-10-02"},"geometry":{"type":"Polygon","coordinates":[[[24.5414769,58.371535],[24.5407553,58.371903],[24.540732,58.3718895],[24.5414568,58.3715234],[24.5414769,58.371535]]]},"id":"way/1462155588"},{"type":"Feature","properties":{"@id":"way/1462155589","access":"yes","amenity":"parking","capacity":"10","parking":"surface","source":"OpenStreetMap (amenity=parking extract; Overpass unavailable at build — subset of estonia_parking_master)","lastVerified":"2026-10-02"},"geometry":{"type":"Polygon","coordinates":[[[24.54191,58.3713232],[24.5418409,58.3713519],[24.5418099,58.3713356],[24.5425257,58.3709756],[24.5425541,58.3709885],[24.54191,58.3713232]]]},"id":"way/1462155589"},{"type":"Feature","properties":{"@id":"way/1462155594","amenity":"parking","capacity":"10","parking":"surface","source":"OpenStreetMap (amenity=parking extract; Overpass unavailable at build — subset of estonia_parking_master)","lastVerified":"2026-10-02"},"geometry":{"type":"Polygon","coordinates":[[[24.5433042,58.3714123],[24.5430906,58.3712838],[24.542947,58.3713468],[24.5429354,58.3713407],[24.5428769,58.3713095],[24.543017,58.3712311],[24.5430987,58.3712783],[24.5431373,58.3712556],[24.5433673,58.3713842],[24.5433042,58.3714123]]]},"id":"way/1462155594"},{"type":"Feature","properties":{"@id":"way/1462155597","access":"yes","amenity":"parking","capacity":"19","parking":"surface","source":"OpenStreetMap (amenity=parking extract; Overpass unavailable at build — subset of estonia_parking_master)","lastVerified":"2026-10-02"},"geometry":{"type":"Polygon","coordinates":[[[24.5429598,58.3712219],[24.5427131,58.3713481],[24.5425862,58.371413],[24.5426586,58.3714472],[24.5424008,58.3715735],[24.5423383,58.3715429],[24.5425874,58.3714261],[24.5425213,58.3713931],[24.5428984,58.3711948],[24.5429598,58.3712219]]]},"id":"way/1462155597"},{"type":"Feature","properties":{"@id":"way/1462155598","access":"yes","amenity":"parking","capacity":"5","parking":"surface","source":"OpenStreetMap (amenity=parking extract; Overpass unavailable at build — subset of estonia_parking_master)","lastVerified":"2026-10-02"},"geometry":{"type":"Polygon","coordinates":[[[24.5423781,58.3713812],[24.5427447,58.3711945],[24.5427751,58.3712147],[24.5424143,58.3714008],[24.5423781,58.3713812]]]},"id":"way/1462155598"},{"type":"Feature","properties":{"@id":"way/1462155603","access":"yes","amenity":"parking","capacity":"10","parking":"surface","source":"OpenStreetMap (amenity=parking extract; Overpass unavailable at build — subset of estonia_parking_master)","lastVerified":"2026-10-02"},"geometry":{"type":"Polygon","coordinates":[[[24.5422372,58.3719353],[24.5421524,58.3718816],[24.5420646,58.3718711],[24.5419999,58.3718917],[24.5418581,58.3718081],[24.5419356,58.3717658],[24.5420939,58.3718537],[24.5421964,58.3718505],[24.5423019,58.3719075],[24.5422372,58.3719353]]]},"id":"way/1462155603"},{"type":"Feature","properties":{"@id":"way/1462155604","access":"yes","amenity":"parking","capacity":"12","parking":"surface","source":"OpenStreetMap (amenity=parking extract; Overpass unavailable at build — subset of estonia_parking_master)","lastVerified":"2026-10-02"},"geometry":{"type":"Polygon","coordinates":[[[24.5418399,58.3718436],[24.5417629,58.3718791],[24.5413762,58.3720659],[24.5413264,58.3720323],[24.5417897,58.3718173],[24.5418399,58.3718436]]]},"id":"way/1462155604"},{"type":"Feature","properties":{"@id":"way/1462155605","access":"yes","amenity":"parking","capacity":"10","parking":"surface","source":"OpenStreetMap (amenity=parking extract; Overpass unavailable at build — subset of estonia_parking_master)","lastVerified":"2026-10-02"},"geometry":{"type":"Polygon","coordinates":[[[24.5413142,58.3719231],[24.5416069,58.3717669],[24.5416516,58.3717951],[24.5413559,58.3719492],[24.5413142,58.3719231]]]},"id":"way/1462155605"},{"type":"Feature","properties":{"@id":"way/1462155606","access":"yes","amenity":"parking","capacity":"4","parking":"surface","source":"OpenStreetMap (amenity=parking extract; Overpass unavailable at build — subset of estonia_parking_master)","lastVerified":"2026-10-02"},"geometry":{"type":"Polygon","coordinates":[[[24.5417897,58.3718173],[24.5417329,58.3717882],[24.5418539,58.3717107],[24.5419123,58.3717511],[24.5417897,58.3718173]]]},"id":"way/1462155606"},{"type":"Feature","properties":{"@id":"way/1462155608","access":"yes","amenity":"parking","capacity":"2","parking":"surface","source":"OpenStreetMap (amenity=parking extract; Overpass unavailable at build — subset of estonia_parking_master)","lastVerified":"2026-10-02"},"geometry":{"type":"Polygon","coordinates":[[[24.5406506,58.3719812],[24.5407143,58.372016],[24.5406577,58.3720485],[24.5405878,58.3720095],[24.5406506,58.3719812]]]},"id":"way/1462155608"},{"type":"Feature","properties":{"@id":"way/1462155609","access":"yes","amenity":"parking","capacity":"9","parking":"surface","source":"OpenStreetMap (amenity=parking extract; Overpass unavailable at build — subset of estonia_parking_master)","lastVerified":"2026-10-02"},"geometry":{"type":"Polygon","coordinates":[[[24.540855,58.3721603],[24.5409894,58.3721547],[24.5412726,58.3723088],[24.5412248,58.3723338],[24.5413531,58.3723988],[24.5413089,58.3724248],[24.5411638,58.372345],[24.5411868,58.3723241],[24.540855,58.3721603]]]},"id":"way/1462155609"},{"type":"Feature","properties":{"@id":"way/1462155614","access":"yes","amenity":"parking","capacity":"8","parking":"surface","source":"OpenStreetMap (amenity=parking extract; Overpass unavailable at build — subset of estonia_parking_master)","lastVerified":"2026-10-02"},"geometry":{"type":"Polygon","coordinates":[[[24.54228,58.37183],[24.5422445,58.3718454],[24.5419223,58.37166],[24.5416296,58.3714926],[24.541719,58.371443],[24.5418003,58.3714835],[24.5417505,58.3715118],[24.5419474,58.3716349],[24.5419517,58.3716376],[24.5421306,58.3717425],[24.5422742,58.3718266],[24.54228,58.37183]]]},"id":"way/1462155614"},{"type":"Feature","properties":{"@id":"way/1462400362","access":"yes","amenity":"parking","capacity":"4","parking":"surface","source":"OpenStreetMap (amenity=parking extract; Overpass unavailable at build — subset of estonia_parking_master)","lastVerified":"2026-10-02"},"geometry":{"type":"Polygon","coordinates":[[[24.5338278,58.3743439],[24.5339355,58.3742922],[24.5339823,58.3743157],[24.533875,58.374369],[24.5338278,58.3743439]]]},"id":"way/1462400362"},{"type":"Feature","properties":{"@id":"way/1462400381","access":"yes","amenity":"parking","capacity":"12","parking":"surface","source":"OpenStreetMap (amenity=parking extract; Overpass unavailable at build — subset of estonia_parking_master)","lastVerified":"2026-10-02"},"geometry":{"type":"Polygon","coordinates":[[[24.5345421,58.3738004],[24.5343401,58.3736776],[24.5344218,58.3736375],[24.5346279,58.3737589],[24.5346621,58.3737441],[24.5350833,58.3739386],[24.5350578,58.3739513],[24.5347546,58.3738264],[24.5346162,58.3737642],[24.5345421,58.3738004]]]},"id":"way/1462400381"},{"type":"Feature","properties":{"@id":"way/1462400387","access":"yes","amenity":"parking","parking":"surface","source":"OpenStreetMap (amenity=parking extract; Overpass unavailable at build — subset of estonia_parking_master)","lastVerified":"2026-10-02"},"geometry":{"type":"Polygon","coordinates":[[[24.5337731,58.373226],[24.5337222,58.373253],[24.5333556,58.3730587],[24.5334064,58.3730301],[24.5337731,58.373226]]]},"id":"way/1462400387"},{"type":"Feature","properties":{"@id":"way/1462409879","amenity":"parking","source":"OpenStreetMap (amenity=parking extract; Overpass unavailable at build — subset of estonia_parking_master)","lastVerified":"2026-10-02"},"geometry":{"type":"Polygon","coordinates":[[[24.5353625,58.3737478],[24.5351206,58.3736151],[24.5353096,58.3735106],[24.5354936,58.3736146],[24.5355038,58.3736737],[24.5353625,58.3737478]]]},"id":"way/1462409879"},{"type":"Feature","properties":{"@id":"way/1462548592","access":"yes","amenity":"parking","capacity":"20","parking":"surface","source":"OpenStreetMap (amenity=parking extract; Overpass unavailable at build — subset of estonia_parking_master)","lastVerified":"2026-10-02"},"geometry":{"type":"Polygon","coordinates":[[[24.5412584,58.3714168],[24.5410191,58.3712784],[24.5410121,58.3712698],[24.5407027,58.3711021],[24.5408019,58.3710549],[24.5413472,58.3713764],[24.5412584,58.3714168]]]},"id":"way/1462548592"},{"type":"Feature","properties":{"@id":"way/1462548599","access":"yes","amenity":"parking","capacity":"30","parking":"surface","source":"OpenStreetMap (amenity=parking extract; Overpass unavailable at build — subset of estonia_parking_master)","lastVerified":"2026-10-02"},"geometry":{"type":"Polygon","coordinates":[[[24.5404411,58.3711657],[24.5397863,58.3708417],[24.5399712,58.3707351],[24.5406352,58.3710768],[24.5404411,58.3711657]]]},"id":"way/1462548599"},{"type":"Feature","properties":{"@id":"way/1462562011","access":"yes","amenity":"parking","capacity":"5","parking":"surface","source":"OpenStreetMap (amenity=parking extract; Overpass unavailable at build — subset of estonia_parking_master)","lastVerified":"2026-10-02"},"geometry":{"type":"Polygon","coordinates":[[[24.5380265,58.369382],[24.5381257,58.3692785],[24.5382191,58.369303],[24.5381105,58.3694022],[24.5380265,58.369382]]]},"id":"way/1462562011"},{"type":"Feature","properties":{"@id":"way/1462562025","access":"yes","amenity":"parking","capacity":"7","parking":"surface","source":"OpenStreetMap (amenity=parking extract; Overpass unavailable at build — subset of estonia_parking_master)","lastVerified":"2026-10-02"},"geometry":{"type":"Polygon","coordinates":[[[24.5378948,58.3700338],[24.5379391,58.3699843],[24.5382334,58.3700662],[24.5381891,58.3701091],[24.5378948,58.3700338]]]},"id":"way/1462562025"},{"type":"Feature","properties":{"@id":"way/1462562026","access":"yes","amenity":"parking","capacity":"5","parking":"surface","source":"OpenStreetMap (amenity=parking extract; Overpass unavailable at build — subset of estonia_parking_master)","lastVerified":"2026-10-02"},"geometry":{"type":"Polygon","coordinates":[[[24.5375497,58.3701312],[24.5373475,58.3700709],[24.5373983,58.3700208],[24.5376056,58.3700779],[24.5375497,58.3701312]]]},"id":"way/1462562026"},{"type":"Feature","properties":{"@id":"way/1462562030","access":"yes","amenity":"parking","capacity":"7","parking":"surface","source":"OpenStreetMap (amenity=parking extract; Overpass unavailable at build — subset of estonia_parking_master)","lastVerified":"2026-10-02"},"geometry":{"type":"Polygon","coordinates":[[[24.5355723,58.3688345],[24.5352131,58.3687454],[24.5351972,58.3686892],[24.5356139,58.3688006],[24.5355723,58.3688345]]]},"id":"way/1462562030"},{"type":"Feature","properties":{"@id":"way/1462562042","access":"yes","amenity":"parking","capacity":"6","parking":"surface","source":"OpenStreetMap (amenity=parking extract; Overpass unavailable at build — subset of estonia_parking_master)","lastVerified":"2026-10-02"},"geometry":{"type":"Polygon","coordinates":[[[24.5352872,58.3716955],[24.5351713,58.3717637],[24.534928,58.3716305],[24.5349466,58.3716124],[24.5352872,58.3716955]]]},"id":"way/1462562042"},{"type":"Feature","properties":{"@id":"way/1462562049","access":"yes","amenity":"parking","capacity":"5","parking":"surface","source":"OpenStreetMap (amenity=parking extract; Overpass unavailable at build — subset of estonia_parking_master)","lastVerified":"2026-10-02"},"geometry":{"type":"Polygon","coordinates":[[[24.5355124,58.3715099],[24.5352512,58.371431],[24.5352583,58.3713766],[24.535555,58.3714667],[24.5355124,58.3715099]]]},"id":"way/1462562049"},{"type":"Feature","properties":{"@id":"way/1462566709","access":"yes","amenity":"parking","capacity":"4","parking":"surface","source":"OpenStreetMap (amenity=parking extract; Overpass unavailable at build — subset of estonia_parking_master)","lastVerified":"2026-10-02"},"geometry":{"type":"Polygon","coordinates":[[[24.5334653,58.37239],[24.5334922,58.3723617],[24.5336771,58.3724142],[24.533654,58.3724421],[24.5334653,58.37239]]]},"id":"way/1462566709"},{"type":"Feature","properties":{"@id":"way/1462629203","access":"yes","amenity":"parking","capacity":"30","parking":"surface","source":"OpenStreetMap (amenity=parking extract; Overpass unavailable at build — subset of estonia_parking_master)","lastVerified":"2026-10-02"},"geometry":{"type":"Polygon","coordinates":[[[24.4697122,58.3948082],[24.4697659,58.3946969],[24.4703742,58.3947795],[24.4702948,58.3948939],[24.4697122,58.3948082]]]},"id":"way/1462629203"},{"type":"Feature","properties":{"@id":"way/1462629204","access":"yes","amenity":"parking","capacity":"15","parking":"surface","source":"OpenStreetMap (amenity=parking extract; Overpass unavailable at build — subset of estonia_parking_master)","lastVerified":"2026-10-02"},"geometry":{"type":"Polygon","coordinates":[[[24.4704384,58.3949704],[24.4705003,58.3949459],[24.4710163,58.3953583],[24.4709323,58.3953858],[24.4704384,58.3949704]]]},"id":"way/1462629204"},{"type":"Feature","properties":{"@id":"way/1462629209","access":"yes","amenity":"parking","capacity":"35","parking":"surface","source":"OpenStreetMap (amenity=parking extract; Overpass unavailable at build — subset of estonia_parking_master)","lastVerified":"2026-10-02"},"geometry":{"type":"Polygon","coordinates":[[[24.4706259,58.3953217],[24.4706913,58.3953749],[24.4694058,58.3958118],[24.4693393,58.3957579],[24.4706259,58.3953217]]]},"id":"way/1462629209"},{"type":"Feature","properties":{"@id":"way/1462629224","access":"yes","amenity":"parking","capacity":"25","parking":"surface","source":"OpenStreetMap (amenity=parking extract; Overpass unavailable at build — subset of estonia_parking_master)","lastVerified":"2026-10-02"},"geometry":{"type":"Polygon","coordinates":[[[24.4698441,58.3960663],[24.4698362,58.3960301],[24.4709174,58.3956666],[24.4709262,58.3957155],[24.4699089,58.3960658],[24.4698441,58.3960663]]]},"id":"way/1462629224"},{"type":"Feature","properties":{"@id":"way/1462638471","access":"yes","amenity":"parking","capacity":"12","parking":"surface","source":"OpenStreetMap (amenity=parking extract; Overpass unavailable at build — subset of estonia_parking_master)","lastVerified":"2026-10-02"},"geometry":{"type":"Polygon","coordinates":[[[24.4711786,58.3970951],[24.4712365,58.3971414],[24.4706633,58.3973369],[24.4705911,58.3972922],[24.4711786,58.3970951]]]},"id":"way/1462638471"},{"type":"Feature","properties":{"@id":"way/1462638472","access":"yes","amenity":"parking","capacity":"8","parking":"surface","source":"OpenStreetMap (amenity=parking extract; Overpass unavailable at build — subset of estonia_parking_master)","lastVerified":"2026-10-02"},"geometry":{"type":"Polygon","coordinates":[[[24.4714377,58.3973321],[24.4712853,58.3971718],[24.4714194,58.3971345],[24.4715882,58.3972884],[24.4714377,58.3973321]]]},"id":"way/1462638472"},{"type":"Feature","properties":{"@id":"way/1462638473","access":"yes","amenity":"parking","capacity":"10","parking":"surface","source":"OpenStreetMap (amenity=parking extract; Overpass unavailable at build — subset of estonia_parking_master)","lastVerified":"2026-10-02"},"geometry":{"type":"Polygon","coordinates":[[[24.4720262,58.3971936],[24.4717396,58.3969582],[24.4718453,58.3969241],[24.472135,58.3971585],[24.4720262,58.3971936]]]},"id":"way/1462638473"},{"type":"Feature","properties":{"@id":"way/1462638474","access":"yes","amenity":"parking","capacity":"12","parking":"surface","source":"OpenStreetMap (amenity=parking extract; Overpass unavailable at build — subset of estonia_parking_master)","lastVerified":"2026-10-02"},"geometry":{"type":"Polygon","coordinates":[[[24.4725722,58.3967155],[24.4722561,58.3964619],[24.472375,58.3964199],[24.4726799,58.3966792],[24.4725722,58.3967155]]]},"id":"way/1462638474"},{"type":"Feature","properties":{"@id":"way/1462638475","access":"yes","amenity":"parking","capacity":"8","parking":"surface","source":"OpenStreetMap (amenity=parking extract; Overpass unavailable at build — subset of estonia_parking_master)","lastVerified":"2026-10-02"},"geometry":{"type":"Polygon","coordinates":[[[24.471863,58.3969182],[24.4718163,58.3968741],[24.4724432,58.396663],[24.4724957,58.3967108],[24.471863,58.3969182]]]},"id":"way/1462638475"},{"type":"Feature","properties":{"@id":"way/1462645294","access":"yes","amenity":"parking","capacity":"30","parking":"surface","source":"OpenStreetMap (amenity=parking extract; Overpass unavailable at build — subset of estonia_parking_master)","lastVerified":"2026-10-02"},"geometry":{"type":"Polygon","coordinates":[[[24.5292428,58.3811045],[24.5292576,58.3804035],[24.5293287,58.3803964],[24.5293086,58.3810848],[24.5292428,58.3811045]]]},"id":"way/1462645294"},{"type":"Feature","properties":{"@id":"way/1462645295","access":"yes","amenity":"parking","capacity":"40","parking":"surface","source":"OpenStreetMap (amenity=parking extract; Overpass unavailable at build — subset of estonia_parking_master)","lastVerified":"2026-10-02"},"geometry":{"type":"Polygon","coordinates":[[[24.5300526,58.3807239],[24.5300617,58.3798383],[24.5301339,58.3798293],[24.5301197,58.3806898],[24.5300526,58.3807239]]]},"id":"way/1462645295"},{"type":"Feature","properties":{"@id":"way/1462645310","access":"yes","amenity":"parking","capacity":"15","parking":"surface","source":"OpenStreetMap (amenity=parking extract; Overpass unavailable at build — subset of estonia_parking_master)","lastVerified":"2026-10-02"},"geometry":{"type":"Polygon","coordinates":[[[24.5302497,58.3790938],[24.5301478,58.3790137],[24.5307177,58.3787795],[24.530829,58.3788583],[24.5302497,58.3790938]]]},"id":"way/1462645310"},{"type":"Feature","properties":{"@id":"way/1462645311","access":"yes","amenity":"parking","capacity":"10","parking":"surface","source":"OpenStreetMap (amenity=parking extract; Overpass unavailable at build — subset of estonia_parking_master)","lastVerified":"2026-10-02"},"geometry":{"type":"Polygon","coordinates":[[[24.5313402,58.3785176],[24.5309781,58.3782378],[24.5311819,58.3782652],[24.5314555,58.3784769],[24.5313402,58.3785176]]]},"id":"way/1462645311"},{"type":"Feature","properties":{"@id":"way/1462645312","access":"yes","amenity":"parking","capacity":"40","parking":"surface","source":"OpenStreetMap (amenity=parking extract; Overpass unavailable at build — subset of estonia_parking_master)","lastVerified":"2026-10-02"},"geometry":{"type":"Polygon","coordinates":[[[24.5280399,58.3804332],[24.527714,58.3805802],[24.5280714,58.3808346],[24.5279643,58.3808734],[24.5275021,58.3805414],[24.5279393,58.3803636],[24.5280399,58.3804332]]]},"id":"way/1462645312"},{"type":"Feature","properties":{"@id":"way/1462645313","access":"yes","amenity":"parking","capacity":"12","parking":"surface","source":"OpenStreetMap (amenity=parking extract; Overpass unavailable at build — subset of estonia_parking_master)","lastVerified":"2026-10-02"},"geometry":{"type":"Polygon","coordinates":[[[24.5282703,58.3796301],[24.5281952,58.3795844],[24.5283709,58.3795141],[24.5284199,58.3795151],[24.528385,58.379602],[24.5283245,58.3796247],[24.5283316,58.38006],[24.5282828,58.3800611],[24.5282798,58.3796369],[24.5282703,58.3796301]]]},"id":"way/1462645313"},{"type":"Feature","properties":{"@id":"way/1462645314","access":"yes","amenity":"parking","capacity":"30","parking":"surface","source":"OpenStreetMap (amenity=parking extract; Overpass unavailable at build — subset of estonia_parking_master)","lastVerified":"2026-10-02"},"geometry":{"type":"Polygon","coordinates":[[[24.5284904,58.3804285],[24.5285655,58.3804049],[24.5285613,58.3811604],[24.5284734,58.3811639],[24.5284904,58.3804285]]]},"id":"way/1462645314"},{"type":"Feature","properties":{"@id":"way/1462645339","access":"yes","amenity":"parking","capacity":"8","parking":"surface","source":"OpenStreetMap (amenity=parking extract; Overpass unavailable at build — subset of estonia_parking_master)","lastVerified":"2026-10-02"},"geometry":{"type":"Polygon","coordinates":[[[24.5288802,58.3811522],[24.5288802,58.3811224],[24.5292136,58.3811176],[24.5293295,58.3811869],[24.5291953,58.3812034],[24.5291252,58.3811592],[24.5288792,58.3811639],[24.5288802,58.3811522]]]},"id":"way/1462645339"},{"type":"Feature","properties":{"@id":"way/1462645340","access":"yes","amenity":"parking","capacity":"50","parking":"surface","source":"OpenStreetMap (amenity=parking extract; Overpass unavailable at build — subset of estonia_parking_master)","lastVerified":"2026-10-02"},"geometry":{"type":"Polygon","coordinates":[[[24.5287511,58.3799745],[24.5287524,58.3797038],[24.5286747,58.3796588],[24.5287176,58.3795168],[24.5292004,58.3795161],[24.5295357,58.379431],[24.5295276,58.3798064],[24.5294109,58.3798451],[24.5293425,58.3798451],[24.5291761,58.379985],[24.5287511,58.3799745]]]},"id":"way/1462645340"},{"type":"Feature","properties":{"@id":"way/1462645348","access":"customers","amenity":"parking","capacity":"60","parking":"surface","source":"OpenStreetMap (amenity=parking extract; Overpass unavailable at build — subset of estonia_parking_master)","lastVerified":"2026-10-02"},"geometry":{"type":"Polygon","coordinates":[[[24.5327379,58.3793388],[24.5324503,58.3791231],[24.5325193,58.3790957],[24.5324726,58.3790649],[24.5324671,58.3790614],[24.5323964,58.3790883],[24.5321168,58.3788786],[24.532184,58.3788484],[24.5321389,58.3788141],[24.5320628,58.3788373],[24.5317912,58.3786508],[24.5320495,58.3785566],[24.532514,58.3789022],[24.5324459,58.3789315],[24.5326184,58.379059],[24.5326954,58.3790307],[24.532998,58.3792483],[24.5327379,58.3793388]]]},"id":"way/1462645348"},{"type":"Feature","properties":{"@id":"way/1462653014","access":"yes","amenity":"parking","capacity":"18","parking":"surface","source":"OpenStreetMap (amenity=parking extract; Overpass unavailable at build — subset of estonia_parking_master)","lastVerified":"2026-10-02"},"geometry":{"type":"Polygon","coordinates":[[[24.5052094,58.3972625],[24.5052564,58.3972613],[24.5052895,58.3972718],[24.5053204,58.3976108],[24.5052895,58.3976359],[24.5052379,58.3976371],[24.5052094,58.3972625]]]},"id":"way/1462653014"},{"type":"Feature","properties":{"@id":"way/1462653016","access":"yes","amenity":"parking","capacity":"8","parking":"surface","source":"OpenStreetMap (amenity=parking extract; Overpass unavailable at build — subset of estonia_parking_master)","lastVerified":"2026-10-02"},"geometry":{"type":"Polygon","coordinates":[[[24.5039984,58.397335],[24.5040192,58.3975149],[24.5039479,58.3975166],[24.5039294,58.3973364],[24.5039984,58.397335]]]},"id":"way/1462653016"},{"type":"Feature","properties":{"@id":"way/1462653017","access":"yes","amenity":"parking","capacity":"16","parking":"surface","source":"OpenStreetMap (amenity=parking extract; Overpass unavailable at build — subset of estonia_parking_master)","lastVerified":"2026-10-02"},"geometry":{"type":"Polygon","coordinates":[[[24.5041794,58.3976692],[24.5041271,58.3972286],[24.5042076,58.3972265],[24.5042532,58.3976657],[24.5041794,58.3976692]]]},"id":"way/1462653017"},{"type":"Feature","properties":{"@id":"way/1462653018","access":"yes","amenity":"parking","capacity":"4","parking":"surface","source":"OpenStreetMap (amenity=parking extract; Overpass unavailable at build — subset of estonia_parking_master)","lastVerified":"2026-10-02"},"geometry":{"type":"Polygon","coordinates":[[[24.5042941,58.3972676],[24.5042914,58.3972384],[24.5045006,58.3972328],[24.5045033,58.3972623],[24.5042941,58.3972676]]]},"id":"way/1462653018"},{"type":"Feature","properties":{"@id":"way/1462653019","access":"yes","amenity":"parking","capacity":"25","parking":"surface","source":"OpenStreetMap (amenity=parking extract; Overpass unavailable at build — subset of estonia_parking_master)","lastVerified":"2026-10-02"},"geometry":{"type":"Polygon","coordinates":[[[24.5048552,58.3971453],[24.5047773,58.397149],[24.5047234,58.3965713],[24.5048101,58.396569],[24.5048552,58.3971453]]]},"id":"way/1462653019"},{"type":"Feature","properties":{"@id":"way/1462653020","access":"yes","amenity":"parking","capacity":"15","parking":"surface","source":"OpenStreetMap (amenity=parking extract; Overpass unavailable at build — subset of estonia_parking_master)","lastVerified":"2026-10-02"},"geometry":{"type":"Polygon","coordinates":[[[24.5053584,58.3965613],[24.505455,58.3965565],[24.5054905,58.3969656],[24.505393,58.3969661],[24.5053584,58.3965613]]]},"id":"way/1462653020"},{"type":"Feature","properties":{"@id":"way/1462653021","access":"yes","amenity":"parking","capacity":"10","parking":"surface","source":"OpenStreetMap (amenity=parking extract; Overpass unavailable at build — subset of estonia_parking_master)","lastVerified":"2026-10-02"},"geometry":{"type":"Polygon","coordinates":[[[24.5039023,58.396766],[24.5038901,58.3966339],[24.5041361,58.3966248],[24.5041463,58.396758],[24.5039023,58.396766]]]},"id":"way/1462653021"},{"type":"Feature","properties":{"@id":"way/1462653022","access":"yes","amenity":"parking","capacity":"10","parking":"surface","source":"OpenStreetMap (amenity=parking extract; Overpass unavailable at build — subset of estonia_parking_master)","lastVerified":"2026-10-02"},"geometry":{"type":"Polygon","coordinates":[[[24.5047993,58.3972914],[24.504867,58.3972877],[24.5048903,58.3975263],[24.5048168,58.3975282],[24.5047993,58.3972914]]]},"id":"way/1462653022"},{"type":"Feature","properties":{"@id":"way/1462653029","access":"yes","amenity":"parking","capacity":"4","parking":"surface","source":"OpenStreetMap (amenity=parking extract; Overpass unavailable at build — subset of estonia_parking_master)","lastVerified":"2026-10-02"},"geometry":{"type":"Polygon","coordinates":[[[24.5039459,58.3971773],[24.5039424,58.3971351],[24.5041479,58.3971259],[24.5041549,58.3971761],[24.5039459,58.3971773]]]},"id":"way/1462653029"},{"type":"Feature","properties":{"@id":"way/1462653030","amenity":"parking","source":"OpenStreetMap (amenity=parking extract; Overpass unavailable at build — subset of estonia_parking_master)","lastVerified":"2026-10-02"},"geometry":{"type":"Polygon","coordinates":[[[24.5046453,58.3969546],[24.5046383,58.3968818],[24.5047328,58.3968794],[24.504741,58.3969516],[24.5046453,58.3969546]]]},"id":"way/1462653030"},{"type":"Feature","properties":{"@id":"way/1462653032","access":"yes","amenity":"parking","capacity":"8","parking":"surface","source":"OpenStreetMap (amenity=parking extract; Overpass unavailable at build — subset of estonia_parking_master)","lastVerified":"2026-10-02"},"geometry":{"type":"Polygon","coordinates":[[[24.5049532,58.3972017],[24.5049447,58.3970976],[24.5051173,58.3970935],[24.5051273,58.3971956],[24.5049532,58.3972017]]]},"id":"way/1462653032"},{"type":"Feature","properties":{"@id":"way/1462653035","access":"yes","amenity":"parking","parking":"surface","source":"OpenStreetMap (amenity=parking extract; Overpass unavailable at build — subset of estonia_parking_master)","lastVerified":"2026-10-02"},"geometry":{"type":"Polygon","coordinates":[[[24.5039548,58.3975382],[24.5040259,58.3975372],[24.5040371,58.3976639],[24.5039639,58.397665],[24.5039548,58.3975382]]]},"id":"way/1462653035"},{"type":"Feature","properties":{"@id":"way/1462663832","access":"yes","amenity":"parking","capacity":"16","parking":"surface","source":"OpenStreetMap (amenity=parking extract; Overpass unavailable at build — subset of estonia_parking_master)","lastVerified":"2026-10-02"},"geometry":{"type":"Polygon","coordinates":[[[24.5260868,58.3772002],[24.52607,58.377196],[24.525525,58.3767604],[24.5255878,58.3767339],[24.5261098,58.377157],[24.5260868,58.3772002]]]},"id":"way/1462663832"},{"type":"Feature","properties":{"@id":"way/1462663851","access":"yes","amenity":"parking","capacity":"5","parking":"surface","source":"OpenStreetMap (amenity=parking extract; Overpass unavailable at build — subset of estonia_parking_master)","lastVerified":"2026-10-02"},"geometry":{"type":"Polygon","coordinates":[[[24.5184922,58.3786254],[24.5183567,58.3785297],[24.5184091,58.3785067],[24.51855,58.3786052],[24.5185365,58.37861],[24.5184922,58.3786254]]]},"id":"way/1462663851"},{"type":"Feature","properties":{"@id":"way/1462673098","access":"yes","amenity":"parking","capacity":"30","parking":"surface","source":"OpenStreetMap (amenity=parking extract; Overpass unavailable at build — subset of estonia_parking_master)","lastVerified":"2026-10-02"},"geometry":{"type":"Polygon","coordinates":[[[24.5153556,58.3741669],[24.5154481,58.3741416],[24.5160087,58.3746845],[24.5159135,58.3747098],[24.5153556,58.3741669]]]},"id":"way/1462673098"},{"type":"Feature","properties":{"@id":"way/1462673099","access":"yes","amenity":"parking","capacity":"10","parking":"surface","source":"OpenStreetMap (amenity=parking extract; Overpass unavailable at build — subset of estonia_parking_master)","lastVerified":"2026-10-02"},"geometry":{"type":"Polygon","coordinates":[[[24.5157945,58.3748116],[24.5160723,58.3747308],[24.5162493,58.3748682],[24.5160422,58.3749099],[24.5157945,58.3748116]]]},"id":"way/1462673099"},{"type":"Feature","properties":{"@id":"way/1462673100","access":"yes","amenity":"parking","capacity":"20","parking":"surface","source":"OpenStreetMap (amenity=parking extract; Overpass unavailable at build — subset of estonia_parking_master)","lastVerified":"2026-10-02"},"geometry":{"type":"Polygon","coordinates":[[[24.5150247,58.3748255],[24.5145823,58.3743959],[24.5146655,58.3743717],[24.5151008,58.374806],[24.5150247,58.3748255]]]},"id":"way/1462673100"},{"type":"Feature","properties":{"@id":"way/1462673101","access":"yes","amenity":"parking","capacity":"20","parking":"surface","source":"OpenStreetMap (amenity=parking extract; Overpass unavailable at build — subset of estonia_parking_master)","lastVerified":"2026-10-02"},"geometry":{"type":"Polygon","coordinates":[[[24.5141116,58.3749378],[24.5136975,58.3745109],[24.5137771,58.3744924],[24.5141948,58.3749164],[24.5141116,58.3749378]]]},"id":"way/1462673101"},{"type":"Feature","properties":{"@id":"way/1462673102","access":"yes","amenity":"parking","capacity":"15","parking":"surface","source":"OpenStreetMap (amenity=parking extract; Overpass unavailable at build — subset of estonia_parking_master)","lastVerified":"2026-10-02"},"geometry":{"type":"Polygon","coordinates":[[[24.5130038,58.374678],[24.513241,58.3749044],[24.5131666,58.3749239],[24.5129277,58.3746937],[24.5130038,58.374678]]]},"id":"way/1462673102"},{"type":"Feature","properties":{"@id":"way/1462673105","access":"yes","amenity":"parking","capacity":"5","parking":"surface","source":"OpenStreetMap (amenity=parking extract; Overpass unavailable at build — subset of estonia_parking_master)","lastVerified":"2026-10-02"},"geometry":{"type":"Polygon","coordinates":[[[24.5134906,58.3754875],[24.5134369,58.3754172],[24.5136837,58.3753497],[24.5137534,58.3754228],[24.5134906,58.3754875]]]},"id":"way/1462673105"},{"type":"Feature","properties":{"@id":"way/1462673107","access":"yes","amenity":"parking","parking":"surface","source":"OpenStreetMap (amenity=parking extract; Overpass unavailable at build — subset of estonia_parking_master)","lastVerified":"2026-10-02"},"geometry":{"type":"Polygon","coordinates":[[[24.5132116,58.3761176],[24.5131083,58.3761555],[24.5130695,58.376119],[24.5129997,58.3761401],[24.5130346,58.3761802],[24.5129608,58.3762062],[24.5129233,58.3761717],[24.5128589,58.3761907],[24.5128978,58.376228],[24.5127972,58.3762603],[24.5127476,58.3762181],[24.5126644,58.376247],[24.5127127,58.3762885],[24.512592,58.3763299],[24.5124995,58.376235],[24.5131727,58.3760058],[24.5132223,58.3760592],[24.5131687,58.376074],[24.5132116,58.3761176]]]},"id":"way/1462673107"},{"type":"Feature","properties":{"@id":"way/1462673108","access":"yes","amenity":"parking","capacity":"7","parking":"surface","source":"OpenStreetMap (amenity=parking extract; Overpass unavailable at build — subset of estonia_parking_master)","lastVerified":"2026-10-02"},"geometry":{"type":"Polygon","coordinates":[[[24.5152714,58.3748491],[24.5156427,58.3747487],[24.5156882,58.3747922],[24.5153216,58.3748926],[24.5152714,58.3748491]]]},"id":"way/1462673108"},{"type":"Feature","properties":{"@id":"way/1462673128","access":"yes","amenity":"parking","capacity":"6","parking":"surface","source":"OpenStreetMap (amenity=parking extract; Overpass unavailable at build — subset of estonia_parking_master)","lastVerified":"2026-10-02"},"geometry":{"type":"Polygon","coordinates":[[[24.5136535,58.375985],[24.5136145,58.3759404],[24.5139216,58.3758504],[24.5139605,58.3758852],[24.5136535,58.375985]]]},"id":"way/1462673128"},{"type":"Feature","properties":{"@id":"way/1462673137","access":"yes","amenity":"parking","capacity":"6","parking":"surface","source":"OpenStreetMap (amenity=parking extract; Overpass unavailable at build — subset of estonia_parking_master)","lastVerified":"2026-10-02"},"geometry":{"type":"Polygon","coordinates":[[[24.5148476,58.3749589],[24.51481,58.3749242],[24.5150403,58.3748572],[24.5150804,58.3748992],[24.5148476,58.3749589]]]},"id":"way/1462673137"},{"type":"Feature","properties":{"@id":"way/1462675868","access":"yes","amenity":"parking","capacity":"30","parking":"surface","source":"OpenStreetMap (amenity=parking extract; Overpass unavailable at build — subset of estonia_parking_master)","lastVerified":"2026-10-02"},"geometry":{"type":"Polygon","coordinates":[[[24.50878,58.3766513],[24.5086819,58.3766642],[24.5082161,58.3761941],[24.508305,58.3761734],[24.50878,58.3766513]]]},"id":"way/1462675868"},{"type":"Feature","properties":{"@id":"way/1462675871","access":"yes","amenity":"parking","capacity":"40","parking":"surface","source":"OpenStreetMap (amenity=parking extract; Overpass unavailable at build — subset of estonia_parking_master)","lastVerified":"2026-10-02"},"geometry":{"type":"Polygon","coordinates":[[[24.5103071,58.3759546],[24.5108825,58.3765537],[24.51057,58.376636],[24.5105378,58.3766001],[24.5107671,58.3765425],[24.5102307,58.3759757],[24.5103071,58.3759546]]]},"id":"way/1462675871"},{"type":"Feature","properties":{"@id":"way/1462675872","access":"yes","amenity":"parking","capacity":"6","parking":"surface","source":"OpenStreetMap (amenity=parking extract; Overpass unavailable at build — subset of estonia_parking_master)","lastVerified":"2026-10-02"},"geometry":{"type":"Polygon","coordinates":[[[24.5102861,58.3759273],[24.5102137,58.3759466],[24.5100781,58.3757657],[24.5101428,58.3757512],[24.5102861,58.3759273]]]},"id":"way/1462675872"},{"type":"Feature","properties":{"@id":"way/1462675873","access":"yes","amenity":"parking","capacity":"40","parking":"surface","source":"OpenStreetMap (amenity=parking extract; Overpass unavailable at build — subset of estonia_parking_master)","lastVerified":"2026-10-02"},"geometry":{"type":"Polygon","coordinates":[[[24.5091384,58.3759822],[24.509827,58.376714],[24.5097484,58.3767286],[24.5090644,58.3759991],[24.5091384,58.3759822]]]},"id":"way/1462675873"},{"type":"Feature","properties":{"@id":"way/1462675874","access":"yes","amenity":"parking","capacity":"5","parking":"surface","source":"OpenStreetMap (amenity=parking extract; Overpass unavailable at build — subset of estonia_parking_master)","lastVerified":"2026-10-02"},"geometry":{"type":"Polygon","coordinates":[[[24.5097365,58.3767751],[24.5095017,58.3768348],[24.5094732,58.3768002],[24.5097019,58.3767437],[24.5097365,58.3767751]]]},"id":"way/1462675874"},{"type":"Feature","properties":{"@id":"way/1462684727","access":"yes","amenity":"parking","capacity":"25","parking":"surface","source":"OpenStreetMap (amenity=parking extract; Overpass unavailable at build — subset of estonia_parking_master)","lastVerified":"2026-10-02"},"geometry":{"type":"Polygon","coordinates":[[[24.5155394,58.3759719],[24.515512,58.3759506],[24.5163474,58.3756745],[24.516382,58.3757011],[24.5155394,58.3759719]]]},"id":"way/1462684727"},{"type":"Feature","properties":{"@id":"way/1464891077","access":"yes","amenity":"parking","capacity":"10","parking":"surface","source":"OpenStreetMap (amenity=parking extract; Overpass unavailable at build — subset of estonia_parking_master)","lastVerified":"2026-10-02"},"geometry":{"type":"Polygon","coordinates":[[[24.4791524,58.3969545],[24.4792317,58.3970163],[24.4789212,58.3971392],[24.4788278,58.3970652],[24.4791524,58.3969545]]]},"id":"way/1464891077"},{"type":"Feature","properties":{"@id":"way/1464891078","access":"yes","amenity":"parking","capacity":"10","parking":"surface","source":"OpenStreetMap (amenity=parking extract; Overpass unavailable at build — subset of estonia_parking_master)","lastVerified":"2026-10-02"},"geometry":{"type":"Polygon","coordinates":[[[24.4800945,58.396722],[24.480049,58.3966822],[24.4804226,58.3965598],[24.4805055,58.3965831],[24.4800945,58.396722]]]},"id":"way/1464891078"},{"type":"Feature","properties":{"@id":"way/1464891079","access":"yes","amenity":"parking","capacity":"20","parking":"surface","source":"OpenStreetMap (amenity=parking extract; Overpass unavailable at build — subset of estonia_parking_master)","lastVerified":"2026-10-02"},"geometry":{"type":"Polygon","coordinates":[[[24.4804821,58.3967783],[24.4803736,58.3966834],[24.4807215,58.3965745],[24.4809818,58.3968046],[24.4808799,58.3968332],[24.4808538,58.3967988],[24.4808328,58.3967536],[24.480693,58.3967278],[24.480493,58.3967839],[24.4804821,58.3967783]]]},"id":"way/1464891079"},{"type":"Feature","properties":{"@id":"way/1464891088","access":"yes","amenity":"parking","capacity":"40","parking":"surface","source":"OpenStreetMap (amenity=parking extract; Overpass unavailable at build — subset of estonia_parking_master)","lastVerified":"2026-10-02"},"geometry":{"type":"Polygon","coordinates":[[[24.4737863,58.3947495],[24.4736106,58.3946082],[24.4738788,58.394519],[24.4739915,58.3946124],[24.4740022,58.3946314],[24.4745226,58.3944656],[24.4745856,58.394462],[24.4751502,58.3942793],[24.4751904,58.394318],[24.4738467,58.3947593],[24.4738319,58.3947333],[24.4737863,58.3947495]]]},"id":"way/1464891088"},{"type":"Feature","properties":{"@id":"way/1464891092","access":"yes","amenity":"parking","capacity":"13","parking":"surface","source":"OpenStreetMap (amenity=parking extract; Overpass unavailable at build — subset of estonia_parking_master)","lastVerified":"2026-10-02"},"geometry":{"type":"Polygon","coordinates":[[[24.4779211,58.3966651],[24.4780104,58.3966753],[24.4779025,58.3968978],[24.4777539,58.3968807],[24.477745,58.3968987],[24.4775928,58.3969145],[24.4776344,58.3967587],[24.4779211,58.3966651]]]},"id":"way/1464891092"},{"type":"Feature","properties":{"@id":"way/1464891105","access":"yes","amenity":"parking","capacity":"4","parking":"surface","source":"OpenStreetMap (amenity=parking extract; Overpass unavailable at build — subset of estonia_parking_master)","lastVerified":"2026-10-02"},"geometry":{"type":"Polygon","coordinates":[[[24.4765125,58.3967412],[24.4765618,58.3966241],[24.4766234,58.3966314],[24.4765726,58.39675],[24.4765125,58.3967412]]]},"id":"way/1464891105"},{"type":"Feature","properties":{"@id":"way/1464891106","access":"yes","amenity":"parking","capacity":"4","parking":"surface","source":"OpenStreetMap (amenity=parking extract; Overpass unavailable at build — subset of estonia_parking_master)","lastVerified":"2026-10-02"},"geometry":{"type":"Polygon","coordinates":[[[24.4764447,58.3968962],[24.476494,58.3967791],[24.4765556,58.3967864],[24.4765048,58.396905],[24.4764447,58.3968962]]]},"id":"way/1464891106"},{"type":"Feature","properties":{"@id":"way/1464891107","access":"yes","amenity":"parking","capacity":"4","parking":"surface","source":"OpenStreetMap (amenity=parking extract; Overpass unavailable at build — subset of estonia_parking_master)","lastVerified":"2026-10-02"},"geometry":{"type":"Polygon","coordinates":[[[24.4763784,58.3970487],[24.4764277,58.3969317],[24.4764894,58.3969389],[24.4764385,58.3970576],[24.4763784,58.3970487]]]},"id":"way/1464891107"},{"type":"Feature","properties":{"@id":"way/1464891110","access":"yes","amenity":"parking","capacity":"8","parking":"surface","source":"OpenStreetMap (amenity=parking extract; Overpass unavailable at build — subset of estonia_parking_master)","lastVerified":"2026-10-02"},"geometry":{"type":"Polygon","coordinates":[[[24.4772983,58.3968179],[24.4773614,58.3966235],[24.4774325,58.3965974],[24.4775748,58.3965873],[24.47759,58.3966261],[24.4774803,58.3966618],[24.4775616,58.3967343],[24.4772983,58.3968179]]]},"id":"way/1464891110"},{"type":"Feature","properties":{"@id":"way/1464891127","access":"yes","amenity":"parking","capacity:disabled":"7","parking":"surface","source":"OpenStreetMap (amenity=parking extract; Overpass unavailable at build — subset of estonia_parking_master)","lastVerified":"2026-10-02"},"geometry":{"type":"Polygon","coordinates":[[[24.4780637,58.3965503],[24.4780309,58.3965173],[24.478173,58.3964562],[24.4782843,58.3964083],[24.4783313,58.3964371],[24.4780637,58.3965503]]]},"id":"way/1464891127"},{"type":"Feature","properties":{"@id":"way/1464891132","access":"yes","amenity":"parking","capacity":"6","parking":"surface","source":"OpenStreetMap (amenity=parking extract; Overpass unavailable at build — subset of estonia_parking_master)","lastVerified":"2026-10-02"},"geometry":{"type":"Polygon","coordinates":[[[24.4788172,58.3962723],[24.4788802,58.3961344],[24.4790083,58.3961461],[24.4789514,58.3962835],[24.4788172,58.3962723]]]},"id":"way/1464891132"},{"type":"Feature","properties":{"@id":"way/1464899581","access":"yes","amenity":"parking","capacity":"20","parking":"surface","source":"OpenStreetMap (amenity=parking extract; Overpass unavailable at build — subset of estonia_parking_master)","lastVerified":"2026-10-02"},"geometry":{"type":"Polygon","coordinates":[[[24.511631,58.3982692],[24.5117239,58.398266],[24.5117611,58.3986675],[24.5116744,58.3986707],[24.511631,58.3982692]]]},"id":"way/1464899581"},{"type":"Feature","properties":{"@id":"way/1464899582","access":"yes","amenity":"parking","capacity":"12","parking":"surface","source":"OpenStreetMap (amenity=parking extract; Overpass unavailable at build — subset of estonia_parking_master)","lastVerified":"2026-10-02"},"geometry":{"type":"Polygon","coordinates":[[[24.5117094,58.398212],[24.5116289,58.3982127],[24.5116088,58.3979857],[24.5116919,58.3979843],[24.5117094,58.398212]]]},"id":"way/1464899582"},{"type":"Feature","properties":{"@id":"way/1464899588","access":"yes","amenity":"parking","capacity":"8","parking":"surface","source":"OpenStreetMap (amenity=parking extract; Overpass unavailable at build — subset of estonia_parking_master)","lastVerified":"2026-10-02"},"geometry":{"type":"Polygon","coordinates":[[[24.5111356,58.3983163],[24.5110444,58.3983177],[24.5110162,58.3981068],[24.5111088,58.3981061],[24.5111356,58.3983163]]]},"id":"way/1464899588"},{"type":"Feature","properties":{"@id":"way/1464899603","access":"yes","amenity":"parking","capacity":"7","parking":"surface","source":"OpenStreetMap (amenity=parking extract; Overpass unavailable at build — subset of estonia_parking_master)","lastVerified":"2026-10-02"},"geometry":{"type":"Polygon","coordinates":[[[24.5111062,58.3987633],[24.5110908,58.3985662],[24.511176,58.3985613],[24.5111988,58.3987619],[24.5111062,58.3987633]]]},"id":"way/1464899603"},{"type":"Feature","properties":{"@id":"way/1464899604","access":"yes","amenity":"parking","capacity":"5","parking":"surface","source":"OpenStreetMap (amenity=parking extract; Overpass unavailable at build — subset of estonia_parking_master)","lastVerified":"2026-10-02"},"geometry":{"type":"Polygon","coordinates":[[[24.5114234,58.3988262],[24.511412,58.3987471],[24.5116708,58.3987348],[24.5116681,58.3988209],[24.5114234,58.3988262]]]},"id":"way/1464899604"},{"type":"Feature","properties":{"@id":"way/1464899606","access":"yes","amenity":"parking","capacity":"30","parking":"surface","source":"OpenStreetMap (amenity=parking extract; Overpass unavailable at build — subset of estonia_parking_master)","lastVerified":"2026-10-02"},"geometry":{"type":"Polygon","coordinates":[[[24.5099647,58.3981124],[24.5102449,58.3981093],[24.5102881,58.3985498],[24.5100336,58.3985553],[24.5099647,58.3981124]]]},"id":"way/1464899606"},{"type":"Feature","properties":{"@id":"way/1464899611","access":"yes","amenity":"parking","capacity":"40","parking":"surface","source":"OpenStreetMap (amenity=parking extract; Overpass unavailable at build — subset of estonia_parking_master)","lastVerified":"2026-10-02"},"geometry":{"type":"Polygon","coordinates":[[[24.5109724,58.3987869],[24.510949,58.3985856],[24.5108872,58.3985734],[24.5108241,58.3980454],[24.5110284,58.3980393],[24.5110298,58.3980862],[24.5109131,58.3980936],[24.510956,58.3985648],[24.5110774,58.3985621],[24.5110996,58.3987839],[24.5109724,58.3987869]]]},"id":"way/1464899611"},{"type":"Feature","properties":{"@id":"way/1464899612","access":"yes","amenity":"parking","capacity":"8","parking":"surface","source":"OpenStreetMap (amenity=parking extract; Overpass unavailable at build — subset of estonia_parking_master)","lastVerified":"2026-10-02"},"geometry":{"type":"Polygon","coordinates":[[[24.5107518,58.3979073],[24.5109994,58.3978976],[24.511004,58.3979416],[24.5107507,58.3979545],[24.5107507,58.3979746],[24.5106176,58.397974],[24.5106094,58.3979324],[24.510739,58.3979324],[24.5107518,58.3979073]]]},"id":"way/1464899612"},{"type":"Feature","properties":{"@id":"way/1464899652","amenity":"parking","source":"OpenStreetMap (amenity=parking extract; Overpass unavailable at build — subset of estonia_parking_master)","lastVerified":"2026-10-02"},"geometry":{"type":"Polygon","coordinates":[[[24.4780709,58.395526],[24.4780414,58.3954829],[24.4780729,58.3954407],[24.4781105,58.3954242],[24.4781816,58.3954876],[24.4780709,58.395526]]]},"id":"way/1464899652"},{"type":"Feature","properties":{"@id":"way/1464899653","amenity":"parking","source":"OpenStreetMap (amenity=parking extract; Overpass unavailable at build — subset of estonia_parking_master)","lastVerified":"2026-10-02"},"geometry":{"type":"Polygon","coordinates":[[[24.4772233,58.3956922],[24.477222,58.3956409],[24.4774875,58.3955537],[24.4775802,58.3955735],[24.4772233,58.3956922]]]},"id":"way/1464899653"},{"type":"Feature","properties":{"@id":"way/1464899654","amenity":"parking","source":"OpenStreetMap (amenity=parking extract; Overpass unavailable at build — subset of estonia_parking_master)","lastVerified":"2026-10-02"},"geometry":{"type":"Polygon","coordinates":[[[24.4774701,58.3954912],[24.4774433,58.3955017],[24.4773876,58.3954933],[24.4771272,58.3952639],[24.477188,58.3952382],[24.4774701,58.3954912]]]},"id":"way/1464899654"},{"type":"Feature","properties":{"@id":"way/1464899655","amenity":"parking","source":"OpenStreetMap (amenity=parking extract; Overpass unavailable at build — subset of estonia_parking_master)","lastVerified":"2026-10-02"},"geometry":{"type":"Polygon","coordinates":[[[24.477007,58.3951874],[24.4773467,58.3950785],[24.4773911,58.3951189],[24.4770514,58.3952308],[24.477007,58.3951874]]]},"id":"way/1464899655"},{"type":"Feature","properties":{"@id":"way/1464899657","amenity":"parking","source":"OpenStreetMap (amenity=parking extract; Overpass unavailable at build — subset of estonia_parking_master)","lastVerified":"2026-10-02"},"geometry":{"type":"Polygon","coordinates":[[[24.4783076,58.3952278],[24.4779422,58.3949194],[24.4780029,58.3948986],[24.4783648,58.3952088],[24.4783076,58.3952278]]]},"id":"way/1464899657"},{"type":"Feature","properties":{"@id":"way/1464899658","amenity":"parking","source":"OpenStreetMap (amenity=parking extract; Overpass unavailable at build — subset of estonia_parking_master)","lastVerified":"2026-10-02"},"geometry":{"type":"Polygon","coordinates":[[[24.4776421,58.3950773],[24.4775405,58.3950185],[24.477718,58.3949604],[24.4778277,58.3950216],[24.4776421,58.3950773]]]},"id":"way/1464899658"},{"type":"Feature","properties":{"@id":"way/1464901969","access":"yes","amenity":"parking","capacity":"21","parking":"surface","source":"OpenStreetMap (amenity=parking extract; Overpass unavailable at build — subset of estonia_parking_master)","lastVerified":"2026-10-02"},"geometry":{"type":"Polygon","coordinates":[[[24.4752935,58.3961635],[24.4751113,58.3959983],[24.475374,58.3959212],[24.4755118,58.3960687],[24.4754954,58.396109],[24.4752935,58.3961635]]]},"id":"way/1464901969"},{"type":"Feature","properties":{"@id":"way/1464901981","amenity":"parking","source":"OpenStreetMap (amenity=parking extract; Overpass unavailable at build — subset of estonia_parking_master)","lastVerified":"2026-10-02"},"geometry":{"type":"Polygon","coordinates":[[[24.4760999,58.3959551],[24.4761232,58.3959061],[24.4762676,58.395922],[24.4762483,58.3959742],[24.4760999,58.3959551]]]},"id":"way/1464901981"},{"type":"Feature","properties":{"@id":"way/1464910724","access":"yes","amenity":"parking","capacity":"5","parking":"surface","source":"OpenStreetMap (amenity=parking extract; Overpass unavailable at build — subset of estonia_parking_master)","lastVerified":"2026-10-02"},"geometry":{"type":"Polygon","coordinates":[[[24.4747199,58.3941865],[24.4749793,58.3941077],[24.4750475,58.3941525],[24.4747761,58.3942394],[24.4747199,58.3941865]]]},"id":"way/1464910724"},{"type":"Feature","properties":{"@id":"way/1464910730","access":"yes","amenity":"parking","capacity":"9","parking":"surface","source":"OpenStreetMap (amenity=parking extract; Overpass unavailable at build — subset of estonia_parking_master)","lastVerified":"2026-10-02"},"geometry":{"type":"Polygon","coordinates":[[[24.4740957,58.3938172],[24.4740444,58.3937856],[24.4744514,58.3936595],[24.4744832,58.3936948],[24.4740957,58.3938172]]]},"id":"way/1464910730"},{"type":"Feature","properties":{"@id":"way/1464910785","amenity":"parking","source":"OpenStreetMap (amenity=parking extract; Overpass unavailable at build — subset of estonia_parking_master)","lastVerified":"2026-10-02"},"geometry":{"type":"Polygon","coordinates":[[[24.471815,58.3937675],[24.4718092,58.393609],[24.4719131,58.3936665],[24.4719049,58.393751],[24.471815,58.3937675]]]},"id":"way/1464910785"},{"type":"Feature","properties":{"@id":"way/1464910786","amenity":"parking","source":"OpenStreetMap (amenity=parking extract; Overpass unavailable at build — subset of estonia_parking_master)","lastVerified":"2026-10-02"},"geometry":{"type":"Polygon","coordinates":[[[24.4716556,58.3935076],[24.4716495,58.3934454],[24.4717658,58.3934462],[24.4717688,58.3935088],[24.4716556,58.3935076]]]},"id":"way/1464910786"},{"type":"Feature","properties":{"@id":"way/1464910791","amenity":"parking","source":"OpenStreetMap (amenity=parking extract; Overpass unavailable at build — subset of estonia_parking_master)","lastVerified":"2026-10-02"},"geometry":{"type":"Polygon","coordinates":[[[24.4713976,58.3935892],[24.4713306,58.3935892],[24.4713522,58.3934103],[24.4714231,58.3934107],[24.4713976,58.3935892]]]},"id":"way/1464910791"},{"type":"Feature","properties":{"@id":"way/1464910792","amenity":"parking","source":"OpenStreetMap (amenity=parking extract; Overpass unavailable at build — subset of estonia_parking_master)","lastVerified":"2026-10-02"},"geometry":{"type":"Polygon","coordinates":[[[24.471621,58.393397],[24.4714069,58.3933958],[24.4714115,58.3933603],[24.4716218,58.3933603],[24.471621,58.393397]]]},"id":"way/1464910792"},{"type":"Feature","properties":{"@id":"way/1464910799","amenity":"parking","source":"OpenStreetMap (amenity=parking extract; Overpass unavailable at build — subset of estonia_parking_master)","lastVerified":"2026-10-02"},"geometry":{"type":"Polygon","coordinates":[[[24.4706357,58.3940072],[24.4710865,58.3940086],[24.4711073,58.3940123],[24.4710631,58.3940517],[24.4707012,58.3940522],[24.4706357,58.3940072]]]},"id":"way/1464910799"},{"type":"Feature","properties":{"@id":"way/1464917508","access":"yes","amenity":"parking","capacity":"20","parking":"surface","source":"OpenStreetMap (amenity=parking extract; Overpass unavailable at build — subset of estonia_parking_master)","lastVerified":"2026-10-02"},"geometry":{"type":"Polygon","coordinates":[[[24.4846094,58.3984255],[24.4845082,58.3983468],[24.4848756,58.3982133],[24.4849863,58.3983096],[24.4846094,58.3984255]]]},"id":"way/1464917508"},{"type":"Feature","properties":{"@id":"way/1464917514","amenity":"parking","source":"OpenStreetMap (amenity=parking extract; Overpass unavailable at build — subset of estonia_parking_master)","lastVerified":"2026-10-02"},"geometry":{"type":"Polygon","coordinates":[[[24.4853367,58.398536],[24.4852818,58.3984944],[24.4854628,58.3984063],[24.48552,58.3984669],[24.4853367,58.398536]]]},"id":"way/1464917514"},{"type":"Feature","properties":{"@id":"way/1464917515","amenity":"parking","source":"OpenStreetMap (amenity=parking extract; Overpass unavailable at build — subset of estonia_parking_master)","lastVerified":"2026-10-02"},"geometry":{"type":"Polygon","coordinates":[[[24.4852993,58.3985458],[24.4851406,58.3986009],[24.4850261,58.3985929],[24.4852538,58.3985115],[24.4852993,58.3985458]]]},"id":"way/1464917515"},{"type":"Feature","properties":{"@id":"way/1464917522","amenity":"parking","source":"OpenStreetMap (amenity=parking extract; Overpass unavailable at build — subset of estonia_parking_master)","lastVerified":"2026-10-02"},"geometry":{"type":"Polygon","coordinates":[[[24.485453,58.3982101],[24.4855516,58.3981824],[24.4856099,58.3981335],[24.4857091,58.3982328],[24.4855491,58.3983001],[24.485453,58.3982101]]]},"id":"way/1464917522"},{"type":"Feature","properties":{"@id":"way/1464917523","access":"yes","amenity":"parking","capacity":"12","parking":"surface","source":"OpenStreetMap (amenity=parking extract; Overpass unavailable at build — subset of estonia_parking_master)","lastVerified":"2026-10-02"},"geometry":{"type":"Polygon","coordinates":[[[24.4866081,58.3985121],[24.4871549,58.398348],[24.4871915,58.3983992],[24.4867057,58.3985398],[24.4866081,58.3985121]]]},"id":"way/1464917523"},{"type":"Feature","properties":{"@id":"way/1464917524","amenity":"parking","source":"OpenStreetMap (amenity=parking extract; Overpass unavailable at build — subset of estonia_parking_master)","lastVerified":"2026-10-02"},"geometry":{"type":"Polygon","coordinates":[[[24.486749,58.398387],[24.48654,58.398209],[24.4869137,58.3981035],[24.4868724,58.398266],[24.4870187,58.3983214],[24.486749,58.398387]]]},"id":"way/1464917524"},{"type":"Feature","properties":{"@id":"way/1464917525","access":"yes","amenity":"parking","capacity":"5","parking":"surface","source":"OpenStreetMap (amenity=parking extract; Overpass unavailable at build — subset of estonia_parking_master)","lastVerified":"2026-10-02"},"geometry":{"type":"Polygon","coordinates":[[[24.4866894,58.3976685],[24.4868297,58.3976461],[24.4869821,58.3977867],[24.4869593,58.3979007],[24.4866894,58.3976685]]]},"id":"way/1464917525"},{"type":"Feature","properties":{"@id":"way/1464927866","access":"yes","amenity":"parking","capacity":"9","parking":"surface","source":"OpenStreetMap (amenity=parking extract; Overpass unavailable at build — subset of estonia_parking_master)","lastVerified":"2026-10-02"},"geometry":{"type":"Polygon","coordinates":[[[24.4947261,58.4029501],[24.4952773,58.4029374],[24.495225,58.4029697],[24.4950432,58.4029746],[24.4948118,58.4029807],[24.4947234,58.4029831],[24.4947261,58.4029501]]]},"id":"way/1464927866"},{"type":"Feature","properties":{"@id":"way/1464927867","access":"yes","amenity":"parking","capacity":"8","parking":"surface","source":"OpenStreetMap (amenity=parking extract; Overpass unavailable at build — subset of estonia_parking_master)","lastVerified":"2026-10-02"},"geometry":{"type":"Polygon","coordinates":[[[24.4953577,58.4032536],[24.4953545,58.4032232],[24.4953394,58.4030808],[24.4953363,58.4030512],[24.4954208,58.4030365],[24.4954503,58.4032634],[24.4953577,58.4032536]]]},"id":"way/1464927867"},{"type":"Feature","properties":{"@id":"way/1464927868","access":"yes","amenity":"parking","capacity":"14","parking":"surface","source":"OpenStreetMap (amenity=parking extract; Overpass unavailable at build — subset of estonia_parking_master)","lastVerified":"2026-10-02"},"geometry":{"type":"Polygon","coordinates":[[[24.4944578,58.403671],[24.4944565,58.4036211],[24.4954234,58.403593],[24.4954301,58.4036429],[24.4944578,58.403671]]]},"id":"way/1464927868"},{"type":"Feature","properties":{"@id":"way/1464927869","access":"yes","amenity":"parking","capacity":"16","parking":"surface","source":"OpenStreetMap (amenity=parking extract; Overpass unavailable at build — subset of estonia_parking_master)","lastVerified":"2026-10-02"},"geometry":{"type":"Polygon","coordinates":[[[24.4942277,58.4042931],[24.4952426,58.4042657],[24.4952364,58.4042194],[24.495401,58.4042124],[24.4954019,58.4042179],[24.4954143,58.4042959],[24.4942313,58.4043274],[24.4942277,58.4042931]]]},"id":"way/1464927869"},{"type":"Feature","properties":{"@id":"way/1464927870","access":"yes","amenity":"parking","capacity":"7","parking":"surface","source":"OpenStreetMap (amenity=parking extract; Overpass unavailable at build — subset of estonia_parking_master)","lastVerified":"2026-10-02"},"geometry":{"type":"Polygon","coordinates":[[[24.4939128,58.4043121],[24.4939119,58.4042217],[24.4942056,58.4042073],[24.4942162,58.4043042],[24.4939128,58.4043121]]]},"id":"way/1464927870"},{"type":"Feature","properties":{"@id":"way/1464927871","access":"yes","amenity":"parking","capacity":"18","parking":"surface","source":"OpenStreetMap (amenity=parking extract; Overpass unavailable at build — subset of estonia_parking_master)","lastVerified":"2026-10-02"},"geometry":{"type":"Polygon","coordinates":[[[24.4936377,58.4042065],[24.4936072,58.4037595],[24.493685,58.4037163],[24.4937173,58.4042046],[24.4936377,58.4042065]]]},"id":"way/1464927871"},{"type":"Feature","properties":{"@id":"way/1464927872","access":"yes","amenity":"parking","capacity":"8","parking":"surface","source":"OpenStreetMap (amenity=parking extract; Overpass unavailable at build — subset of estonia_parking_master)","lastVerified":"2026-10-02"},"geometry":{"type":"Polygon","coordinates":[[[24.4936538,58.403018],[24.4936487,58.4029818],[24.4940715,58.4029696],[24.4940756,58.4030052],[24.4936538,58.403018]]]},"id":"way/1464927872"},{"type":"Feature","properties":{"@id":"way/1464927888","amenity":"parking","source":"OpenStreetMap (amenity=parking extract; Overpass unavailable at build — subset of estonia_parking_master)","lastVerified":"2026-10-02"},"geometry":{"type":"Polygon","coordinates":[[[24.4943849,58.4034473],[24.4943707,58.4033707],[24.4945851,58.4033621],[24.4945882,58.4034149],[24.4943849,58.4034473]]]},"id":"way/1464927888"},{"type":"Feature","properties":{"@id":"way/1464952472","access":"yes","amenity":"parking","capacity":"30","parking":"surface","source":"OpenStreetMap (amenity=parking extract; Overpass unavailable at build — subset of estonia_parking_master)","lastVerified":"2026-10-02"},"geometry":{"type":"Polygon","coordinates":[[[24.5078347,58.3982181],[24.507918,58.3982165],[24.5079678,58.3988136],[24.5078824,58.3988152],[24.5078759,58.3987337],[24.5078641,58.3985866],[24.5078529,58.3984462],[24.5078347,58.3982181]]]},"id":"way/1464952472"},{"type":"Feature","properties":{"@id":"way/1464952477","access":"yes","amenity":"parking","capacity":"35","parking":"surface","source":"OpenStreetMap (amenity=parking extract; Overpass unavailable at build — subset of estonia_parking_master)","lastVerified":"2026-10-02"},"geometry":{"type":"Polygon","coordinates":[[[24.5071661,58.3988393],[24.5070739,58.3988418],[24.5069921,58.3982135],[24.507444,58.3981994],[24.5074428,58.3982275],[24.5070867,58.3982434],[24.5070881,58.3982542],[24.5071661,58.3988393]]]},"id":"way/1464952477"},{"type":"Feature","properties":{"@id":"way/1464952478","access":"yes","amenity":"parking","capacity":"35","parking":"surface","source":"OpenStreetMap (amenity=parking extract; Overpass unavailable at build — subset of estonia_parking_master)","lastVerified":"2026-10-02"},"geometry":{"type":"Polygon","coordinates":[[[24.5064718,58.3988646],[24.5063762,58.3988688],[24.5062948,58.3982442],[24.5066947,58.3982275],[24.5066992,58.3982688],[24.5063871,58.3982816],[24.5063885,58.3982911],[24.5064718,58.3988646]]]},"id":"way/1464952478"},{"type":"Feature","properties":{"@id":"way/1464952494","access":"yes","amenity":"parking","source":"OpenStreetMap (amenity=parking extract; Overpass unavailable at build — subset of estonia_parking_master)","lastVerified":"2026-10-02"},"geometry":{"type":"Polygon","coordinates":[[[24.5057377,58.3986548],[24.5059236,58.398652],[24.505947,58.3988721],[24.5057824,58.3988749],[24.505761,58.398844],[24.505758,58.3987591],[24.5057377,58.3986548]]]},"id":"way/1464952494"},{"type":"Feature","properties":{"@id":"way/1464952497","access":"yes","amenity":"parking","capacity":"16","parking":"surface","source":"OpenStreetMap (amenity=parking extract; Overpass unavailable at build — subset of estonia_parking_master)","lastVerified":"2026-10-02"},"geometry":{"type":"Polygon","coordinates":[[[24.5048217,58.398586],[24.5047724,58.3982381],[24.5048802,58.3982349],[24.5049218,58.3985852],[24.5048217,58.398586]]]},"id":"way/1464952497"},{"type":"Feature","properties":{"@id":"way/1464952498","access":"yes","amenity":"parking","capacity":"20","parking":"surface","source":"OpenStreetMap (amenity=parking extract; Overpass unavailable at build — subset of estonia_parking_master)","lastVerified":"2026-10-02"},"geometry":{"type":"Polygon","coordinates":[[[24.5050912,58.3988613],[24.5050712,58.3986716],[24.5054007,58.3986642],[24.5054086,58.3988008],[24.5052669,58.3988508],[24.5050912,58.3988613]]]},"id":"way/1464952498"},{"type":"Feature","properties":{"@id":"way/1464952509","access":"yes","amenity":"parking","capacity":"8","parking":"surface","source":"OpenStreetMap (amenity=parking extract; Overpass unavailable at build — subset of estonia_parking_master)","lastVerified":"2026-10-02"},"geometry":{"type":"Polygon","coordinates":[[[24.5040419,58.3986663],[24.5040303,58.3985832],[24.5042476,58.3985755],[24.5043123,58.3985892],[24.5043161,58.3986207],[24.5041983,58.3986639],[24.5040419,58.3986663]]]},"id":"way/1464952509"},{"type":"Feature","properties":{"@id":"way/1464952513","access":"yes","amenity":"parking","capacity":"6","parking":"surface","source":"OpenStreetMap (amenity=parking extract; Overpass unavailable at build — subset of estonia_parking_master)","lastVerified":"2026-10-02"},"geometry":{"type":"Polygon","coordinates":[[[24.4934241,58.4014621],[24.4934294,58.4014168],[24.4937152,58.4014264],[24.4936803,58.4014742],[24.4934241,58.4014621]]]},"id":"way/1464952513"},{"type":"Feature","properties":{"@id":"way/1464952526","access":"yes","amenity":"parking","capacity":"6","parking":"surface","source":"OpenStreetMap (amenity=parking extract; Overpass unavailable at build — subset of estonia_parking_master)","lastVerified":"2026-10-02"},"geometry":{"type":"Polygon","coordinates":[[[24.4938766,58.4016704],[24.4938838,58.4016314],[24.4941331,58.4016384],[24.4941251,58.4016798],[24.4938766,58.4016704]]]},"id":"way/1464952526"},{"type":"Feature","properties":{"@id":"way/1465064875","access":"yes","amenity":"parking","capacity":"30","parking":"surface","source":"OpenStreetMap (amenity=parking extract; Overpass unavailable at build — subset of estonia_parking_master)","lastVerified":"2026-10-02"},"geometry":{"type":"Polygon","coordinates":[[[24.5294704,58.3926152],[24.5294557,58.3926027],[24.5293094,58.392643],[24.5292668,58.3926044],[24.5304726,58.3922681],[24.5305233,58.3923172],[24.5294704,58.3926152]]]},"id":"way/1465064875"},{"type":"Feature","properties":{"@id":"way/1465064876","access":"yes","amenity":"parking","capacity":"13","parking":"surface","source":"OpenStreetMap (amenity=parking extract; Overpass unavailable at build — subset of estonia_parking_master)","lastVerified":"2026-10-02"},"geometry":{"type":"Polygon","coordinates":[[[24.528987,58.3917023],[24.5289169,58.3916849],[24.5294113,58.391533],[24.5294491,58.3915658],[24.528987,58.3917023]]]},"id":"way/1465064876"},{"type":"Feature","properties":{"@id":"way/1465064877","access":"yes","amenity":"parking","capacity":"25","parking":"surface","source":"OpenStreetMap (amenity=parking extract; Overpass unavailable at build — subset of estonia_parking_master)","lastVerified":"2026-10-02"},"geometry":{"type":"Polygon","coordinates":[[[24.5299121,58.3919199],[24.5296486,58.3916805],[24.5298096,58.3916264],[24.5299213,58.3916143],[24.5301647,58.3918472],[24.5299121,58.3919199]]]},"id":"way/1465064877"},{"type":"Feature","properties":{"@id":"way/1465064878","access":"yes","amenity":"parking","capacity":"14","parking":"surface","source":"OpenStreetMap (amenity=parking extract; Overpass unavailable at build — subset of estonia_parking_master)","lastVerified":"2026-10-02"},"geometry":{"type":"Polygon","coordinates":[[[24.5293309,58.3922833],[24.5292846,58.3922428],[24.5301348,58.3919887],[24.5301817,58.3920295],[24.5293309,58.3922833]]]},"id":"way/1465064878"},{"type":"Feature","properties":{"@id":"way/1465064914","access":"yes","amenity":"parking","capacity":"5","parking":"surface","source":"OpenStreetMap (amenity=parking extract; Overpass unavailable at build — subset of estonia_parking_master)","lastVerified":"2026-10-02"},"geometry":{"type":"Polygon","coordinates":[[[24.5346783,58.3917187],[24.5346434,58.3916853],[24.5348922,58.3916143],[24.5348727,58.3916653],[24.5346916,58.391715],[24.5346783,58.3917187]]]},"id":"way/1465064914"},{"type":"Feature","properties":{"@id":"way/1465064921","access":"yes","amenity":"parking","capacity":"25","parking":"surface","source":"OpenStreetMap (amenity=parking extract; Overpass unavailable at build — subset of estonia_parking_master)","lastVerified":"2026-10-02"},"geometry":{"type":"Polygon","coordinates":[[[24.5336344,58.3919066],[24.5336063,58.391872],[24.5345403,58.3916113],[24.5345777,58.391645],[24.5336344,58.3919066]]]},"id":"way/1465064921"},{"type":"Feature","properties":{"@id":"way/1465064922","access":"yes","amenity":"parking","capacity":"6","parking":"surface","source":"OpenStreetMap (amenity=parking extract; Overpass unavailable at build — subset of estonia_parking_master)","lastVerified":"2026-10-02"},"geometry":{"type":"Polygon","coordinates":[[[24.5346286,58.3915876],[24.5348167,58.3915311],[24.5348461,58.3915604],[24.5346622,58.3916158],[24.5346286,58.3915876]]]},"id":"way/1465064922"},{"type":"Feature","properties":{"@id":"way/1465069931","access":"yes","amenity":"parking","capacity":"14","parking":"surface","source":"OpenStreetMap (amenity=parking extract; Overpass unavailable at build — subset of estonia_parking_master)","lastVerified":"2026-10-02"},"geometry":{"type":"Polygon","coordinates":[[[24.5347615,58.3923883],[24.534727,58.3923549],[24.5351942,58.3922218],[24.5352278,58.3922589],[24.5347615,58.3923883]]]},"id":"way/1465069931"},{"type":"Feature","properties":{"@id":"way/1465069932","access":"yes","amenity":"parking","capacity":"14","parking":"surface","source":"OpenStreetMap (amenity=parking extract; Overpass unavailable at build — subset of estonia_parking_master)","lastVerified":"2026-10-02"},"geometry":{"type":"Polygon","coordinates":[[[24.5346571,58.3923164],[24.5341227,58.3924657],[24.5341014,58.3924365],[24.534627,58.3922858],[24.5346571,58.3923164]]]},"id":"way/1465069932"},{"type":"Feature","properties":{"@id":"way/1465069942","access":"yes","amenity":"parking","capacity":"15","parking":"surface","source":"OpenStreetMap (amenity=parking extract; Overpass unavailable at build — subset of estonia_parking_master)","lastVerified":"2026-10-02"},"geometry":{"type":"Polygon","coordinates":[[[24.5347861,58.3927223],[24.5347217,58.3926708],[24.5354588,58.392467],[24.5355084,58.3925302],[24.5347861,58.3927223]]]},"id":"way/1465069942"},{"type":"Feature","properties":{"@id":"way/1465069963","access":"yes","amenity":"parking","capacity":"30","parking":"surface","source":"OpenStreetMap (amenity=parking extract; Overpass unavailable at build — subset of estonia_parking_master)","lastVerified":"2026-10-02"},"geometry":{"type":"Polygon","coordinates":[[[24.5316212,58.3915862],[24.5315442,58.3916079],[24.5309912,58.3910997],[24.5310637,58.391076],[24.5316212,58.3915862]]]},"id":"way/1465069963"},{"type":"Feature","properties":{"@id":"way/1465069964","access":"yes","amenity":"parking","capacity":"5","parking":"surface","source":"OpenStreetMap (amenity=parking extract; Overpass unavailable at build — subset of estonia_parking_master)","lastVerified":"2026-10-02"},"geometry":{"type":"Polygon","coordinates":[[[24.5313601,58.3916252],[24.5312451,58.3915139],[24.5313283,58.391486],[24.5314486,58.391601],[24.5313601,58.3916252]]]},"id":"way/1465069964"},{"type":"Feature","properties":{"@id":"way/1465069968","access":"yes","amenity":"parking","capacity":"9","parking":"surface","source":"OpenStreetMap (amenity=parking extract; Overpass unavailable at build — subset of estonia_parking_master)","lastVerified":"2026-10-02"},"geometry":{"type":"Polygon","coordinates":[[[24.5317976,58.3908756],[24.5317348,58.3908913],[24.5315295,58.3906943],[24.5316012,58.3906715],[24.5317976,58.3908756]]]},"id":"way/1465069968"},{"type":"Feature","properties":{"@id":"way/1465069969","access":"yes","amenity":"parking","capacity":"12","parking":"surface","source":"OpenStreetMap (amenity=parking extract; Overpass unavailable at build — subset of estonia_parking_master)","lastVerified":"2026-10-02"},"geometry":{"type":"Polygon","coordinates":[[[24.531295,58.3906525],[24.5313349,58.390691],[24.530796,58.3908505],[24.5307535,58.3908102],[24.531295,58.3906525]]]},"id":"way/1465069969"},{"type":"Feature","properties":{"@id":"way/1465069978","access":"yes","amenity":"parking","capacity":"12","parking":"surface","source":"OpenStreetMap (amenity=parking extract; Overpass unavailable at build — subset of estonia_parking_master)","lastVerified":"2026-10-02"},"geometry":{"type":"Polygon","coordinates":[[[24.5315704,58.3913539],[24.5313503,58.3911496],[24.5314414,58.3911486],[24.531634,58.3913368],[24.5315704,58.3913539]]]},"id":"way/1465069978"},{"type":"Feature","properties":{"@id":"way/1465069987","access":"yes","amenity":"parking","capacity":"25","parking":"surface","source":"OpenStreetMap (amenity=parking extract; Overpass unavailable at build — subset of estonia_parking_master)","lastVerified":"2026-10-02"},"geometry":{"type":"Polygon","coordinates":[[[24.5323054,58.3914169],[24.5318541,58.390997],[24.5319178,58.390979],[24.532365,58.3914011],[24.5323054,58.3914169]]]},"id":"way/1465069987"},{"type":"Feature","properties":{"@id":"way/1465069988","access":"yes","amenity":"parking","capacity":"3","parking":"surface","source":"OpenStreetMap (amenity=parking extract; Overpass unavailable at build — subset of estonia_parking_master)","lastVerified":"2026-10-02"},"geometry":{"type":"Polygon","coordinates":[[[24.5316894,58.3912938],[24.5317634,58.3912728],[24.5318365,58.3913366],[24.5317356,58.3913447],[24.5316894,58.3912938]]]},"id":"way/1465069988"},{"type":"Feature","properties":{"@id":"way/1465075412","access":"yes","amenity":"parking","capacity":"12","parking":"surface","source":"OpenStreetMap (amenity=parking extract; Overpass unavailable at build — subset of estonia_parking_master)","lastVerified":"2026-10-02"},"geometry":{"type":"Polygon","coordinates":[[[24.5367017,58.3904602],[24.5371453,58.3903358],[24.5371823,58.3903717],[24.5367379,58.3904969],[24.5367017,58.3904602]]]},"id":"way/1465075412"},{"type":"Feature","properties":{"@id":"way/1465075419","access":"yes","amenity":"parking","capacity":"8","parking":"surface","source":"OpenStreetMap (amenity=parking extract; Overpass unavailable at build — subset of estonia_parking_master)","lastVerified":"2026-10-02"},"geometry":{"type":"Polygon","coordinates":[[[24.5364796,58.390348],[24.5364004,58.3903705],[24.5361999,58.3901734],[24.5363025,58.3901814],[24.5364796,58.390348]]]},"id":"way/1465075419"},{"type":"Feature","properties":{"@id":"way/1465075423","access":"yes","amenity":"parking","capacity":"20","parking":"surface","source":"OpenStreetMap (amenity=parking extract; Overpass unavailable at build — subset of estonia_parking_master)","lastVerified":"2026-10-02"},"geometry":{"type":"Polygon","coordinates":[[[24.5355599,58.3902036],[24.5351092,58.3897741],[24.5351781,58.3897575],[24.5356194,58.3901871],[24.5355599,58.3902036]]]},"id":"way/1465075423"},{"type":"Feature","properties":{"@id":"way/1465075424","access":"yes","amenity":"parking","capacity":"6","parking":"surface","source":"OpenStreetMap (amenity=parking extract; Overpass unavailable at build — subset of estonia_parking_master)","lastVerified":"2026-10-02"},"geometry":{"type":"Polygon","coordinates":[[[24.5358086,58.3897093],[24.5357185,58.3897347],[24.5356168,58.3896281],[24.5357124,58.3896003],[24.5358086,58.3897093]]]},"id":"way/1465075424"},{"type":"Feature","properties":{"@id":"way/1465075426","access":"yes","amenity":"parking","capacity":"40","parking":"surface","source":"OpenStreetMap (amenity=parking extract; Overpass unavailable at build — subset of estonia_parking_master)","lastVerified":"2026-10-02"},"geometry":{"type":"Polygon","coordinates":[[[24.5359835,58.3896802],[24.5357655,58.3894671],[24.5360279,58.3893898],[24.5360597,58.3894275],[24.5363386,58.3893548],[24.5368084,58.3898179],[24.5366336,58.3898676],[24.5363494,58.3895942],[24.5362669,58.3896164],[24.5362515,58.3896011],[24.5359835,58.3896802]]]},"id":"way/1465075426"},{"type":"Feature","properties":{"@id":"way/1465078903","access":"yes","amenity":"parking","capacity":"20","parking":"surface","source":"OpenStreetMap (amenity=parking extract; Overpass unavailable at build — subset of estonia_parking_master)","lastVerified":"2026-10-02"},"geometry":{"type":"Polygon","coordinates":[[[24.5305219,58.3913039],[24.5304485,58.3913215],[24.5304157,58.3912946],[24.5302839,58.3913354],[24.5303582,58.391411],[24.5301999,58.3914528],[24.5300282,58.3912942],[24.5300678,58.3912821],[24.5304016,58.3911801],[24.5305219,58.3913039]]]},"id":"way/1465078903"},{"type":"Feature","properties":{"@id":"way/1465078905","access":"yes","amenity":"parking","capacity":"6","parking":"surface","source":"OpenStreetMap (amenity=parking extract; Overpass unavailable at build — subset of estonia_parking_master)","lastVerified":"2026-10-02"},"geometry":{"type":"Polygon","coordinates":[[[24.529607,58.3916434],[24.5294491,58.3915658],[24.5294113,58.391533],[24.5295035,58.3915061],[24.5296818,58.3916313],[24.529607,58.3916434]]]},"id":"way/1465078905"},{"type":"Feature","properties":{"@id":"way/1465078906","access":"yes","amenity":"parking","capacity":"8","parking":"surface","source":"OpenStreetMap (amenity=parking extract; Overpass unavailable at build — subset of estonia_parking_master)","lastVerified":"2026-10-02"},"geometry":{"type":"Polygon","coordinates":[[[24.5298734,58.3915381],[24.5297982,58.3915603],[24.5296486,58.3914101],[24.5297203,58.391386],[24.5298734,58.3915381]]]},"id":"way/1465078906"},{"type":"Feature","properties":{"@id":"way/1465078907","access":"yes","amenity":"parking","capacity":"8","parking":"surface","source":"OpenStreetMap (amenity=parking extract; Overpass unavailable at build — subset of estonia_parking_master)","lastVerified":"2026-10-02"},"geometry":{"type":"Polygon","coordinates":[[[24.5288881,58.391382],[24.529234,58.3912734],[24.5292625,58.3913017],[24.5289174,58.391409],[24.5288881,58.391382]]]},"id":"way/1465078907"},{"type":"Feature","properties":{"@id":"way/1465078908","access":"yes","amenity":"parking","capacity":"2","parking":"surface","source":"OpenStreetMap (amenity=parking extract; Overpass unavailable at build — subset of estonia_parking_master)","lastVerified":"2026-10-02"},"geometry":{"type":"Polygon","coordinates":[[[24.5295618,58.3912093],[24.5295359,58.3911848],[24.5296091,58.3911627],[24.5296371,58.3911882],[24.5295618,58.3912093]]]},"id":"way/1465078908"},{"type":"Feature","properties":{"@id":"way/1465078909","access":"yes","amenity":"parking","capacity":"2","parking":"surface","source":"OpenStreetMap (amenity=parking extract; Overpass unavailable at build — subset of estonia_parking_master)","lastVerified":"2026-10-02"},"geometry":{"type":"Polygon","coordinates":[[[24.5294361,58.3912469],[24.5294101,58.3912224],[24.5294833,58.3912003],[24.5295113,58.3912259],[24.5294361,58.3912469]]]},"id":"way/1465078909"},{"type":"Feature","properties":{"@id":"way/1465078917","access":"yes","amenity":"parking","capacity":"8","parking":"surface","source":"OpenStreetMap (amenity=parking extract; Overpass unavailable at build — subset of estonia_parking_master)","lastVerified":"2026-10-02"},"geometry":{"type":"Polygon","coordinates":[[[24.5280491,58.391241],[24.5278242,58.3913096],[24.5277333,58.3912241],[24.5279636,58.3911578],[24.5280491,58.391241]]]},"id":"way/1465078917"},{"type":"Feature","properties":{"@id":"way/1465078921","access":"yes","amenity":"parking","capacity":"10","parking":"surface","source":"OpenStreetMap (amenity=parking extract; Overpass unavailable at build — subset of estonia_parking_master)","lastVerified":"2026-10-02"},"geometry":{"type":"Polygon","coordinates":[[[24.5284171,58.3913208],[24.5283732,58.3912764],[24.5287082,58.3911855],[24.5288862,58.3911262],[24.5289085,58.3911548],[24.5287883,58.3912069],[24.5284171,58.3913208]]]},"id":"way/1465078921"},{"type":"Feature","properties":{"@id":"way/1465078922","amenity":"parking","source":"OpenStreetMap (amenity=parking extract; Overpass unavailable at build — subset of estonia_parking_master)","lastVerified":"2026-10-02"},"geometry":{"type":"Polygon","coordinates":[[[24.5289102,58.3903149],[24.5288701,58.3902781],[24.5290403,58.3902228],[24.5290842,58.3902616],[24.5289102,58.3903149]]]},"id":"way/1465078922"},{"type":"Feature","properties":{"@id":"way/1465078923","amenity":"parking","source":"OpenStreetMap (amenity=parking extract; Overpass unavailable at build — subset of estonia_parking_master)","lastVerified":"2026-10-02"},"geometry":{"type":"Polygon","coordinates":[[[24.5286252,58.390398],[24.5285905,58.3903581],[24.5286952,58.3903286],[24.528733,58.3903669],[24.5286252,58.390398]]]},"id":"way/1465078923"},{"type":"Feature","properties":{"@id":"way/1465078924","amenity":"parking","source":"OpenStreetMap (amenity=parking extract; Overpass unavailable at build — subset of estonia_parking_master)","lastVerified":"2026-10-02"},"geometry":{"type":"Polygon","coordinates":[[[24.5281553,58.3905421],[24.5281091,58.3904977],[24.5282215,58.3904658],[24.5282647,58.3905094],[24.5281553,58.3905421]]]},"id":"way/1465078924"},{"type":"Feature","properties":{"@id":"way/1465078925","amenity":"parking","source":"OpenStreetMap (amenity=parking extract; Overpass unavailable at build — subset of estonia_parking_master)","lastVerified":"2026-10-02"},"geometry":{"type":"Polygon","coordinates":[[[24.5276061,58.3907052],[24.5275583,58.3906584],[24.5276731,58.3906281],[24.5277201,58.390677],[24.5276061,58.3907052]]]},"id":"way/1465078925"},{"type":"Feature","properties":{"@id":"way/1465078926","amenity":"parking","source":"OpenStreetMap (amenity=parking extract; Overpass unavailable at build — subset of estonia_parking_master)","lastVerified":"2026-10-02"},"geometry":{"type":"Polygon","coordinates":[[[24.5286444,58.3907044],[24.5286044,58.390662],[24.5288647,58.3905841],[24.5289102,58.3906237],[24.5286444,58.3907044]]]},"id":"way/1465078926"},{"type":"Feature","properties":{"@id":"way/1465078927","amenity":"parking","source":"OpenStreetMap (amenity=parking extract; Overpass unavailable at build — subset of estonia_parking_master)","lastVerified":"2026-10-02"},"geometry":{"type":"Polygon","coordinates":[[[24.5292652,58.3905486],[24.5291836,58.3904792],[24.5294863,58.3903867],[24.5295656,58.3904594],[24.5292652,58.3905486]]]},"id":"way/1465078927"},{"type":"Feature","properties":{"@id":"way/1465081310","access":"yes","amenity":"parking","capacity":"15","parking":"surface","source":"OpenStreetMap (amenity=parking extract; Overpass unavailable at build — subset of estonia_parking_master)","lastVerified":"2026-10-02"},"geometry":{"type":"Polygon","coordinates":[[[24.5347164,58.3901631],[24.5346146,58.3901891],[24.534537,58.3900954],[24.5344776,58.3900454],[24.534379,58.3899394],[24.5346107,58.3898722],[24.5347205,58.3899687],[24.5346941,58.3900081],[24.5347977,58.3901247],[24.5347164,58.3901631]]]},"id":"way/1465081310"},{"type":"Feature","properties":{"@id":"way/1465081311","access":"yes","amenity":"parking","capacity":"10","parking":"surface","source":"OpenStreetMap (amenity=parking extract; Overpass unavailable at build — subset of estonia_parking_master)","lastVerified":"2026-10-02"},"geometry":{"type":"Polygon","coordinates":[[[24.5337954,58.3901003],[24.533758,58.3900495],[24.5337514,58.3900311],[24.5345494,58.389803],[24.5345823,58.3898264],[24.5345741,58.389868],[24.5344623,58.3898967],[24.5344583,58.3898627],[24.534175,58.3899465],[24.5340956,58.3899642],[24.5339115,58.3900187],[24.5339485,58.390053],[24.5337954,58.3901003]]]},"id":"way/1465081311"},{"type":"Feature","properties":{"@id":"way/1465081313","access":"yes","amenity":"parking","capacity":"6","parking":"surface","source":"OpenStreetMap (amenity=parking extract; Overpass unavailable at build — subset of estonia_parking_master)","lastVerified":"2026-10-02"},"geometry":{"type":"Polygon","coordinates":[[[24.5326944,58.3905943],[24.5325727,58.3904631],[24.5325334,58.3904215],[24.5326255,58.390405],[24.5327942,58.3905702],[24.5326944,58.3905943]]]},"id":"way/1465081313"},{"type":"Feature","properties":{"@id":"way/1465081320","access":"yes","amenity":"parking","capacity":"12","parking":"surface","source":"OpenStreetMap (amenity=parking extract; Overpass unavailable at build — subset of estonia_parking_master)","lastVerified":"2026-10-02"},"geometry":{"type":"Polygon","coordinates":[[[24.532539,58.3907059],[24.5328167,58.3909732],[24.5327363,58.3910123],[24.5324751,58.3907348],[24.532539,58.3907059]]]},"id":"way/1465081320"},{"type":"Feature","properties":{"@id":"way/1465081323","access":"yes","amenity":"parking","capacity":"7","parking":"surface","source":"OpenStreetMap (amenity=parking extract; Overpass unavailable at build — subset of estonia_parking_master)","lastVerified":"2026-10-02"},"geometry":{"type":"Polygon","coordinates":[[[24.5330492,58.3910362],[24.5333602,58.3909387],[24.5333978,58.3909829],[24.5330951,58.3910762],[24.5330492,58.3910362]]]},"id":"way/1465081323"},{"type":"Feature","properties":{"@id":"way/1465081324","access":"yes","amenity":"parking","capacity":"5","parking":"surface","source":"OpenStreetMap (amenity=parking extract; Overpass unavailable at build — subset of estonia_parking_master)","lastVerified":"2026-10-02"},"geometry":{"type":"Polygon","coordinates":[[[24.5329744,58.3912248],[24.5329304,58.3911817],[24.5331245,58.3911332],[24.5331539,58.3911731],[24.5329744,58.3912248]]]},"id":"way/1465081324"},{"type":"Feature","properties":{"@id":"way/1465081326","access":"yes","amenity":"parking","capacity":"20","parking":"surface","source":"OpenStreetMap (amenity=parking extract; Overpass unavailable at build — subset of estonia_parking_master)","lastVerified":"2026-10-02"},"geometry":{"type":"Polygon","coordinates":[[[24.5331982,58.3911364],[24.5331512,58.3910971],[24.5337061,58.390945],[24.5338009,58.3910378],[24.533806,58.3910705],[24.5338124,58.3911111],[24.5335938,58.3911702],[24.5334945,58.3911378],[24.5334503,58.3910802],[24.5334087,58.3910746],[24.5331982,58.3911364]]]},"id":"way/1465081326"},{"type":"Feature","properties":{"@id":"way/1465081338","access":"yes","amenity":"parking","capacity":"11","parking":"surface","source":"OpenStreetMap (amenity=parking extract; Overpass unavailable at build — subset of estonia_parking_master)","lastVerified":"2026-10-02"},"geometry":{"type":"Polygon","coordinates":[[[24.5339586,58.3913571],[24.5340216,58.3912903],[24.5342,58.3911926],[24.5343529,58.3911181],[24.5344534,58.3912102],[24.5339586,58.3913571]]]},"id":"way/1465081338"},{"type":"Feature","properties":{"@id":"way/1465081339","access":"yes","amenity":"parking","capacity":"6","parking":"surface","source":"OpenStreetMap (amenity=parking extract; Overpass unavailable at build — subset of estonia_parking_master)","lastVerified":"2026-10-02"},"geometry":{"type":"Polygon","coordinates":[[[24.5331834,58.3914717],[24.5331351,58.3914288],[24.5333443,58.3913649],[24.5333899,58.3914105],[24.5331834,58.3914717]]]},"id":"way/1465081339"},{"type":"Feature","properties":{"@id":"way/1465088110","access":"yes","amenity":"parking","capacity":"10","parking":"surface","source":"OpenStreetMap (amenity=parking extract; Overpass unavailable at build — subset of estonia_parking_master)","lastVerified":"2026-10-02"},"geometry":{"type":"Polygon","coordinates":[[[24.5323277,58.3914807],[24.5324417,58.3914777],[24.5327278,58.3917585],[24.5326426,58.3917836],[24.5325507,58.3917004],[24.5323277,58.3914807]]]},"id":"way/1465088110"},{"type":"Feature","properties":{"@id":"way/1465088116","access":"yes","amenity":"parking","capacity":"16","parking":"surface","source":"OpenStreetMap (amenity=parking extract; Overpass unavailable at build — subset of estonia_parking_master)","lastVerified":"2026-10-02"},"geometry":{"type":"Polygon","coordinates":[[[24.5372955,58.3909234],[24.5369763,58.3906128],[24.5370694,58.3905852],[24.5374043,58.3908923],[24.5372955,58.3909234]]]},"id":"way/1465088116"},{"type":"Feature","properties":{"@id":"way/1465088117","access":"yes","amenity":"parking","capacity":"5","parking":"surface","source":"OpenStreetMap (amenity=parking extract; Overpass unavailable at build — subset of estonia_parking_master)","lastVerified":"2026-10-02"},"geometry":{"type":"Polygon","coordinates":[[[24.5375867,58.3910709],[24.5376911,58.3911998],[24.5376132,58.3912212],[24.5375062,58.391089],[24.5375867,58.3910709]]]},"id":"way/1465088117"},{"type":"Feature","properties":{"@id":"way/1465088118","access":"yes","amenity":"parking","capacity":"8","parking":"surface","source":"OpenStreetMap (amenity=parking extract; Overpass unavailable at build — subset of estonia_parking_master)","lastVerified":"2026-10-02"},"geometry":{"type":"Polygon","coordinates":[[[24.5363737,58.3908643],[24.5362639,58.3907966],[24.5365057,58.3907263],[24.5365932,58.3907044],[24.5366694,58.3907854],[24.5366196,58.390804],[24.5363737,58.3908643]]]},"id":"way/1465088118"},{"type":"Feature","properties":{"@id":"way/1465088150","access":"yes","amenity":"parking","capacity":"12","parking":"surface","source":"OpenStreetMap (amenity=parking extract; Overpass unavailable at build — subset of estonia_parking_master)","lastVerified":"2026-10-02"},"geometry":{"type":"Polygon","coordinates":[[[24.5395991,58.3888901],[24.5394824,58.3888487],[24.5402164,58.3886366],[24.5403219,58.3886061],[24.5404064,58.388694],[24.5402053,58.3887488],[24.5401664,58.3887376],[24.5395991,58.3888901]]]},"id":"way/1465088150"},{"type":"Feature","properties":{"@id":"way/1465091342","access":"yes","amenity":"parking","capacity":"25","parking":"surface","source":"OpenStreetMap (amenity=parking extract; Overpass unavailable at build — subset of estonia_parking_master)","lastVerified":"2026-10-02"},"geometry":{"type":"Polygon","coordinates":[[[24.5414469,58.3888176],[24.5409478,58.3883218],[24.5410217,58.3883],[24.5415224,58.3888007],[24.5414469,58.3888176]]]},"id":"way/1465091342"},{"type":"Feature","properties":{"@id":"way/1465091354","access":"yes","amenity":"parking","capacity":"6","parking":"surface","source":"OpenStreetMap (amenity=parking extract; Overpass unavailable at build — subset of estonia_parking_master)","lastVerified":"2026-10-02"},"geometry":{"type":"Polygon","coordinates":[[[24.5440585,58.3877709],[24.5439311,58.3876247],[24.544017,58.3875994],[24.5441484,58.3877531],[24.5440585,58.3877709]]]},"id":"way/1465091354"},{"type":"Feature","properties":{"@id":"way/1465091360","access":"yes","amenity":"parking","capacity":"8","parking":"surface","source":"OpenStreetMap (amenity=parking extract; Overpass unavailable at build — subset of estonia_parking_master)","lastVerified":"2026-10-02"},"geometry":{"type":"Polygon","coordinates":[[[24.5426696,58.3878817],[24.542618,58.3878333],[24.5431325,58.3877114],[24.5431764,58.3877416],[24.5426696,58.3878817]]]},"id":"way/1465091360"},{"type":"Feature","properties":{"@id":"way/1465091361","access":"yes","amenity":"parking","capacity":"12","parking":"surface","source":"OpenStreetMap (amenity=parking extract; Overpass unavailable at build — subset of estonia_parking_master)","lastVerified":"2026-10-02"},"geometry":{"type":"Polygon","coordinates":[[[24.5432342,58.3877784],[24.5432041,58.3877497],[24.5433489,58.3877178],[24.5433035,58.3876928],[24.5432149,58.3877013],[24.5431772,58.3876754],[24.5437664,58.3875369],[24.5438049,58.3875741],[24.543627,58.3876197],[24.5436663,58.3876544],[24.5432342,58.3877784]]]},"id":"way/1465091361"},{"type":"Feature","properties":{"@id":"way/1465091362","access":"yes","amenity":"parking","capacity":"7","parking":"surface","source":"OpenStreetMap (amenity=parking extract; Overpass unavailable at build — subset of estonia_parking_master)","lastVerified":"2026-10-02"},"geometry":{"type":"Polygon","coordinates":[[[24.5424664,58.3880243],[24.5424,58.3879608],[24.5425248,58.387933],[24.5424858,58.3878718],[24.5425604,58.3878526],[24.5426705,58.387974],[24.5424664,58.3880243]]]},"id":"way/1465091362"},{"type":"Feature","properties":{"@id":"way/1465091369","access":"yes","amenity":"parking","capacity":"28","parking":"surface","source":"OpenStreetMap (amenity=parking extract; Overpass unavailable at build — subset of estonia_parking_master)","lastVerified":"2026-10-02"},"geometry":{"type":"Polygon","coordinates":[[[24.5411447,58.3881585],[24.5423969,58.3878664],[24.5424168,58.3879052],[24.5411896,58.3882038],[24.5411447,58.3881585]]]},"id":"way/1465091369"},{"type":"Feature","properties":{"@id":"way/1465091397","access":"yes","amenity":"parking","capacity":"55","parking":"surface","source":"OpenStreetMap (amenity=parking extract; Overpass unavailable at build — subset of estonia_parking_master)","lastVerified":"2026-10-02"},"geometry":{"type":"Polygon","coordinates":[[[24.5422133,58.3856053],[24.542192,58.3856535],[24.5400198,58.3854495],[24.5398305,58.3854481],[24.5397057,58.3854754],[24.5395951,58.385513],[24.5394845,58.3856085],[24.5394031,58.3855854],[24.5395058,58.3854982],[24.5396217,58.3854406],[24.5398677,58.3853873],[24.5422133,58.3856053]]]},"id":"way/1465091397"},{"type":"Feature","properties":{"@id":"way/1465100707","access":"yes","amenity":"parking","capacity":"6","parking":"surface","source":"OpenStreetMap (amenity=parking extract; Overpass unavailable at build — subset of estonia_parking_master)","lastVerified":"2026-10-02"},"geometry":{"type":"Polygon","coordinates":[[[24.5286506,58.3933318],[24.5286837,58.3933641],[24.5284681,58.3934198],[24.5284319,58.3933883],[24.5286506,58.3933318]]]},"id":"way/1465100707"},{"type":"Feature","properties":{"@id":"way/1465100708","access":"yes","amenity":"parking","capacity":"10","parking":"surface","source":"OpenStreetMap (amenity=parking extract; Overpass unavailable at build — subset of estonia_parking_master)","lastVerified":"2026-10-02"},"geometry":{"type":"Polygon","coordinates":[[[24.5282832,58.393396],[24.5280714,58.3932067],[24.5281315,58.3931897],[24.5283317,58.3933686],[24.5282832,58.393396]]]},"id":"way/1465100708"},{"type":"Feature","properties":{"@id":"way/1465137356","access":"yes","amenity":"parking","capacity":"15","parking":"surface","source":"OpenStreetMap (amenity=parking extract; Overpass unavailable at build — subset of estonia_parking_master)","lastVerified":"2026-10-02"},"geometry":{"type":"Polygon","coordinates":[[[24.5183392,58.3972386],[24.5179494,58.3968891],[24.5180234,58.3968503],[24.5184208,58.3972176],[24.5183392,58.3972386]]]},"id":"way/1465137356"},{"type":"Feature","properties":{"@id":"way/1465137357","access":"yes","amenity":"parking","capacity":"6","parking":"surface","source":"OpenStreetMap (amenity=parking extract; Overpass unavailable at build — subset of estonia_parking_master)","lastVerified":"2026-10-02"},"geometry":{"type":"Polygon","coordinates":[[[24.5178308,58.39673],[24.517686,58.3965993],[24.5177367,58.3965826],[24.5177646,58.3965734],[24.5179048,58.3967091],[24.5178308,58.39673]]]},"id":"way/1465137357"},{"type":"Feature","properties":{"@id":"way/1465137358","access":"yes","amenity":"parking","capacity":"5","parking":"surface","source":"OpenStreetMap (amenity=parking extract; Overpass unavailable at build — subset of estonia_parking_master)","lastVerified":"2026-10-02"},"geometry":{"type":"Polygon","coordinates":[[[24.5183805,58.3965012],[24.5184679,58.3965875],[24.518411,58.3966029],[24.5183226,58.3965156],[24.5183805,58.3965012]]]},"id":"way/1465137358"},{"type":"Feature","properties":{"@id":"way/1465137385","access":"yes","amenity":"parking","source":"OpenStreetMap (amenity=parking extract; Overpass unavailable at build — subset of estonia_parking_master)","lastVerified":"2026-10-02"},"geometry":{"type":"Polygon","coordinates":[[[24.5124329,58.3967394],[24.5124036,58.3965693],[24.5122272,58.3965618],[24.5122132,58.3964096],[24.5123049,58.3964056],[24.5125773,58.3966321],[24.5127283,58.3967243],[24.5124329,58.3967394]]]},"id":"way/1465137385"},{"type":"Feature","properties":{"@id":"way/1465138969","access":"yes","amenity":"parking","capacity":"25","parking":"surface","source":"OpenStreetMap (amenity=parking extract; Overpass unavailable at build — subset of estonia_parking_master)","lastVerified":"2026-10-02"},"geometry":{"type":"Polygon","coordinates":[[[24.5189311,58.3975853],[24.5188771,58.3975594],[24.5201052,58.3972051],[24.520184,58.3972279],[24.5189311,58.3975853]]]},"id":"way/1465138969"},{"type":"Feature","properties":{"@id":"way/1465138970","access":"yes","amenity":"parking","capacity":"6","parking":"surface","source":"OpenStreetMap (amenity=parking extract; Overpass unavailable at build — subset of estonia_parking_master)","lastVerified":"2026-10-02"},"geometry":{"type":"Polygon","coordinates":[[[24.5186867,58.3975503],[24.5185129,58.3973814],[24.5186013,58.3973553],[24.5187654,58.3975238],[24.5186867,58.3975503]]]},"id":"way/1465138970"},{"type":"Feature","properties":{"@id":"way/1465141857","access":"yes","amenity":"parking","capacity":"5","parking":"surface","source":"OpenStreetMap (amenity=parking extract; Overpass unavailable at build — subset of estonia_parking_master)","lastVerified":"2026-10-02"},"geometry":{"type":"Polygon","coordinates":[[[24.5193899,58.3965924],[24.5192846,58.3964955],[24.519397,58.3964658],[24.5194987,58.3965632],[24.5193899,58.3965924]]]},"id":"way/1465141857"},{"type":"Feature","properties":{"@id":"way/1465141858","access":"yes","amenity":"parking","capacity":"15","parking":"surface","source":"OpenStreetMap (amenity=parking extract; Overpass unavailable at build — subset of estonia_parking_master)","lastVerified":"2026-10-02"},"geometry":{"type":"Polygon","coordinates":[[[24.5190068,58.3966267],[24.5189714,58.3965952],[24.5189032,58.396616],[24.5188589,58.3965795],[24.5189103,58.3965648],[24.5188256,58.3964832],[24.519032,58.3964235],[24.5190944,58.3964774],[24.5192846,58.3964153],[24.5193156,58.3964477],[24.5191501,58.3965052],[24.519205,58.3965715],[24.5190068,58.3966267]]]},"id":"way/1465141858"},{"type":"Feature","properties":{"@id":"way/1465141859","access":"yes","amenity":"parking","capacity":"15","parking":"surface","source":"OpenStreetMap (amenity=parking extract; Overpass unavailable at build — subset of estonia_parking_master)","lastVerified":"2026-10-02"},"geometry":{"type":"Polygon","coordinates":[[[24.5181769,58.3961755],[24.5187147,58.3960167],[24.5187451,58.3960408],[24.5187696,58.3960647],[24.518229,58.396221],[24.5182135,58.3962048],[24.5181769,58.3961755]]]},"id":"way/1465141859"},{"type":"Feature","properties":{"@id":"way/1465150897","access":"yes","amenity":"parking","capacity":"14","parking":"surface","source":"OpenStreetMap (amenity=parking extract; Overpass unavailable at build — subset of estonia_parking_master)","lastVerified":"2026-10-02"},"geometry":{"type":"Polygon","coordinates":[[[24.5197103,58.3967628],[24.5197424,58.3967977],[24.5192708,58.3969304],[24.5192416,58.3968977],[24.5197103,58.3967628]]]},"id":"way/1465150897"},{"type":"Feature","properties":{"@id":"way/1465158186","access":"yes","amenity":"parking","capacity":"70","parking":"surface","source":"OpenStreetMap (amenity=parking extract; Overpass unavailable at build — subset of estonia_parking_master)","lastVerified":"2026-10-02"},"geometry":{"type":"Polygon","coordinates":[[[24.5002376,58.4016885],[24.4982807,58.4026416],[24.4982543,58.4025803],[24.5001829,58.401659],[24.5002376,58.4016885]]]},"id":"way/1465158186"},{"type":"Feature","properties":{"@id":"way/1465163264","access":"yes","amenity":"parking","capacity":"26","parking":"surface","source":"OpenStreetMap (amenity=parking extract; Overpass unavailable at build — subset of estonia_parking_master)","lastVerified":"2026-10-02"},"geometry":{"type":"Polygon","coordinates":[[[24.5016546,58.4025529],[24.5017049,58.4025775],[24.5010451,58.4028962],[24.5009968,58.4028691],[24.5016546,58.4025529]]]},"id":"way/1465163264"},{"type":"Feature","properties":{"@id":"way/1465163270","access":"yes","amenity":"parking","capacity":"15","parking":"surface","source":"OpenStreetMap (amenity=parking extract; Overpass unavailable at build — subset of estonia_parking_master)","lastVerified":"2026-10-02"},"geometry":{"type":"Polygon","coordinates":[[[24.5011777,58.4022219],[24.5012165,58.4021836],[24.5017081,58.4024755],[24.5016544,58.4024973],[24.5011777,58.4022219]]]},"id":"way/1465163270"},{"type":"Feature","properties":{"@id":"way/1465163271","access":"yes","amenity":"parking","capacity":"13","parking":"surface","source":"OpenStreetMap (amenity=parking extract; Overpass unavailable at build — subset of estonia_parking_master)","lastVerified":"2026-10-02"},"geometry":{"type":"Polygon","coordinates":[[[24.5017853,58.4024325],[24.5013991,58.402203],[24.5014509,58.4021822],[24.5018127,58.4023979],[24.5017853,58.4024325]]]},"id":"way/1465163271"},{"type":"Feature","properties":{"@id":"way/1465167721","access":"yes","amenity":"parking","capacity":"16","parking":"surface","source":"OpenStreetMap (amenity=parking extract; Overpass unavailable at build — subset of estonia_parking_master)","lastVerified":"2026-10-02"},"geometry":{"type":"Polygon","coordinates":[[[24.500238,58.4032773],[24.5001992,58.4032523],[24.5007695,58.4029865],[24.5008094,58.4030102],[24.500238,58.4032773]]]},"id":"way/1465167721"},{"type":"Feature","properties":{"@id":"way/1465167779","access":"yes","amenity":"parking","capacity":"18","parking":"surface","source":"OpenStreetMap (amenity=parking extract; Overpass unavailable at build — subset of estonia_parking_master)","lastVerified":"2026-10-02"},"geometry":{"type":"Polygon","coordinates":[[[24.5041603,58.4014117],[24.5036166,58.4011044],[24.5036684,58.401074],[24.5042193,58.401385],[24.5041603,58.4014117]]]},"id":"way/1465167779"},{"type":"Feature","properties":{"@id":"way/1465167780","amenity":"parking","source":"OpenStreetMap (amenity=parking extract; Overpass unavailable at build — subset of estonia_parking_master)","lastVerified":"2026-10-02"},"geometry":{"type":"Polygon","coordinates":[[[24.5043016,58.4013265],[24.504388,58.4012828],[24.5044957,58.4013419],[24.5044134,58.4013824],[24.5043016,58.4013265]]]},"id":"way/1465167780"},{"type":"Feature","properties":{"@id":"way/1465167781","access":"yes","amenity":"parking","capacity":"15","parking":"surface","source":"OpenStreetMap (amenity=parking extract; Overpass unavailable at build — subset of estonia_parking_master)","lastVerified":"2026-10-02"},"geometry":{"type":"Polygon","coordinates":[[[24.502894,58.4013876],[24.5027578,58.4013125],[24.5031522,58.4011255],[24.5032416,58.4012198],[24.502894,58.4013876]]]},"id":"way/1465167781"},{"type":"Feature","properties":{"@id":"way/1465167789","access":"yes","amenity":"parking","capacity":"20","parking":"surface","source":"OpenStreetMap (amenity=parking extract; Overpass unavailable at build — subset of estonia_parking_master)","lastVerified":"2026-10-02"},"geometry":{"type":"Polygon","coordinates":[[[24.5037152,58.4029374],[24.5036644,58.4029113],[24.5042,58.4026599],[24.5042447,58.4026882],[24.5037152,58.4029374]]]},"id":"way/1465167789"},{"type":"Feature","properties":{"@id":"way/1465167790","access":"yes","amenity":"parking","capacity":"6","parking":"surface","source":"OpenStreetMap (amenity=parking extract; Overpass unavailable at build — subset of estonia_parking_master)","lastVerified":"2026-10-02"},"geometry":{"type":"Polygon","coordinates":[[[24.5030588,58.4032496],[24.5029066,58.4033257],[24.5028588,58.4032992],[24.5030136,58.4032232],[24.5030588,58.4032496]]]},"id":"way/1465167790"},{"type":"Feature","properties":{"@id":"way/1465167791","access":"yes","amenity":"parking","capacity":"6","parking":"surface","source":"OpenStreetMap (amenity=parking extract; Overpass unavailable at build — subset of estonia_parking_master)","lastVerified":"2026-10-02"},"geometry":{"type":"Polygon","coordinates":[[[24.5032623,58.4031534],[24.5031101,58.4032295],[24.5030623,58.403203],[24.5032171,58.403127],[24.5032623,58.4031534]]]},"id":"way/1465167791"},{"type":"Feature","properties":{"@id":"way/1465167792","access":"yes","amenity":"parking","capacity":"6","parking":"surface","source":"OpenStreetMap (amenity=parking extract; Overpass unavailable at build — subset of estonia_parking_master)","lastVerified":"2026-10-02"},"geometry":{"type":"Polygon","coordinates":[[[24.5023978,58.4035744],[24.5022456,58.4036504],[24.5021979,58.403624],[24.5023527,58.4035479],[24.5023978,58.4035744]]]},"id":"way/1465167792"},{"type":"Feature","properties":{"@id":"way/1465167793","access":"yes","amenity":"parking","capacity":"6","parking":"surface","source":"OpenStreetMap (amenity=parking extract; Overpass unavailable at build — subset of estonia_parking_master)","lastVerified":"2026-10-02"},"geometry":{"type":"Polygon","coordinates":[[[24.5021917,58.4036722],[24.5020395,58.4037482],[24.5019917,58.4037218],[24.5021465,58.4036458],[24.5021917,58.4036722]]]},"id":"way/1465167793"},{"type":"Feature","properties":{"@id":"way/1465167794","access":"yes","amenity":"parking","capacity":"6","parking":"surface","source":"OpenStreetMap (amenity=parking extract; Overpass unavailable at build — subset of estonia_parking_master)","lastVerified":"2026-10-02"},"geometry":{"type":"Polygon","coordinates":[[[24.5015245,58.4039818],[24.5013723,58.4040579],[24.5013246,58.4040315],[24.5014794,58.4039554],[24.5015245,58.4039818]]]},"id":"way/1465167794"},{"type":"Feature","properties":{"@id":"way/1465167795","access":"yes","amenity":"parking","capacity":"6","parking":"surface","source":"OpenStreetMap (amenity=parking extract; Overpass unavailable at build — subset of estonia_parking_master)","lastVerified":"2026-10-02"},"geometry":{"type":"Polygon","coordinates":[[[24.5013042,58.4040913],[24.501152,58.4041673],[24.5011042,58.4041409],[24.5012591,58.4040648],[24.5013042,58.4040913]]]},"id":"way/1465167795"},{"type":"Feature","properties":{"@id":"way/1465167796","access":"yes","amenity":"parking","capacity":"6","parking":"surface","source":"OpenStreetMap (amenity=parking extract; Overpass unavailable at build — subset of estonia_parking_master)","lastVerified":"2026-10-02"},"geometry":{"type":"Polygon","coordinates":[[[24.5006565,58.4044051],[24.5005044,58.4044811],[24.5004566,58.4044547],[24.5006114,58.4043787],[24.5006565,58.4044051]]]},"id":"way/1465167796"},{"type":"Feature","properties":{"@id":"way/1465167797","access":"yes","amenity":"parking","capacity":"6","parking":"surface","source":"OpenStreetMap (amenity=parking extract; Overpass unavailable at build — subset of estonia_parking_master)","lastVerified":"2026-10-02"},"geometry":{"type":"Polygon","coordinates":[[[24.5004309,58.4045075],[24.5002787,58.4045836],[24.500231,58.4045571],[24.5003858,58.4044811],[24.5004309,58.4045075]]]},"id":"way/1465167797"},{"type":"Feature","properties":{"@id":"way/1465167798","access":"yes","amenity":"parking","capacity":"10","parking":"surface","source":"OpenStreetMap (amenity=parking extract; Overpass unavailable at build — subset of estonia_parking_master)","lastVerified":"2026-10-02"},"geometry":{"type":"Polygon","coordinates":[[[24.4997921,58.4048128],[24.4995567,58.4049231],[24.4995054,58.4048967],[24.4997461,58.404785],[24.4997921,58.4048128]]]},"id":"way/1465167798"},{"type":"Feature","properties":{"@id":"way/1465172322","access":"yes","amenity":"parking","capacity":"12","parking":"surface","source":"OpenStreetMap (amenity=parking extract; Overpass unavailable at build — subset of estonia_parking_master)","lastVerified":"2026-10-02"},"geometry":{"type":"Polygon","coordinates":[[[24.5070984,58.4013321],[24.5070507,58.4013046],[24.5074058,58.4011392],[24.5074543,58.4011687],[24.5070984,58.4013321]]]},"id":"way/1465172322"},{"type":"Feature","properties":{"@id":"way/1465172323","access":"yes","amenity":"parking","capacity":"12","parking":"surface","source":"OpenStreetMap (amenity=parking extract; Overpass unavailable at build — subset of estonia_parking_master)","lastVerified":"2026-10-02"},"geometry":{"type":"Polygon","coordinates":[[[24.5062301,58.4017481],[24.5061823,58.4017205],[24.5065374,58.4015552],[24.5065859,58.4015847],[24.5062301,58.4017481]]]},"id":"way/1465172323"},{"type":"Feature","properties":{"@id":"way/1465172324","access":"yes","amenity":"parking","capacity":"12","parking":"surface","source":"OpenStreetMap (amenity=parking extract; Overpass unavailable at build — subset of estonia_parking_master)","lastVerified":"2026-10-02"},"geometry":{"type":"Polygon","coordinates":[[[24.5053496,58.4021624],[24.5053019,58.4021348],[24.505657,58.4019694],[24.5057055,58.4019989],[24.5053496,58.4021624]]]},"id":"way/1465172324"},{"type":"Feature","properties":{"@id":"way/1465172325","access":"yes","amenity":"parking","capacity":"12","parking":"surface","source":"OpenStreetMap (amenity=parking extract; Overpass unavailable at build — subset of estonia_parking_master)","lastVerified":"2026-10-02"},"geometry":{"type":"Polygon","coordinates":[[[24.507963,58.4009058],[24.5079152,58.4008782],[24.5082703,58.4007129],[24.5083189,58.4007424],[24.507963,58.4009058]]]},"id":"way/1465172325"},{"type":"Feature","properties":{"@id":"way/1465172326","access":"yes","amenity":"parking","capacity":"10","parking":"surface","source":"OpenStreetMap (amenity=parking extract; Overpass unavailable at build — subset of estonia_parking_master)","lastVerified":"2026-10-02"},"geometry":{"type":"Polygon","coordinates":[[[24.5088143,58.4005047],[24.5087726,58.400477],[24.5090867,58.4003226],[24.5091365,58.4003498],[24.5088143,58.4005047]]]},"id":"way/1465172326"},{"type":"Feature","properties":{"@id":"way/1465190907","access":"yes","amenity":"parking","capacity":"12","parking":"surface","source":"OpenStreetMap (amenity=parking extract; Overpass unavailable at build — subset of estonia_parking_master)","lastVerified":"2026-10-02"},"geometry":{"type":"Polygon","coordinates":[[[24.5079467,58.3963203],[24.5079061,58.3960381],[24.5080551,58.3960338],[24.5080934,58.3963163],[24.5079467,58.3963203]]]},"id":"way/1465190907"},{"type":"Feature","properties":{"@id":"way/1465190908","access":"yes","amenity":"parking","capacity":"15","parking":"surface","source":"OpenStreetMap (amenity=parking extract; Overpass unavailable at build — subset of estonia_parking_master)","lastVerified":"2026-10-02"},"geometry":{"type":"Polygon","coordinates":[[[24.5083942,58.3961449],[24.5083853,58.3960605],[24.5089401,58.3960438],[24.5089492,58.3961211],[24.5083942,58.3961449]]]},"id":"way/1465190908"},{"type":"Feature","properties":{"@id":"way/1465190909","access":"yes","amenity":"parking","capacity":"8","parking":"surface","source":"OpenStreetMap (amenity=parking extract; Overpass unavailable at build — subset of estonia_parking_master)","lastVerified":"2026-10-02"},"geometry":{"type":"Polygon","coordinates":[[[24.5085464,58.3960034],[24.5085405,58.3959596],[24.5089691,58.3959455],[24.5089702,58.395991],[24.5085464,58.3960034]]]},"id":"way/1465190909"},{"type":"Feature","properties":{"@id":"way/1465190910","access":"yes","amenity":"parking","capacity":"16","parking":"surface","source":"OpenStreetMap (amenity=parking extract; Overpass unavailable at build — subset of estonia_parking_master)","lastVerified":"2026-10-02"},"geometry":{"type":"Polygon","coordinates":[[[24.5090427,58.3960415],[24.5100187,58.3960077],[24.5100186,58.3960562],[24.5090449,58.3960862],[24.5090427,58.3960415]]]},"id":"way/1465190910"},{"type":"Feature","properties":{"@id":"way/1465190911","access":"yes","amenity":"parking","capacity":"10","parking":"surface","source":"OpenStreetMap (amenity=parking extract; Overpass unavailable at build — subset of estonia_parking_master)","lastVerified":"2026-10-02"},"geometry":{"type":"Polygon","coordinates":[[[24.5090843,58.3959543],[24.5090776,58.3959168],[24.5096649,58.3958953],[24.5096637,58.3959357],[24.5090843,58.3959543]]]},"id":"way/1465190911"},{"type":"Feature","properties":{"@id":"way/1465190912","access":"yes","amenity":"parking","capacity":"6","parking":"surface","source":"OpenStreetMap (amenity=parking extract; Overpass unavailable at build — subset of estonia_parking_master)","lastVerified":"2026-10-02"},"geometry":{"type":"Polygon","coordinates":[[[24.5098365,58.3956885],[24.5098704,58.3956882],[24.5099462,58.3956873],[24.5099649,58.395847],[24.5098528,58.3958519],[24.5098365,58.3956885]]]},"id":"way/1465190912"},{"type":"Feature","properties":{"@id":"way/1465190920","access":"yes","amenity":"parking","capacity":"26","parking":"surface","source":"OpenStreetMap (amenity=parking extract; Overpass unavailable at build — subset of estonia_parking_master)","lastVerified":"2026-10-02"},"geometry":{"type":"Polygon","coordinates":[[[24.5101179,58.3955164],[24.5100291,58.3955157],[24.5099825,58.395072],[24.5100176,58.3950346],[24.5100806,58.3950077],[24.5103748,58.3949857],[24.5103518,58.3950288],[24.5100952,58.3950469],[24.510059,58.3950719],[24.5101179,58.3955164]]]},"id":"way/1465190920"},{"type":"Feature","properties":{"@id":"way/1465190921","access":"yes","amenity":"parking","capacity":"10","parking":"surface","source":"OpenStreetMap (amenity=parking extract; Overpass unavailable at build — subset of estonia_parking_master)","lastVerified":"2026-10-02"},"geometry":{"type":"Polygon","coordinates":[[[24.5098844,58.3949747],[24.5098854,58.3949353],[24.5103316,58.3949071],[24.5103997,58.3949422],[24.5098844,58.3949747]]]},"id":"way/1465190921"},{"type":"Feature","properties":{"@id":"way/1465190938","access":"yes","amenity":"parking","capacity":"20","parking":"surface","source":"OpenStreetMap (amenity=parking extract; Overpass unavailable at build — subset of estonia_parking_master)","lastVerified":"2026-10-02"},"geometry":{"type":"Polygon","coordinates":[[[24.5092939,58.3949388],[24.5085409,58.3949596],[24.5085369,58.394917],[24.5092919,58.3948945],[24.5092939,58.3949388]]]},"id":"way/1465190938"},{"type":"Feature","properties":{"@id":"way/1465190939","access":"yes","amenity":"parking","capacity":"5","parking":"surface","source":"OpenStreetMap (amenity=parking extract; Overpass unavailable at build — subset of estonia_parking_master)","lastVerified":"2026-10-02"},"geometry":{"type":"Polygon","coordinates":[[[24.5086944,58.3948678],[24.5086911,58.3948394],[24.5088969,58.3948309],[24.5089023,58.3948605],[24.5086944,58.3948678]]]},"id":"way/1465190939"},{"type":"Feature","properties":{"@id":"way/1465190940","access":"yes","amenity":"parking","capacity":"5","parking":"surface","source":"OpenStreetMap (amenity=parking extract; Overpass unavailable at build — subset of estonia_parking_master)","lastVerified":"2026-10-02"},"geometry":{"type":"Polygon","coordinates":[[[24.5089684,58.3948589],[24.508965,58.3948304],[24.5091709,58.394822],[24.5091762,58.3948515],[24.5089684,58.3948589]]]},"id":"way/1465190940"},{"type":"Feature","properties":{"@id":"way/1465190953","access":"yes","amenity":"parking","capacity":"15","parking":"surface","source":"OpenStreetMap (amenity=parking extract; Overpass unavailable at build — subset of estonia_parking_master)","lastVerified":"2026-10-02"},"geometry":{"type":"Polygon","coordinates":[[[24.5084931,58.3959141],[24.5084864,58.3958751],[24.5086211,58.3958695],[24.5086681,58.3958997],[24.5099629,58.3958502],[24.5099649,58.3958649],[24.5085407,58.3959162],[24.5084931,58.3959141]]]},"id":"way/1465190953"},{"type":"Feature","properties":{"@id":"way/1465191498","access":"yes","amenity":"parking","capacity:disabled":"40","parking":"surface","source":"OpenStreetMap (amenity=parking extract; Overpass unavailable at build — subset of estonia_parking_master)","lastVerified":"2026-10-02"},"geometry":{"type":"Polygon","coordinates":[[[24.5031715,58.3932138],[24.5031574,58.3931204],[24.5033675,58.3931179],[24.5033524,58.3927563],[24.5032403,58.3927563],[24.5032356,58.3926768],[24.5032309,58.3926144],[24.5035049,58.3926081],[24.5035275,58.3926076],[24.503524,58.3926401],[24.5035272,58.3927025],[24.5035287,58.3927329],[24.5035345,58.3928458],[24.5035508,58.3931644],[24.5035902,58.3932144],[24.5034631,58.3932474],[24.5034235,58.393208],[24.5031715,58.3932138]]]},"id":"way/1465191498"},{"type":"Feature","properties":{"@id":"way/1465195496","access":"yes","amenity":"parking","capacity":"16","parking":"surface","source":"OpenStreetMap (amenity=parking extract; Overpass unavailable at build — subset of estonia_parking_master)","lastVerified":"2026-10-02"},"geometry":{"type":"Polygon","coordinates":[[[24.4905139,58.3910315],[24.4904299,58.3910229],[24.4905513,58.3906491],[24.4906412,58.3906607],[24.4905139,58.3910315]]]},"id":"way/1465195496"},{"type":"Feature","properties":{"@id":"way/1465195499","access":"yes","amenity":"parking","capacity":"25","parking":"surface","source":"OpenStreetMap (amenity=parking extract; Overpass unavailable at build — subset of estonia_parking_master)","lastVerified":"2026-10-02"},"geometry":{"type":"Polygon","coordinates":[[[24.4921744,58.3910544],[24.4922444,58.390869],[24.4925982,58.3909082],[24.4925246,58.3910887],[24.4921744,58.3910544]]]},"id":"way/1465195499"},{"type":"Feature","properties":{"@id":"way/1465195500","access":"yes","amenity":"parking","capacity":"6","parking":"surface","source":"OpenStreetMap (amenity=parking extract; Overpass unavailable at build — subset of estonia_parking_master)","lastVerified":"2026-10-02"},"geometry":{"type":"Polygon","coordinates":[[[24.4917073,58.3910276],[24.4916189,58.3910186],[24.4916727,58.3908726],[24.4917591,58.390879],[24.4917073,58.3910276]]]},"id":"way/1465195500"},{"type":"Feature","properties":{"@id":"way/1465195501","access":"yes","amenity":"parking","capacity":"20","parking":"surface","source":"OpenStreetMap (amenity=parking extract; Overpass unavailable at build — subset of estonia_parking_master)","lastVerified":"2026-10-02"},"geometry":{"type":"Polygon","coordinates":[[[24.4912052,58.3910995],[24.4911124,58.3910916],[24.4912064,58.3908341],[24.4910076,58.3908151],[24.4910609,58.3906771],[24.4913363,58.3907048],[24.4912052,58.3910995]]]},"id":"way/1465195501"},{"type":"Feature","properties":{"@id":"way/1465195502","access":"yes","amenity":"parking","capacity":"30","parking":"surface","source":"OpenStreetMap (amenity=parking extract; Overpass unavailable at build — subset of estonia_parking_master)","lastVerified":"2026-10-02"},"geometry":{"type":"Polygon","coordinates":[[[24.4934364,58.3910595],[24.4934552,58.3909986],[24.4935222,58.3910045],[24.4935883,58.3907626],[24.493745,58.3907795],[24.4936664,58.3909712],[24.4938193,58.3909839],[24.4937773,58.3910907],[24.4934364,58.3910595]]]},"id":"way/1465195502"},{"type":"Feature","properties":{"@id":"way/1465195503","access":"yes","amenity":"parking","capacity":"30","parking":"surface","source":"OpenStreetMap (amenity=parking extract; Overpass unavailable at build — subset of estonia_parking_master)","lastVerified":"2026-10-02"},"geometry":{"type":"Polygon","coordinates":[[[24.4928596,58.3909585],[24.4929104,58.3908409],[24.4929978,58.3908457],[24.493072,58.3906668],[24.4932356,58.3906779],[24.4930689,58.3911606],[24.4928901,58.3911446],[24.4929551,58.3909672],[24.4928596,58.3909585]]]},"id":"way/1465195503"},{"type":"Feature","properties":{"@id":"way/1465195504","access":"yes","amenity":"parking","capacity":"7","parking":"surface","source":"OpenStreetMap (amenity=parking extract; Overpass unavailable at build — subset of estonia_parking_master)","lastVerified":"2026-10-02"},"geometry":{"type":"Polygon","coordinates":[[[24.4916934,58.3906591],[24.4917319,58.390541],[24.4916619,58.3905361],[24.4916946,58.3904511],[24.4918709,58.3904676],[24.4918265,58.3906114],[24.4916934,58.3906591]]]},"id":"way/1465195504"},{"type":"Feature","properties":{"@id":"way/1465195505","access":"yes","amenity":"parking","capacity":"6","parking":"surface","source":"OpenStreetMap (amenity=parking extract; Overpass unavailable at build — subset of estonia_parking_master)","lastVerified":"2026-10-02"},"geometry":{"type":"Polygon","coordinates":[[[24.4942329,58.3907425],[24.4942956,58.390696],[24.494661,58.3907083],[24.4946505,58.3907572],[24.4942329,58.3907425]]]},"id":"way/1465195505"},{"type":"Feature","properties":{"@id":"way/1465195506","access":"yes","amenity":"parking","capacity":"7","parking":"surface","source":"OpenStreetMap (amenity=parking extract; Overpass unavailable at build — subset of estonia_parking_master)","lastVerified":"2026-10-02"},"geometry":{"type":"Polygon","coordinates":[[[24.4942483,58.3905471],[24.494259,58.3905108],[24.4945964,58.390535],[24.4945779,58.3905714],[24.4942483,58.3905471]]]},"id":"way/1465195506"},{"type":"Feature","properties":{"@id":"way/1465195507","access":"yes","amenity":"parking","capacity":"20","parking":"surface","source":"OpenStreetMap (amenity=parking extract; Overpass unavailable at build — subset of estonia_parking_master)","lastVerified":"2026-10-02"},"geometry":{"type":"Polygon","coordinates":[[[24.4946794,58.3914527],[24.4945249,58.3914394],[24.4945829,58.3912546],[24.4941519,58.3912125],[24.4941753,58.3911294],[24.4944202,58.3911582],[24.4944487,58.3911848],[24.4947384,58.391205],[24.4946794,58.3914527]]]},"id":"way/1465195507"},{"type":"Feature","properties":{"@id":"way/1465195509","access":"yes","amenity":"parking","capacity":"20","parking":"surface","source":"OpenStreetMap (amenity=parking extract; Overpass unavailable at build — subset of estonia_parking_master)","lastVerified":"2026-10-02"},"geometry":{"type":"Polygon","coordinates":[[[24.4940787,58.3913787],[24.4939466,58.3913649],[24.4941489,58.390821],[24.4942576,58.3908295],[24.4942292,58.3909408],[24.4940787,58.3913787]]]},"id":"way/1465195509"},{"type":"Feature","properties":{"@id":"way/1465195511","access":"yes","amenity":"parking","capacity":"4","parking":"surface","source":"OpenStreetMap (amenity=parking extract; Overpass unavailable at build — subset of estonia_parking_master)","lastVerified":"2026-10-02"},"geometry":{"type":"Polygon","coordinates":[[[24.4949591,58.3911401],[24.4947751,58.3911274],[24.4947842,58.3910853],[24.4949692,58.3910991],[24.4949591,58.3911401]]]},"id":"way/1465195511"},{"type":"Feature","properties":{"@id":"way/1465195512","access":"yes","amenity":"parking","capacity":"4","parking":"surface","source":"OpenStreetMap (amenity=parking extract; Overpass unavailable at build — subset of estonia_parking_master)","lastVerified":"2026-10-02"},"geometry":{"type":"Polygon","coordinates":[[[24.4949758,58.3910813],[24.4947919,58.3910685],[24.494801,58.3910264],[24.494986,58.3910403],[24.4949758,58.3910813]]]},"id":"way/1465195512"},{"type":"Feature","properties":{"@id":"way/1465195513","access":"yes","amenity":"parking","capacity":"8","parking":"surface","source":"OpenStreetMap (amenity=parking extract; Overpass unavailable at build — subset of estonia_parking_master)","lastVerified":"2026-10-02"},"geometry":{"type":"Polygon","coordinates":[[[24.4946369,58.3910544],[24.4946785,58.3908413],[24.4947416,58.3908472],[24.4947039,58.3910586],[24.4946369,58.3910544]]]},"id":"way/1465195513"},{"type":"Feature","properties":{"@id":"way/1465195514","access":"yes","amenity":"parking","capacity":"10","parking":"surface","source":"OpenStreetMap (amenity=parking extract; Overpass unavailable at build — subset of estonia_parking_master)","lastVerified":"2026-10-02"},"geometry":{"type":"Polygon","coordinates":[[[24.494834,58.3908493],[24.4947731,58.390844],[24.4947792,58.3907934],[24.4946755,58.3907571],[24.4946846,58.3906932],[24.4948401,58.3905712],[24.4949072,58.3905765],[24.494834,58.3908493]]]},"id":"way/1465195514"},{"type":"Feature","properties":{"@id":"way/1465196917","access":"yes","amenity":"parking","capacity":"20","parking":"surface","source":"OpenStreetMap (amenity=parking extract; Overpass unavailable at build — subset of estonia_parking_master)","lastVerified":"2026-10-02"},"geometry":{"type":"Polygon","coordinates":[[[24.4961754,58.3914414],[24.496221,58.3912414],[24.4960989,58.3912333],[24.4960714,58.3913454],[24.4960017,58.3912808],[24.4960258,58.3911852],[24.4963209,58.3912084],[24.4962491,58.3915552],[24.4962116,58.3915538],[24.4962216,58.3914857],[24.4961754,58.3914414]]]},"id":"way/1465196917"},{"type":"Feature","properties":{"@id":"way/1465196961","access":"yes","amenity":"parking","capacity":"35","parking":"surface","source":"OpenStreetMap (amenity=parking extract; Overpass unavailable at build — subset of estonia_parking_master)","lastVerified":"2026-10-02"},"geometry":{"type":"Polygon","coordinates":[[[24.4975701,58.3910354],[24.4974278,58.3916112],[24.4973486,58.3916192],[24.4974939,58.3910295],[24.4975701,58.3910354]]]},"id":"way/1465196961"},{"type":"Feature","properties":{"@id":"way/1465196962","access":"yes","amenity":"parking","capacity":"5","parking":"surface","source":"OpenStreetMap (amenity=parking extract; Overpass unavailable at build — subset of estonia_parking_master)","lastVerified":"2026-10-02"},"geometry":{"type":"Polygon","coordinates":[[[24.4971991,58.3910256],[24.4972141,58.3909894],[24.4974123,58.391007],[24.4974053,58.3910423],[24.4971991,58.3910256]]]},"id":"way/1465196962"},{"type":"Feature","properties":{"@id":"way/1465198581","access":"yes","amenity":"parking","capacity":"20","parking":"surface","source":"OpenStreetMap (amenity=parking extract; Overpass unavailable at build — subset of estonia_parking_master)","lastVerified":"2026-10-02"},"geometry":{"type":"Polygon","coordinates":[[[24.4898319,58.3895554],[24.4896535,58.3900896],[24.489561,58.3900805],[24.4897474,58.3895441],[24.4898319,58.3895554]]]},"id":"way/1465198581"},{"type":"Feature","properties":{"@id":"way/1466200980","amenity":"parking","capacity":"20","source":"OpenStreetMap (amenity=parking extract; Overpass unavailable at build — subset of estonia_parking_master)","lastVerified":"2026-10-02"},"geometry":{"type":"Polygon","coordinates":[[[24.5100163,58.3791143],[24.5104394,58.3789595],[24.510544,58.3790495],[24.5101229,58.3791901],[24.5100163,58.3791143]]]},"id":"way/1466200980"},{"type":"Feature","properties":{"@id":"way/1466200981","access":"yes","amenity":"parking","capacity":"25","parking":"surface","source":"OpenStreetMap (amenity=parking extract; Overpass unavailable at build — subset of estonia_parking_master)","lastVerified":"2026-10-02"},"geometry":{"type":"Polygon","coordinates":[[[24.5154686,58.3828379],[24.5153986,58.3828184],[24.5160215,58.3825736],[24.5160835,58.3825944],[24.5154686,58.3828379]]]},"id":"way/1466200981"},{"type":"Feature","properties":{"@id":"way/1466200982","access":"yes","amenity":"parking","capacity":"3","parking":"surface","source":"OpenStreetMap (amenity=parking extract; Overpass unavailable at build — subset of estonia_parking_master)","lastVerified":"2026-10-02"},"geometry":{"type":"Polygon","coordinates":[[[24.5161918,58.3824814],[24.5161945,58.3825187],[24.5160336,58.3825187],[24.5160328,58.3824942],[24.5160669,58.3824812],[24.5160778,58.3824813],[24.5161918,58.3824814]]]},"id":"way/1466200982"},{"type":"Feature","properties":{"@id":"way/1466201012","access":"yes","amenity":"parking","capacity":"6","parking":"surface","source":"OpenStreetMap (amenity=parking extract; Overpass unavailable at build — subset of estonia_parking_master)","lastVerified":"2026-10-02"},"geometry":{"type":"Polygon","coordinates":[[[24.5149971,58.382105],[24.5148029,58.3819616],[24.5148467,58.3819121],[24.5150448,58.3820559],[24.5149971,58.382105]]]},"id":"way/1466201012"},{"type":"Feature","properties":{"@id":"way/1466201023","access":"yes","amenity":"parking","capacity":"20","parking":"surface","source":"OpenStreetMap (amenity=parking extract; Overpass unavailable at build — subset of estonia_parking_master)","lastVerified":"2026-10-02"},"geometry":{"type":"Polygon","coordinates":[[[24.5149061,58.3816012],[24.5149733,58.3816471],[24.5146159,58.3817812],[24.5145079,58.3817974],[24.513993,58.3819941],[24.5139213,58.3820479],[24.5136568,58.3821495],[24.5135656,58.3821689],[24.5134789,58.382201],[24.5134258,58.3821625],[24.5139063,58.3819834],[24.5139319,58.3819597],[24.5144,58.3817802],[24.514477,58.38177],[24.5148554,58.3816211],[24.5149061,58.3816012]]]},"id":"way/1466201023"},{"type":"Feature","properties":{"@id":"way/1466207912","access":"yes","amenity":"parking","capacity":"8","parking":"surface","source":"OpenStreetMap (amenity=parking extract; Overpass unavailable at build — subset of estonia_parking_master)","lastVerified":"2026-10-02"},"geometry":{"type":"Polygon","coordinates":[[[24.5142094,58.3835386],[24.5144651,58.383663],[24.5145422,58.383621],[24.5146161,58.3836598],[24.5144636,58.3837567],[24.514117,58.3835919],[24.5142094,58.3835386]]]},"id":"way/1466207912"},{"type":"Feature","properties":{"@id":"way/1466207913","access":"yes","amenity":"parking","capacity":"16","parking":"surface","source":"OpenStreetMap (amenity=parking extract; Overpass unavailable at build — subset of estonia_parking_master)","lastVerified":"2026-10-02"},"geometry":{"type":"Polygon","coordinates":[[[24.5145006,58.3837809],[24.5143558,58.3838714],[24.5139491,58.3836776],[24.5140985,58.3835944],[24.5145006,58.3837809]]]},"id":"way/1466207913"},{"type":"Feature","properties":{"@id":"way/1466207933","access":"yes","amenity":"parking","capacity":"6","parking":"surface","source":"OpenStreetMap (amenity=parking extract; Overpass unavailable at build — subset of estonia_parking_master)","lastVerified":"2026-10-02"},"geometry":{"type":"Polygon","coordinates":[[[24.5220818,58.3811393],[24.5220257,58.3811007],[24.5222324,58.3810199],[24.5222849,58.3810585],[24.5220818,58.3811393]]]},"id":"way/1466207933"},{"type":"Feature","properties":{"@id":"way/1466207988","access":"yes","amenity":"parking","capacity":"20","parking":"surface","source":"OpenStreetMap (amenity=parking extract; Overpass unavailable at build — subset of estonia_parking_master)","lastVerified":"2026-10-02"},"geometry":{"type":"Polygon","coordinates":[[[24.5256286,58.3829003],[24.525326,58.38266],[24.5255029,58.3826025],[24.5257984,58.3828391],[24.5256286,58.3829003]]]},"id":"way/1466207988"},{"type":"Feature","properties":{"@id":"way/1466442021","access":"yes","amenity":"parking","capacity":"20","parking":"surface","source":"OpenStreetMap (amenity=parking extract; Overpass unavailable at build — subset of estonia_parking_master)","lastVerified":"2026-10-02"},"geometry":{"type":"Polygon","coordinates":[[[24.5288158,58.3815688],[24.5286248,58.381408],[24.5286495,58.3814064],[24.5286556,58.3813903],[24.5285586,58.3813014],[24.5286803,58.3812707],[24.5289576,58.3815074],[24.5288158,58.3815688]]]},"id":"way/1466442021"},{"type":"Feature","properties":{"@id":"way/1466442022","access":"yes","amenity":"parking","capacity":"12","parking":"surface","source":"OpenStreetMap (amenity=parking extract; Overpass unavailable at build — subset of estonia_parking_master)","lastVerified":"2026-10-02"},"geometry":{"type":"Polygon","coordinates":[[[24.528457,58.3823646],[24.5284499,58.3823302],[24.5289127,58.3820844],[24.5289693,58.3820904],[24.528457,58.3823646]]]},"id":"way/1466442022"},{"type":"Feature","properties":{"@id":"way/1466442023","access":"yes","amenity":"parking","capacity":"12","parking":"surface","source":"OpenStreetMap (amenity=parking extract; Overpass unavailable at build — subset of estonia_parking_master)","lastVerified":"2026-10-02"},"geometry":{"type":"Polygon","coordinates":[[[24.5282774,58.3824607],[24.5277996,58.3827134],[24.5277881,58.3826781],[24.5281942,58.3824616],[24.5282774,58.3824607]]]},"id":"way/1466442023"},{"type":"Feature","properties":{"@id":"way/1466450416","access":"yes","amenity":"parking","capacity":"3","source":"OpenStreetMap (amenity=parking extract; Overpass unavailable at build — subset of estonia_parking_master)","lastVerified":"2026-10-02"},"geometry":{"type":"Polygon","coordinates":[[[24.5161796,58.3839742],[24.5161206,58.3839422],[24.516209,58.3838911],[24.5162782,58.3839199],[24.5161796,58.3839742]]]},"id":"way/1466450416"},{"type":"Feature","properties":{"@id":"way/1466450421","access":"yes","amenity":"parking","capacity":"14","parking":"surface","source":"OpenStreetMap (amenity=parking extract; Overpass unavailable at build — subset of estonia_parking_master)","lastVerified":"2026-10-02"},"geometry":{"type":"Polygon","coordinates":[[[24.5143828,58.3853772],[24.5143258,58.3853465],[24.5148527,58.3850832],[24.5149266,58.385122],[24.5143828,58.3853772]]]},"id":"way/1466450421"},{"type":"Feature","properties":{"@id":"way/1466450422","access":"yes","amenity":"parking","capacity":"10","parking":"surface","source":"OpenStreetMap (amenity=parking extract; Overpass unavailable at build — subset of estonia_parking_master)","lastVerified":"2026-10-02"},"geometry":{"type":"Polygon","coordinates":[[[24.5143227,58.3852165],[24.5142365,58.3851704],[24.5146509,58.3849685],[24.5147264,58.3850114],[24.5143227,58.3852165]]]},"id":"way/1466450422"},{"type":"Feature","properties":{"@id":"way/1466450468","access":"yes","amenity":"parking","capacity":"4","parking":"surface","source":"OpenStreetMap (amenity=parking extract; Overpass unavailable at build — subset of estonia_parking_master)","lastVerified":"2026-10-02"},"geometry":{"type":"Polygon","coordinates":[[[24.5144935,58.3846062],[24.5144316,58.3845737],[24.5143954,58.3845682],[24.5143651,58.3845786],[24.5142623,58.3845254],[24.5143592,58.3844617],[24.5145764,58.3845615],[24.5144935,58.3846062]]]},"id":"way/1466450468"},{"type":"Feature","properties":{"@id":"way/1466450471","access":"yes","amenity":"parking","capacity":"15","parking":"surface","source":"OpenStreetMap (amenity=parking extract; Overpass unavailable at build — subset of estonia_parking_master)","lastVerified":"2026-10-02"},"geometry":{"type":"Polygon","coordinates":[[[24.5134991,58.3841475],[24.5139646,58.3838865],[24.5140682,58.3839349],[24.5138456,58.3840633],[24.5138314,58.3840564],[24.5135997,58.3841992],[24.5134991,58.3841475]]]},"id":"way/1466450471"},{"type":"Feature","properties":{"@id":"way/1466450495","access":"yes","amenity":"parking","capacity":"10","parking":"surface","source":"OpenStreetMap (amenity=parking extract; Overpass unavailable at build — subset of estonia_parking_master)","lastVerified":"2026-10-02"},"geometry":{"type":"Polygon","coordinates":[[[24.5100691,58.3844335],[24.5096493,58.3843055],[24.5097043,58.38425],[24.5101321,58.3843695],[24.5100691,58.3844335]]]},"id":"way/1466450495"},{"type":"Feature","properties":{"@id":"way/1466462498","access":"yes","amenity":"parking","capacity":"7","parking":"surface","source":"OpenStreetMap (amenity=parking extract; Overpass unavailable at build — subset of estonia_parking_master)","lastVerified":"2026-10-02"},"geometry":{"type":"Polygon","coordinates":[[[24.5209992,58.3864464],[24.520963,58.3864077],[24.5213281,58.3863099],[24.5213952,58.3863814],[24.5213189,58.3864028],[24.5212889,58.3863681],[24.5209992,58.3864464]]]},"id":"way/1466462498"},{"type":"Feature","properties":{"@id":"way/1466462499","access":"yes","amenity":"parking","capacity":"7","parking":"surface","source":"OpenStreetMap (amenity=parking extract; Overpass unavailable at build — subset of estonia_parking_master)","lastVerified":"2026-10-02"},"geometry":{"type":"Polygon","coordinates":[[[24.5209222,58.3863729],[24.5208698,58.3863116],[24.5209484,58.3862918],[24.5209808,58.3863245],[24.5211972,58.3862688],[24.5212203,58.3862998],[24.5209222,58.3863729]]]},"id":"way/1466462499"},{"type":"Feature","properties":{"@id":"way/1466462500","access":"yes","amenity":"parking","capacity":"2","parking":"surface","source":"OpenStreetMap (amenity=parking extract; Overpass unavailable at build — subset of estonia_parking_master)","lastVerified":"2026-10-02"},"geometry":{"type":"Polygon","coordinates":[[[24.5217618,58.3863382],[24.5217271,58.3863027],[24.5218188,58.3862744],[24.5218542,58.3863116],[24.5217618,58.3863382]]]},"id":"way/1466462500"},{"type":"Feature","properties":{"@id":"way/1466462501","access":"yes","amenity":"parking","capacity":"2","parking":"surface","source":"OpenStreetMap (amenity=parking extract; Overpass unavailable at build — subset of estonia_parking_master)","lastVerified":"2026-10-02"},"geometry":{"type":"Polygon","coordinates":[[[24.5216154,58.3861811],[24.5215816,58.3861416],[24.521657,58.386121],[24.5216948,58.3861618],[24.5216154,58.3861811]]]},"id":"way/1466462501"},{"type":"Feature","properties":{"@id":"way/1466462502","access":"yes","amenity":"parking","capacity":"4","parking":"surface","source":"OpenStreetMap (amenity=parking extract; Overpass unavailable at build — subset of estonia_parking_master)","lastVerified":"2026-10-02"},"geometry":{"type":"Polygon","coordinates":[[[24.5213566,58.3859365],[24.5213197,58.3858957],[24.5214121,58.385865],[24.5216016,58.3860479],[24.5215523,58.3860636],[24.5214113,58.3859179],[24.5213566,58.3859365]]]},"id":"way/1466462502"},{"type":"Feature","properties":{"@id":"way/1466462507","access":"yes","amenity":"parking","capacity":"7","parking":"surface","source":"OpenStreetMap (amenity=parking extract; Overpass unavailable at build — subset of estonia_parking_master)","lastVerified":"2026-10-02"},"geometry":{"type":"Polygon","coordinates":[[[24.5267204,58.3836883],[24.526888,58.3835814],[24.5269993,58.3834359],[24.5271804,58.3834971],[24.526821,58.3837256],[24.5267204,58.3836883]]]},"id":"way/1466462507"},{"type":"Feature","properties":{"@id":"way/1466462510","access":"yes","amenity":"parking","capacity":"15","parking":"surface","source":"OpenStreetMap (amenity=parking extract; Overpass unavailable at build — subset of estonia_parking_master)","lastVerified":"2026-10-02"},"geometry":{"type":"Polygon","coordinates":[[[24.5269537,58.3839273],[24.527171,58.3837888],[24.5273386,58.3837347],[24.5274848,58.3838634],[24.5270423,58.3840019],[24.5269537,58.3839273]]]},"id":"way/1466462510"},{"type":"Feature","properties":{"@id":"way/1466462514","access":"yes","amenity":"parking","capacity":"25","parking":"surface","source":"OpenStreetMap (amenity=parking extract; Overpass unavailable at build — subset of estonia_parking_master)","lastVerified":"2026-10-02"},"geometry":{"type":"Polygon","coordinates":[[[24.527338,58.3833004],[24.5272671,58.3832721],[24.5271023,58.3833739],[24.5270376,58.3833424],[24.5273195,58.3831429],[24.5274782,58.3830113],[24.5275776,58.3830556],[24.5276645,58.3829954],[24.5277634,58.3830418],[24.527338,58.3833004]]]},"id":"way/1466462514"},{"type":"Feature","properties":{"@id":"way/1466467179","access":"yes","amenity":"parking","capacity":"20","parking":"surface","source":"OpenStreetMap (amenity=parking extract; Overpass unavailable at build — subset of estonia_parking_master)","lastVerified":"2026-10-02"},"geometry":{"type":"Polygon","coordinates":[[[24.5230318,58.3798727],[24.5228437,58.379764],[24.5230409,58.3796718],[24.5232381,58.3797715],[24.5230318,58.3798727]]]},"id":"way/1466467179"},{"type":"Feature","properties":{"@id":"way/1466467181","access":"yes","amenity":"parking","capacity":"4","parking":"surface","source":"OpenStreetMap (amenity=parking extract; Overpass unavailable at build — subset of estonia_parking_master)","lastVerified":"2026-10-02"},"geometry":{"type":"Polygon","coordinates":[[[24.5236263,58.3799244],[24.5235593,58.3798818],[24.5237138,58.379804],[24.5238001,58.3798535],[24.5236263,58.3799244]]]},"id":"way/1466467181"},{"type":"Feature","properties":{"@id":"way/1466467182","access":"yes","amenity":"parking","capacity":"4","parking":"surface","source":"OpenStreetMap (amenity=parking extract; Overpass unavailable at build — subset of estonia_parking_master)","lastVerified":"2026-10-02"},"geometry":{"type":"Polygon","coordinates":[[[24.5230318,58.3801562],[24.5229088,58.3800784],[24.522986,58.3800475],[24.5231121,58.3801215],[24.5230318,58.3801562]]]},"id":"way/1466467182"},{"type":"Feature","properties":{"@id":"way/1466467189","access":"yes","amenity":"parking","capacity":"14","parking":"surface","source":"OpenStreetMap (amenity=parking extract; Overpass unavailable at build — subset of estonia_parking_master)","lastVerified":"2026-10-02"},"geometry":{"type":"Polygon","coordinates":[[[24.5225622,58.3803773],[24.5224319,58.3803002],[24.5224616,58.3802873],[24.5221465,58.3800778],[24.5221912,58.3800571],[24.5226659,58.3803251],[24.5225622,58.3803773]]]},"id":"way/1466467189"},{"type":"Feature","properties":{"@id":"way/1466467193","access":"yes","amenity":"parking","capacity":"25","parking":"surface","source":"OpenStreetMap (amenity=parking extract; Overpass unavailable at build — subset of estonia_parking_master)","lastVerified":"2026-10-02"},"geometry":{"type":"Polygon","coordinates":[[[24.5219504,58.380323],[24.5216261,58.3804647],[24.5214595,58.3803619],[24.5217949,58.3802233],[24.5219504,58.380323]]]},"id":"way/1466467193"},{"type":"Feature","properties":{"@id":"way/1466467204","access":"yes","amenity":"parking","capacity":"10","parking":"surface","source":"OpenStreetMap (amenity=parking extract; Overpass unavailable at build — subset of estonia_parking_master)","lastVerified":"2026-10-02"},"geometry":{"type":"Polygon","coordinates":[[[24.5256918,58.3791913],[24.5255715,58.3792421],[24.5253415,58.3790793],[24.5254781,58.379015],[24.5256789,58.379146],[24.5256521,58.3791656],[24.5256918,58.3791913]]]},"id":"way/1466467204"},{"type":"Feature","properties":{"@id":"way/1466467213","access":"yes","amenity":"parking","capacity":"5","parking":"surface","source":"OpenStreetMap (amenity=parking extract; Overpass unavailable at build — subset of estonia_parking_master)","lastVerified":"2026-10-02"},"geometry":{"type":"Polygon","coordinates":[[[24.5258386,58.3788081],[24.5257067,58.3787132],[24.525855,58.3786465],[24.5259671,58.3787206],[24.5259332,58.3787732],[24.5258386,58.3788081]]]},"id":"way/1466467213"},{"type":"Feature","properties":{"@id":"way/1466467217","access":"yes","amenity":"parking","capacity":"12","parking":"surface","source":"OpenStreetMap (amenity=parking extract; Overpass unavailable at build — subset of estonia_parking_master)","lastVerified":"2026-10-02"},"geometry":{"type":"Polygon","coordinates":[[[24.5265346,58.3784659],[24.5263991,58.3783281],[24.5266218,58.3782655],[24.5266767,58.3783154],[24.5267639,58.3782887],[24.5267821,58.3783088],[24.5268109,58.3783407],[24.5267344,58.3783632],[24.5267773,58.3784111],[24.5265346,58.3784659]]]},"id":"way/1466467217"},{"type":"Feature","properties":{"@id":"way/1466739036","access":"yes","amenity":"parking","capacity":"25","parking":"surface","source":"OpenStreetMap (amenity=parking extract; Overpass unavailable at build — subset of estonia_parking_master)","lastVerified":"2026-10-02"},"geometry":{"type":"Polygon","coordinates":[[[24.5092359,58.3790041],[24.509166,58.3789517],[24.5099331,58.3786826],[24.5100375,58.3787648],[24.5098491,58.3788274],[24.5098154,58.3787995],[24.5092359,58.3790041]]]},"id":"way/1466739036"},{"type":"Feature","properties":{"@id":"way/1466739051","access":"yes","amenity":"parking","capacity":"8","parking":"surface","source":"OpenStreetMap (amenity=parking extract; Overpass unavailable at build — subset of estonia_parking_master)","lastVerified":"2026-10-02"},"geometry":{"type":"Polygon","coordinates":[[[24.5063826,58.3799794],[24.5061993,58.3798239],[24.5063336,58.3797823],[24.5065063,58.3799396],[24.5063826,58.3799794]]]},"id":"way/1466739051"},{"type":"Feature","properties":{"@id":"way/1466739052","access":"yes","amenity":"parking","capacity":"7","parking":"surface","source":"OpenStreetMap (amenity=parking extract; Overpass unavailable at build — subset of estonia_parking_master)","lastVerified":"2026-10-02"},"geometry":{"type":"Polygon","coordinates":[[[24.5066348,58.3801343],[24.5064666,58.379999],[24.5065332,58.3799751],[24.506706,58.3801104],[24.5066348,58.3801343]]]},"id":"way/1466739052"},{"type":"Feature","properties":{"@id":"way/1466739058","access":"yes","amenity":"parking","capacity":"12","parking":"surface","source":"OpenStreetMap (amenity=parking extract; Overpass unavailable at build — subset of estonia_parking_master)","lastVerified":"2026-10-02"},"geometry":{"type":"Polygon","coordinates":[[[24.5062247,58.3808809],[24.5060799,58.3807355],[24.506331,58.3806725],[24.5064835,58.3808162],[24.5062247,58.3808809]]]},"id":"way/1466739058"},{"type":"Feature","properties":{"@id":"way/1466739080","access":"yes","amenity":"parking","capacity":"7","parking":"surface","source":"OpenStreetMap (amenity=parking extract; Overpass unavailable at build — subset of estonia_parking_master)","lastVerified":"2026-10-02"},"geometry":{"type":"Polygon","coordinates":[[[24.5074823,58.3819777],[24.5074122,58.3820059],[24.5071601,58.3818269],[24.5072495,58.3817949],[24.5074823,58.3819777]]]},"id":"way/1466739080"},{"type":"Feature","properties":{"@id":"way/1466739099","access":"yes","amenity":"parking","capacity":"12","parking":"surface","source":"OpenStreetMap (amenity=parking extract; Overpass unavailable at build — subset of estonia_parking_master)","lastVerified":"2026-10-02"},"geometry":{"type":"Polygon","coordinates":[[[24.5035467,58.3813735],[24.5034521,58.381401],[24.5029115,58.3812639],[24.5030365,58.3812419],[24.5035467,58.3813735]]]},"id":"way/1466739099"},{"type":"Feature","properties":{"@id":"way/1466748155","access":"yes","amenity":"parking","capacity":"20","parking":"surface","source":"OpenStreetMap (amenity=parking extract; Overpass unavailable at build — subset of estonia_parking_master)","lastVerified":"2026-10-02"},"geometry":{"type":"Polygon","coordinates":[[[24.4999658,58.381124],[24.4988166,58.3810606],[24.4988295,58.3810159],[24.4999305,58.3810813],[24.4999658,58.381124]]]},"id":"way/1466748155"},{"type":"Feature","properties":{"@id":"way/1466748156","access":"yes","amenity":"parking","capacity":"5","parking":"surface","source":"OpenStreetMap (amenity=parking extract; Overpass unavailable at build — subset of estonia_parking_master)","lastVerified":"2026-10-02"},"geometry":{"type":"Polygon","coordinates":[[[24.4989205,58.3809908],[24.4988388,58.3809865],[24.4988598,58.3808568],[24.4989462,58.3808629],[24.4989205,58.3809908]]]},"id":"way/1466748156"},{"type":"Feature","properties":{"@id":"way/1466748172","access":"yes","amenity":"parking","capacity":"24","parking":"surface","source":"OpenStreetMap (amenity=parking extract; Overpass unavailable at build — subset of estonia_parking_master)","lastVerified":"2026-10-02"},"geometry":{"type":"Polygon","coordinates":[[[24.4977451,58.3867585],[24.4976511,58.3867884],[24.4977189,58.3863459],[24.4978021,58.3863023],[24.4980794,58.3863055],[24.4980732,58.3863362],[24.4978129,58.3863297],[24.4977451,58.3867585]]]},"id":"way/1466748172"},{"type":"Feature","properties":{"@id":"way/1466748175","access":"yes","amenity":"parking","capacity":"4","parking":"surface","source":"OpenStreetMap (amenity=parking extract; Overpass unavailable at build — subset of estonia_parking_master)","lastVerified":"2026-10-02"},"geometry":{"type":"Polygon","coordinates":[[[24.4982642,58.3864129],[24.4980932,58.3864073],[24.4980994,58.3863499],[24.4982735,58.386354],[24.4982642,58.3864129]]]},"id":"way/1466748175"},{"type":"Feature","properties":{"@id":"way/1466748222","access":"yes","amenity":"parking","capacity":"6","parking":"surface","source":"OpenStreetMap (amenity=parking extract; Overpass unavailable at build — subset of estonia_parking_master)","lastVerified":"2026-10-02"},"geometry":{"type":"Polygon","coordinates":[[[24.5025719,58.3861822],[24.5025126,58.3862183],[24.5022003,58.3861979],[24.5022436,58.3861683],[24.5025719,58.3861822]]]},"id":"way/1466748222"},{"type":"Feature","properties":{"@id":"way/1466748233","access":"yes","amenity":"parking","capacity":"4","parking":"surface","source":"OpenStreetMap (amenity=parking extract; Overpass unavailable at build — subset of estonia_parking_master)","lastVerified":"2026-10-02"},"geometry":{"type":"Polygon","coordinates":[[[24.502001,58.3858245],[24.5020118,58.3857278],[24.5020985,58.3857301],[24.5020861,58.3858267],[24.502001,58.3858245]]]},"id":"way/1466748233"},{"type":"Feature","properties":{"@id":"way/1466749042","access":"yes","amenity":"parking","capacity":"30","parking":"surface","source":"OpenStreetMap (amenity=parking extract; Overpass unavailable at build — subset of estonia_parking_master)","lastVerified":"2026-10-02"},"geometry":{"type":"Polygon","coordinates":[[[24.4940178,58.3852945],[24.4937925,58.3852917],[24.4937872,58.3850287],[24.494046,58.3850329],[24.4940178,58.3852945]]]},"id":"way/1466749042"},{"type":"Feature","properties":{"@id":"way/1469129090","access":"yes","amenity":"parking","capacity":"12","parking":"surface","source":"OpenStreetMap (amenity=parking extract; Overpass unavailable at build — subset of estonia_parking_master)","lastVerified":"2026-10-02"},"geometry":{"type":"Polygon","coordinates":[[[24.501233,58.405369],[24.5011854,58.4053412],[24.5015797,58.4051471],[24.5016266,58.4051793],[24.501233,58.405369]]]},"id":"way/1469129090"},{"type":"Feature","properties":{"@id":"way/1469129091","access":"yes","amenity":"parking","capacity":"6","source":"OpenStreetMap (amenity=parking extract; Overpass unavailable at build — subset of estonia_parking_master)","lastVerified":"2026-10-02"},"geometry":{"type":"Polygon","coordinates":[[[24.5016815,58.405151],[24.5016353,58.4051252],[24.5018491,58.4050177],[24.5018975,58.4050471],[24.5016815,58.405151]]]},"id":"way/1469129091"},{"type":"Feature","properties":{"@id":"way/1469129092","access":"yes","amenity":"parking","capacity":"10","source":"OpenStreetMap (amenity=parking extract; Overpass unavailable at build — subset of estonia_parking_master)","lastVerified":"2026-10-02"},"geometry":{"type":"Polygon","coordinates":[[[24.5019442,58.405022],[24.5018995,58.4049927],[24.5022267,58.4048314],[24.5022762,58.4048628],[24.5019442,58.405022]]]},"id":"way/1469129092"},{"type":"Feature","properties":{"@id":"way/1469129093","access":"yes","amenity":"parking","capacity":"12","parking":"surface","source":"OpenStreetMap (amenity=parking extract; Overpass unavailable at build — subset of estonia_parking_master)","lastVerified":"2026-10-02"},"geometry":{"type":"Polygon","coordinates":[[[24.5023215,58.4048453],[24.5022768,58.4048171],[24.5026071,58.404651],[24.5026559,58.4046831],[24.5023215,58.4048453]]]},"id":"way/1469129093"},{"type":"Feature","properties":{"@id":"way/1469129094","access":"yes","amenity":"parking","capacity":"7","parking":"surface","source":"OpenStreetMap (amenity=parking extract; Overpass unavailable at build — subset of estonia_parking_master)","lastVerified":"2026-10-02"},"geometry":{"type":"Polygon","coordinates":[[[24.5026999,58.4046569],[24.5026552,58.4046303],[24.5028839,58.4045142],[24.5029347,58.4045446],[24.5026999,58.4046569]]]},"id":"way/1469129094"},{"type":"Feature","properties":{"@id":"way/1469129095","access":"yes","amenity":"parking","capacity":"7","parking":"surface","source":"OpenStreetMap (amenity=parking extract; Overpass unavailable at build — subset of estonia_parking_master)","lastVerified":"2026-10-02"},"geometry":{"type":"Polygon","coordinates":[[[24.5029754,58.4045211],[24.5029215,58.404494],[24.5031582,58.4043779],[24.5032114,58.4044078],[24.5029754,58.4045211]]]},"id":"way/1469129095"},{"type":"Feature","properties":{"@id":"way/1469129096","access":"yes","amenity":"parking","capacity":"6","source":"OpenStreetMap (amenity=parking extract; Overpass unavailable at build — subset of estonia_parking_master)","lastVerified":"2026-10-02"},"geometry":{"type":"Polygon","coordinates":[[[24.5036672,58.4047185],[24.5034846,58.4046075],[24.5035501,58.4045761],[24.503735,58.4046874],[24.5036672,58.4047185]]]},"id":"way/1469129096"},{"type":"Feature","properties":{"@id":"way/1469129110","access":"yes","amenity":"parking","capacity":"6","capacity:disabled":"1","source":"OpenStreetMap (amenity=parking extract; Overpass unavailable at build — subset of estonia_parking_master)","lastVerified":"2026-10-02"},"geometry":{"type":"Polygon","coordinates":[[[24.501253,58.4054294],[24.5010116,58.4055429],[24.5009378,58.405507],[24.5011825,58.4053907],[24.501253,58.4054294]]]},"id":"way/1469129110"},{"type":"Feature","properties":{"@id":"way/1469129111","access":"yes","amenity":"parking","capacity":"7","source":"OpenStreetMap (amenity=parking extract; Overpass unavailable at build — subset of estonia_parking_master)","lastVerified":"2026-10-02"},"geometry":{"type":"Polygon","coordinates":[[[24.5009854,58.4053496],[24.5010491,58.405383],[24.5007822,58.4055151],[24.5007185,58.4054789],[24.5009854,58.4053496]]]},"id":"way/1469129111"},{"type":"Feature","properties":{"@id":"way/1469129114","access":"yes","amenity":"parking","capacity":"8","source":"OpenStreetMap (amenity=parking extract; Overpass unavailable at build — subset of estonia_parking_master)","lastVerified":"2026-10-02"},"geometry":{"type":"Polygon","coordinates":[[[24.5002398,58.4057838],[24.4999674,58.4059169],[24.4999059,58.4058822],[24.5001742,58.4057471],[24.5002398,58.4057838]]]},"id":"way/1469129114"},{"type":"Feature","properties":{"@id":"way/1469129115","access":"yes","amenity":"parking","capacity":"10","source":"OpenStreetMap (amenity=parking extract; Overpass unavailable at build — subset of estonia_parking_master)","lastVerified":"2026-10-02"},"geometry":{"type":"Polygon","coordinates":[[[24.5002356,58.4057163],[24.5006557,58.4055048],[24.5007217,58.4055429],[24.500301,58.4057548],[24.5002356,58.4057163]]]},"id":"way/1469129115"},{"type":"Feature","properties":{"@id":"way/1469129120","access":"yes","amenity":"parking","capacity":"12","parking":"surface","source":"OpenStreetMap (amenity=parking extract; Overpass unavailable at build — subset of estonia_parking_master)","lastVerified":"2026-10-02"},"geometry":{"type":"Polygon","coordinates":[[[24.5027,58.4053832],[24.5023074,58.4055788],[24.5022439,58.4055448],[24.5026439,58.4053453],[24.5027,58.4053832]]]},"id":"way/1469129120"},{"type":"Feature","properties":{"@id":"way/1469129121","access":"yes","amenity":"parking","capacity":"9","source":"OpenStreetMap (amenity=parking extract; Overpass unavailable at build — subset of estonia_parking_master)","lastVerified":"2026-10-02"},"geometry":{"type":"Polygon","coordinates":[[[24.5028343,58.4055634],[24.5027886,58.4053437],[24.5028624,58.4053399],[24.5029082,58.4055587],[24.5028343,58.4055634]]]},"id":"way/1469129121"},{"type":"Feature","properties":{"@id":"way/1469129122","access":"yes","amenity":"parking","capacity":"8","parking":"surface","source":"OpenStreetMap (amenity=parking extract; Overpass unavailable at build — subset of estonia_parking_master)","lastVerified":"2026-10-02"},"geometry":{"type":"Polygon","coordinates":[[[24.5019933,58.4054264],[24.5023575,58.4052532],[24.5024277,58.4052962],[24.502075,58.4054694],[24.5019933,58.4054264]]]},"id":"way/1469129122"},{"type":"Feature","properties":{"@id":"way/1469129123","access":"yes","amenity":"parking","capacity":"3","source":"OpenStreetMap (amenity=parking extract; Overpass unavailable at build — subset of estonia_parking_master)","lastVerified":"2026-10-02"},"geometry":{"type":"Polygon","coordinates":[[[24.5026003,58.4052602],[24.5025422,58.4052227],[24.502644,58.4051723],[24.5027066,58.4052086],[24.5026003,58.4052602]]]},"id":"way/1469129123"},{"type":"Feature","properties":{"@id":"way/1469129124","access":"yes","amenity":"parking","capacity":"10","source":"OpenStreetMap (amenity=parking extract; Overpass unavailable at build — subset of estonia_parking_master)","lastVerified":"2026-10-02"},"geometry":{"type":"Polygon","coordinates":[[[24.5033163,58.4050897],[24.5033074,58.4050439],[24.5037672,58.4050182],[24.5037739,58.4050668],[24.5033163,58.4050897]]]},"id":"way/1469129124"},{"type":"Feature","properties":{"@id":"way/1469129127","access":"yes","amenity":"parking","capacity":"12","source":"OpenStreetMap (amenity=parking extract; Overpass unavailable at build — subset of estonia_parking_master)","lastVerified":"2026-10-02"},"geometry":{"type":"Polygon","coordinates":[[[24.5039887,58.4053253],[24.5039305,58.4050346],[24.5040251,58.4050285],[24.5040917,58.405319],[24.5039887,58.4053253]]]},"id":"way/1469129127"},{"type":"Feature","properties":{"@id":"way/1469137292","access":"yes","amenity":"parking","capacity":"4","source":"OpenStreetMap (amenity=parking extract; Overpass unavailable at build — subset of estonia_parking_master)","lastVerified":"2026-10-02"},"geometry":{"type":"Polygon","coordinates":[[[24.5095945,58.4054828],[24.5095547,58.4053845],[24.5096319,58.4053745],[24.5096776,58.4054725],[24.5095945,58.4054828]]]},"id":"way/1469137292"},{"type":"Feature","properties":{"@id":"way/1469137293","access":"yes","amenity":"parking","capacity":"4","parking":"surface","source":"OpenStreetMap (amenity=parking extract; Overpass unavailable at build — subset of estonia_parking_master)","lastVerified":"2026-10-02"},"geometry":{"type":"Polygon","coordinates":[[[24.5095346,58.4053394],[24.5094876,58.405245],[24.5095738,58.4052333],[24.5096236,58.4053278],[24.5095346,58.4053394]]]},"id":"way/1469137293"},{"type":"Feature","properties":{"@id":"way/1469137298","access":"customers","amenity":"parking","parking":"surface","source":"OpenStreetMap (amenity=parking extract; Overpass unavailable at build — subset of estonia_parking_master)","lastVerified":"2026-10-02"},"geometry":{"type":"Polygon","coordinates":[[[24.5090299,58.4050766],[24.5090105,58.4050133],[24.5072827,58.4051215],[24.5072574,58.4050001],[24.5088644,58.4048949],[24.5088761,58.4049511],[24.5093669,58.4049174],[24.5094351,58.405047],[24.5090299,58.4050766]]]},"id":"way/1469137298"},{"type":"Feature","properties":{"@id":"way/1469137305","access":"customers","amenity":"parking","capacity":"14","source":"OpenStreetMap (amenity=parking extract; Overpass unavailable at build — subset of estonia_parking_master)","lastVerified":"2026-10-02"},"geometry":{"type":"Polygon","coordinates":[[[24.5069694,58.4030781],[24.5065839,58.4028627],[24.5066577,58.4028259],[24.5070414,58.4030438],[24.5069694,58.4030781]]]},"id":"way/1469137305"},{"type":"Feature","properties":{"@id":"way/1469137306","access":"yes","amenity":"parking","capacity":"7","source":"OpenStreetMap (amenity=parking extract; Overpass unavailable at build — subset of estonia_parking_master)","lastVerified":"2026-10-02"},"geometry":{"type":"Polygon","coordinates":[[[24.5069604,58.4026883],[24.5069013,58.4026539],[24.5071596,58.4025307],[24.5072161,58.4025664],[24.5069604,58.4026883]]]},"id":"way/1469137306"},{"type":"Feature","properties":{"@id":"way/1469137312","access":"yes","amenity":"parking","capacity":"28","parking":"surface","source":"OpenStreetMap (amenity=parking extract; Overpass unavailable at build — subset of estonia_parking_master)","lastVerified":"2026-10-02"},"geometry":{"type":"Polygon","coordinates":[[[24.5083999,58.4028664],[24.5085067,58.4028535],[24.5088179,58.4035251],[24.5087161,58.4035327],[24.5086551,58.403419],[24.5086407,58.403407],[24.5083999,58.4028664]]]},"id":"way/1469137312"},{"type":"Feature","properties":{"@id":"way/1469137320","access":"customers","amenity":"parking","capacity":"6","source":"OpenStreetMap (amenity=parking extract; Overpass unavailable at build — subset of estonia_parking_master)","lastVerified":"2026-10-02"},"geometry":{"type":"Polygon","coordinates":[[[24.5073605,58.4052965],[24.5073974,58.4054395],[24.5073101,58.4054424],[24.507271,58.4053035],[24.5073605,58.4052965]]]},"id":"way/1469137320"},{"type":"Feature","properties":{"@id":"way/1469137321","access":"permissive","amenity":"parking","capacity":"4","source":"OpenStreetMap (amenity=parking extract; Overpass unavailable at build — subset of estonia_parking_master)","lastVerified":"2026-10-02"},"geometry":{"type":"Polygon","coordinates":[[[24.5074567,58.4052261],[24.5074466,58.4051804],[24.5076267,58.4051687],[24.5076391,58.405215],[24.5074567,58.4052261]]]},"id":"way/1469137321"},{"type":"Feature","properties":{"@id":"way/1469137326","access":"yes","amenity":"parking","capacity":"26","source":"OpenStreetMap (amenity=parking extract; Overpass unavailable at build — subset of estonia_parking_master)","lastVerified":"2026-10-02"},"geometry":{"type":"Polygon","coordinates":[[[24.5088428,58.4038394],[24.508957,58.4038248],[24.5092654,58.4044489],[24.5091484,58.4044651],[24.5088428,58.4038394]]]},"id":"way/1469137326"},{"type":"Feature","properties":{"@id":"way/1469137327","access":"customers","amenity":"parking","capacity":"25","source":"OpenStreetMap (amenity=parking extract; Overpass unavailable at build — subset of estonia_parking_master)","lastVerified":"2026-10-02"},"geometry":{"type":"Polygon","coordinates":[[[24.5087207,58.404569],[24.5073651,58.4046543],[24.5073635,58.4046475],[24.5073532,58.4046037],[24.5087114,58.4045193],[24.5087207,58.404569]]]},"id":"way/1469137327"},{"type":"Feature","properties":{"@id":"way/1469137332","access":"customers","amenity":"parking","capacity":"10","source":"OpenStreetMap (amenity=parking extract; Overpass unavailable at build — subset of estonia_parking_master)","lastVerified":"2026-10-02"},"geometry":{"type":"Polygon","coordinates":[[[24.5071603,58.4043449],[24.5072228,58.4045953],[24.5071295,58.4046024],[24.5070634,58.4043541],[24.5071603,58.4043449]]]},"id":"way/1469137332"},{"type":"Feature","properties":{"@id":"way/1469137333","access":"yes","amenity":"parking","capacity":"5","source":"OpenStreetMap (amenity=parking extract; Overpass unavailable at build — subset of estonia_parking_master)","lastVerified":"2026-10-02"},"geometry":{"type":"Polygon","coordinates":[[[24.5068269,58.4043523],[24.5067947,58.404219],[24.506882,58.4042137],[24.5069167,58.404347],[24.5068269,58.4043523]]]},"id":"way/1469137333"},{"type":"Feature","properties":{"@id":"way/1469137338","access":"yes","amenity":"parking","capacity":"12","source":"OpenStreetMap (amenity=parking extract; Overpass unavailable at build — subset of estonia_parking_master)","lastVerified":"2026-10-02"},"geometry":{"type":"Polygon","coordinates":[[[24.5071094,58.4038985],[24.5071018,58.4038532],[24.5076578,58.4038155],[24.5076766,58.403863],[24.5071094,58.4038985]]]},"id":"way/1469137338"},{"type":"Feature","properties":{"@id":"way/1469137339","access":"yes","amenity":"parking","capacity":"7","source":"OpenStreetMap (amenity=parking extract; Overpass unavailable at build — subset of estonia_parking_master)","lastVerified":"2026-10-02"},"geometry":{"type":"Polygon","coordinates":[[[24.5077411,58.4038581],[24.5077298,58.4038128],[24.5080318,58.4037906],[24.508048,58.4038341],[24.5077411,58.4038581]]]},"id":"way/1469137339"},{"type":"Feature","properties":{"@id":"way/1469143313","access":"yes","amenity":"parking","capacity":"7","source":"OpenStreetMap (amenity=parking extract; Overpass unavailable at build — subset of estonia_parking_master)","lastVerified":"2026-10-02"},"geometry":{"type":"Polygon","coordinates":[[[24.5051604,58.4043729],[24.5051676,58.4044053],[24.5051711,58.4044208],[24.5048526,58.4044402],[24.5048509,58.4044317],[24.5048429,58.4043912],[24.5051604,58.4043729]]]},"id":"way/1469143313"},{"type":"Feature","properties":{"@id":"way/1469143314","access":"yes","amenity":"parking","capacity":"8","source":"OpenStreetMap (amenity=parking extract; Overpass unavailable at build — subset of estonia_parking_master)","lastVerified":"2026-10-02"},"geometry":{"type":"Polygon","coordinates":[[[24.5044134,58.4044029],[24.5043413,58.404436],[24.5040949,58.4042937],[24.5041119,58.4042856],[24.5041621,58.4042615],[24.5042367,58.4043034],[24.5044134,58.4044029]]]},"id":"way/1469143314"},{"type":"Feature","properties":{"@id":"way/1469143347","access":"yes","amenity":"parking","capacity":"6","capacity:disabled":"1","source":"OpenStreetMap (amenity=parking extract; Overpass unavailable at build — subset of estonia_parking_master)","lastVerified":"2026-10-02"},"geometry":{"type":"Polygon","coordinates":[[[24.5053065,58.4058467],[24.5052268,58.4058502],[24.5051895,58.4056965],[24.5052709,58.4056934],[24.5053065,58.4058467]]]},"id":"way/1469143347"},{"type":"Feature","properties":{"@id":"way/1469143348","access":"yes","amenity":"parking","capacity":"6","source":"OpenStreetMap (amenity=parking extract; Overpass unavailable at build — subset of estonia_parking_master)","lastVerified":"2026-10-02"},"geometry":{"type":"Polygon","coordinates":[[[24.5052633,58.405641],[24.5051776,58.4056463],[24.5051412,58.405502],[24.5052319,58.4054949],[24.5052633,58.405641]]]},"id":"way/1469143348"},{"type":"Feature","properties":{"@id":"way/1469143350","access":"yes","amenity":"parking","capacity":"12","parking":"surface","source":"OpenStreetMap (amenity=parking extract; Overpass unavailable at build — subset of estonia_parking_master)","lastVerified":"2026-10-02"},"geometry":{"type":"Polygon","coordinates":[[[24.505728,58.4052394],[24.5057398,58.4052823],[24.5051993,58.4053152],[24.5051862,58.4052735],[24.505728,58.4052394]]]},"id":"way/1469143350"},{"type":"Feature","properties":{"@id":"way/1469143351","access":"yes","amenity":"parking","capacity":"10","parking":"surface","source":"OpenStreetMap (amenity=parking extract; Overpass unavailable at build — subset of estonia_parking_master)","lastVerified":"2026-10-02"},"geometry":{"type":"Polygon","coordinates":[[[24.504936,58.4053338],[24.5045323,58.4053624],[24.5045212,58.4053152],[24.5049242,58.4052874],[24.504936,58.4053338]]]},"id":"way/1469143351"},{"type":"Feature","properties":{"@id":"way/1469143355","access":"yes","amenity":"parking","capacity":"7","parking":"surface","source":"OpenStreetMap (amenity=parking extract; Overpass unavailable at build — subset of estonia_parking_master)","lastVerified":"2026-10-02"},"geometry":{"type":"Polygon","coordinates":[[[24.5065079,58.4048376],[24.506499,58.4047943],[24.5068098,58.4047726],[24.5068208,58.4048175],[24.5065079,58.4048376]]]},"id":"way/1469143355"},{"type":"Feature","properties":{"@id":"way/1469143356","access":"yes","amenity":"parking","capacity":"10","parking":"surface","source":"OpenStreetMap (amenity=parking extract; Overpass unavailable at build — subset of estonia_parking_master)","lastVerified":"2026-10-02"},"geometry":{"type":"Polygon","coordinates":[[[24.5064717,58.4048395],[24.5060281,58.4048693],[24.506017,58.4048244],[24.5064599,58.4047943],[24.5064717,58.4048395]]]},"id":"way/1469143356"},{"type":"Feature","properties":{"@id":"way/1469143357","access":"yes","amenity":"parking","capacity":"7","parking":"surface","source":"OpenStreetMap (amenity=parking extract; Overpass unavailable at build — subset of estonia_parking_master)","lastVerified":"2026-10-02"},"geometry":{"type":"Polygon","coordinates":[[[24.5056233,58.4048949],[24.5056187,58.4048518],[24.5059251,58.4048299],[24.5059312,58.4048746],[24.5056233,58.4048949]]]},"id":"way/1469143357"},{"type":"Feature","properties":{"@id":"way/1469143358","access":"yes","amenity":"parking","capacity":"11","parking":"surface","source":"OpenStreetMap (amenity=parking extract; Overpass unavailable at build — subset of estonia_parking_master)","lastVerified":"2026-10-02"},"geometry":{"type":"Polygon","coordinates":[[[24.5051178,58.404927],[24.5051066,58.4048847],[24.505578,58.4048528],[24.5055902,58.4048974],[24.5051178,58.404927]]]},"id":"way/1469143358"},{"type":"Feature","properties":{"@id":"way/1469143359","access":"yes","amenity":"parking","capacity":"11","parking":"surface","source":"OpenStreetMap (amenity=parking extract; Overpass unavailable at build — subset of estonia_parking_master)","lastVerified":"2026-10-02"},"geometry":{"type":"Polygon","coordinates":[[[24.5046058,58.4049613],[24.5045946,58.404919],[24.5050659,58.4048871],[24.5050781,58.4049317],[24.5046058,58.4049613]]]},"id":"way/1469143359"},{"type":"Feature","properties":{"@id":"way/1469143360","access":"yes","amenity":"parking","capacity":"8","parking":"surface","source":"OpenStreetMap (amenity=parking extract; Overpass unavailable at build — subset of estonia_parking_master)","lastVerified":"2026-10-02"},"geometry":{"type":"Polygon","coordinates":[[[24.5045746,58.4049631],[24.5042092,58.4049895],[24.5042033,58.4049427],[24.5045678,58.40492],[24.5045746,58.4049631]]]},"id":"way/1469143360"},{"type":"Feature","properties":{"@id":"way/1469143362","access":"yes","amenity":"parking","capacity":"8","parking":"surface","source":"OpenStreetMap (amenity=parking extract; Overpass unavailable at build — subset of estonia_parking_master)","lastVerified":"2026-10-02"},"geometry":{"type":"Polygon","coordinates":[[[24.5086436,58.4036725],[24.5085451,58.4036793],[24.5085353,58.4036164],[24.5083327,58.4036246],[24.5083201,58.4035715],[24.5086207,58.4035601],[24.5086436,58.4036725]]]},"id":"way/1469143362"},{"type":"Feature","properties":{"@id":"way/1469143363","access":"customers","amenity":"parking","capacity":"8","parking":"surface","source":"OpenStreetMap (amenity=parking extract; Overpass unavailable at build — subset of estonia_parking_master)","lastVerified":"2026-10-02"},"geometry":{"type":"Polygon","coordinates":[[[24.5079909,58.4037108],[24.507836,58.4037215],[24.5078068,58.4036149],[24.5079675,58.4036026],[24.5079909,58.4037108]]]},"id":"way/1469143363"},{"type":"Feature","properties":{"@id":"way/1469143364","access":"customers","amenity":"parking","capacity":"4","parking":"surface","source":"OpenStreetMap (amenity=parking extract; Overpass unavailable at build — subset of estonia_parking_master)","lastVerified":"2026-10-02"},"geometry":{"type":"Polygon","coordinates":[[[24.5073686,58.4037368],[24.5073491,58.4036435],[24.5074397,58.4036516],[24.5074582,58.403744],[24.5073686,58.4037368]]]},"id":"way/1469143364"},{"type":"Feature","properties":{"@id":"way/1469143381","access":"yes","amenity":"parking","capacity":"12","parking":"surface","source":"OpenStreetMap (amenity=parking extract; Overpass unavailable at build — subset of estonia_parking_master)","lastVerified":"2026-10-02"},"geometry":{"type":"Polygon","coordinates":[[[24.5050334,58.4034194],[24.505361,58.4032499],[24.5054358,58.4032855],[24.5050911,58.4034522],[24.5050334,58.4034194]]]},"id":"way/1469143381"},{"type":"Feature","properties":{"@id":"way/1469143383","access":"yes","amenity":"parking","source":"OpenStreetMap (amenity=parking extract; Overpass unavailable at build — subset of estonia_parking_master)","lastVerified":"2026-10-02"},"geometry":{"type":"Polygon","coordinates":[[[24.5037782,58.4051052],[24.5038862,58.405635],[24.5037923,58.4056384],[24.5036883,58.4051092],[24.5037782,58.4051052]]]},"id":"way/1469143383"},{"type":"Feature","properties":{"@id":"way/1469143385","access":"yes","amenity":"parking","capacity":"7","source":"OpenStreetMap (amenity=parking extract; Overpass unavailable at build — subset of estonia_parking_master)","lastVerified":"2026-10-02"},"geometry":{"type":"Polygon","coordinates":[[[24.5038849,58.4056579],[24.5038939,58.4057125],[24.5034839,58.4057333],[24.5034762,58.4056815],[24.5038849,58.4056579]]]},"id":"way/1469143385"},{"type":"Feature","properties":{"@id":"way/1471631999","access":"yes","amenity":"parking","capacity":"20","parking":"surface","source":"OpenStreetMap (amenity=parking extract; Overpass unavailable at build — subset of estonia_parking_master)","lastVerified":"2026-10-02"},"geometry":{"type":"Polygon","coordinates":[[[24.5417999,58.3992964],[24.5415991,58.3990884],[24.5419143,58.3989905],[24.5419797,58.3990125],[24.5421712,58.3991936],[24.5417999,58.3992964]]]},"id":"way/1471631999"},{"type":"Feature","properties":{"@id":"way/1471647096","access":"yes","amenity":"parking","source":"OpenStreetMap (amenity=parking extract; Overpass unavailable at build — subset of estonia_parking_master)","lastVerified":"2026-10-02"},"geometry":{"type":"Polygon","coordinates":[[[24.5281182,58.4000171],[24.528189,58.39998],[24.5283925,58.4001024],[24.5283235,58.400134],[24.5281182,58.4000171]]]},"id":"way/1471647096"},{"type":"Feature","properties":{"@id":"way/1471647106","access":"yes","amenity":"parking","source":"OpenStreetMap (amenity=parking extract; Overpass unavailable at build — subset of estonia_parking_master)","lastVerified":"2026-10-02"},"geometry":{"type":"Polygon","coordinates":[[[24.5253239,58.400808],[24.525179,58.4006801],[24.525871,58.4004735],[24.525987,58.4005931],[24.5258952,58.4006393],[24.5253239,58.400808]]]},"id":"way/1471647106"},{"type":"Feature","properties":{"@id":"way/1471647126","access":"yes","amenity":"parking","capacity":"30","source":"OpenStreetMap (amenity=parking extract; Overpass unavailable at build — subset of estonia_parking_master)","lastVerified":"2026-10-02"},"geometry":{"type":"Polygon","coordinates":[[[24.5287959,58.3997811],[24.5286353,58.3996336],[24.529215,58.3994574],[24.5293798,58.3996068],[24.5287959,58.3997811]]]},"id":"way/1471647126"},{"type":"Feature","properties":{"@id":"way/1471647134","access":"yes","amenity":"parking","capacity":"50","parking":"surface","source":"OpenStreetMap (amenity=parking extract; Overpass unavailable at build — subset of estonia_parking_master)","lastVerified":"2026-10-02"},"geometry":{"type":"Polygon","coordinates":[[[24.5253693,58.3991846],[24.5258737,58.3996704],[24.5259808,58.3997416],[24.5260255,58.3997831],[24.5255681,58.3999152],[24.5254949,58.3999333],[24.5249685,58.4000995],[24.5248729,58.4000125],[24.5257679,58.3997469],[24.5252179,58.3992279],[24.5253693,58.3991846]]]},"id":"way/1471647134"},{"type":"Feature","properties":{"@id":"way/1471647135","access":"yes","amenity":"parking","capacity":"40","source":"OpenStreetMap (amenity=parking extract; Overpass unavailable at build — subset of estonia_parking_master)","lastVerified":"2026-10-02"},"geometry":{"type":"Polygon","coordinates":[[[24.5316162,58.3993534],[24.5310674,58.399603],[24.5307989,58.3993669],[24.5314238,58.3991834],[24.5316162,58.3993534]]]},"id":"way/1471647135"},{"type":"Feature","properties":{"@id":"way/1471647136","access":"yes","amenity":"parking","capacity":"30","parking":"surface","source":"OpenStreetMap (amenity=parking extract; Overpass unavailable at build — subset of estonia_parking_master)","lastVerified":"2026-10-02"},"geometry":{"type":"Polygon","coordinates":[[[24.5236382,58.4012069],[24.5229942,58.4013885],[24.5229295,58.4013215],[24.5230682,58.4012852],[24.5230127,58.401236],[24.5235242,58.4010915],[24.5236382,58.4012069]]]},"id":"way/1471647136"},{"type":"Feature","properties":{"@id":"way/1471647141","access":"yes","amenity":"parking","capacity":"12","source":"OpenStreetMap (amenity=parking extract; Overpass unavailable at build — subset of estonia_parking_master)","lastVerified":"2026-10-02"},"geometry":{"type":"Polygon","coordinates":[[[24.522512,58.4014482],[24.5226246,58.4015505],[24.5223132,58.401647],[24.5222038,58.4015409],[24.522512,58.4014482]]]},"id":"way/1471647141"},{"type":"Feature","properties":{"@id":"way/1471647180","access":"yes","amenity":"parking","source":"OpenStreetMap (amenity=parking extract; Overpass unavailable at build — subset of estonia_parking_master)","lastVerified":"2026-10-02"},"geometry":{"type":"Polygon","coordinates":[[[24.5226958,58.4061584],[24.5223508,58.4058135],[24.5225136,58.4057588],[24.5228675,58.4061083],[24.5226958,58.4061584]]]},"id":"way/1471647180"},{"type":"Feature","properties":{"@id":"way/1471656566","access":"yes","amenity":"parking","parking":"surface","source":"OpenStreetMap (amenity=parking extract; Overpass unavailable at build — subset of estonia_parking_master)","lastVerified":"2026-10-02"},"geometry":{"type":"Polygon","coordinates":[[[24.5116284,58.4056652],[24.5116839,58.4056443],[24.5119121,58.4057952],[24.511166,58.4061286],[24.5108497,58.4059346],[24.5109348,58.4058948],[24.51116,58.4060357],[24.511643,58.4058188],[24.5117394,58.4058101],[24.5117784,58.4057821],[24.5116284,58.4056652]]]},"id":"way/1471656566"},{"type":"Feature","properties":{"@id":"way/1471656568","access":"yes","amenity":"parking","source":"OpenStreetMap (amenity=parking extract; Overpass unavailable at build — subset of estonia_parking_master)","lastVerified":"2026-10-02"},"geometry":{"type":"Polygon","coordinates":[[[24.5126809,58.4060676],[24.5124477,58.4059321],[24.5125186,58.4058983],[24.5126903,58.4059952],[24.5132656,58.4057282],[24.513574,58.4059081],[24.5134976,58.4059411],[24.5132602,58.4058006],[24.5126809,58.4060676]]]},"id":"way/1471656568"},{"type":"Feature","properties":{"@id":"way/1471656603","access":"yes","amenity":"parking","capacity":"40","source":"OpenStreetMap (amenity=parking extract; Overpass unavailable at build — subset of estonia_parking_master)","lastVerified":"2026-10-02"},"geometry":{"type":"Polygon","coordinates":[[[24.5042763,58.4061708],[24.5043298,58.406351],[24.5030485,58.4064351],[24.5030044,58.4062703],[24.5042763,58.4061708]]]},"id":"way/1471656603"},{"type":"Feature","properties":{"@id":"way/1471656608","access":"yes","amenity":"parking","capacity":"8","parking":"surface","source":"OpenStreetMap (amenity=parking extract; Overpass unavailable at build — subset of estonia_parking_master)","lastVerified":"2026-10-02"},"geometry":{"type":"Polygon","coordinates":[[[24.5019685,58.4096385],[24.5019269,58.40968],[24.5015139,58.4096926],[24.5015514,58.4096505],[24.5019685,58.4096385]]]},"id":"way/1471656608"},{"type":"Feature","properties":{"@id":"way/1471656609","access":"yes","amenity":"parking","capacity":"30","source":"OpenStreetMap (amenity=parking extract; Overpass unavailable at build — subset of estonia_parking_master)","lastVerified":"2026-10-02"},"geometry":{"type":"Polygon","coordinates":[[[24.5010729,58.4096184],[24.5010525,58.4092669],[24.5012631,58.4092613],[24.5013006,58.4096111],[24.5010729,58.4096184]]]},"id":"way/1471656609"},{"type":"Feature","properties":{"@id":"way/1471656611","access":"yes","amenity":"parking","source":"OpenStreetMap (amenity=parking extract; Overpass unavailable at build — subset of estonia_parking_master)","lastVerified":"2026-10-02"},"geometry":{"type":"Polygon","coordinates":[[[24.5015962,58.4109492],[24.5015385,58.410952],[24.5011751,58.4109014],[24.5011576,58.4107799],[24.5015439,58.4107391],[24.5017477,58.410711],[24.5016337,58.4108297],[24.5016042,58.4108347],[24.5015828,58.4108887],[24.5015962,58.4109492]]]},"id":"way/1471656611"},{"type":"Feature","properties":{"@id":"way/1471656612","access":"yes","amenity":"parking","capacity":"40","source":"OpenStreetMap (amenity=parking extract; Overpass unavailable at build — subset of estonia_parking_master)","lastVerified":"2026-10-02"},"geometry":{"type":"Polygon","coordinates":[[[24.5012075,58.4123462],[24.5011721,58.4118169],[24.5013279,58.4118114],[24.5013898,58.4118281],[24.5014022,58.4120162],[24.5014517,58.4120209],[24.5014659,58.4123332],[24.5012075,58.4123462]]]},"id":"way/1471656612"},{"type":"Feature","properties":{"@id":"way/1471688577","access":"yes","amenity":"parking","source":"OpenStreetMap (amenity=parking extract; Overpass unavailable at build — subset of estonia_parking_master)","lastVerified":"2026-10-02"},"geometry":{"type":"Polygon","coordinates":[[[24.5180839,58.3992407],[24.5180343,58.3992007],[24.5186338,58.3990271],[24.5186794,58.3990749],[24.5180839,58.3992407]]]},"id":"way/1471688577"},{"type":"Feature","properties":{"@id":"way/1471688583","access":"yes","amenity":"parking","source":"OpenStreetMap (amenity=parking extract; Overpass unavailable at build — subset of estonia_parking_master)","lastVerified":"2026-10-02"},"geometry":{"type":"Polygon","coordinates":[[[24.5170326,58.3998686],[24.5167945,58.3996317],[24.5169707,58.3995701],[24.5170459,58.3995613],[24.5172825,58.3997995],[24.5170326,58.3998686]]]},"id":"way/1471688583"},{"type":"Feature","properties":{"@id":"way/1471688596","amenity":"parking","source":"OpenStreetMap (amenity=parking extract; Overpass unavailable at build — subset of estonia_parking_master)","lastVerified":"2026-10-02"},"geometry":{"type":"Polygon","coordinates":[[[24.4901652,58.407799],[24.4900578,58.4077036],[24.4908201,58.4074418],[24.4909089,58.4074632],[24.4909743,58.4075201],[24.490603,58.4076345],[24.490617,58.4076522],[24.4902788,58.4077621],[24.4901869,58.4077919],[24.4901652,58.407799]]]},"id":"way/1471688596"},{"type":"Feature","properties":{"@id":"way/1471688597","access":"customers","amenity":"parking","parking":"surface","source":"OpenStreetMap (amenity=parking extract; Overpass unavailable at build — subset of estonia_parking_master)","lastVerified":"2026-10-02"},"geometry":{"type":"Polygon","coordinates":[[[24.4912381,58.4075219],[24.4911646,58.4074504],[24.4910618,58.4074816],[24.4909754,58.4073862],[24.49107,58.407358],[24.4911342,58.4074167],[24.4912883,58.4073709],[24.4914004,58.4074693],[24.4912381,58.4075219]]]},"id":"way/1471688597"},{"type":"Feature","properties":{"@id":"way/1471688627","access":"customers","amenity":"parking","source":"OpenStreetMap (amenity=parking extract; Overpass unavailable at build — subset of estonia_parking_master)","lastVerified":"2026-10-02"},"geometry":{"type":"Polygon","coordinates":[[[24.4815153,58.4047692],[24.481218,58.4045263],[24.4812905,58.4045022],[24.4815931,58.404747],[24.4815153,58.4047692]]]},"id":"way/1471688627"},{"type":"Feature","properties":{"@id":"way/1471688628","access":"customers","amenity":"parking","source":"OpenStreetMap (amenity=parking extract; Overpass unavailable at build — subset of estonia_parking_master)","lastVerified":"2026-10-02"},"geometry":{"type":"Polygon","coordinates":[[[24.4811914,58.404415],[24.4811171,58.4044391],[24.4805961,58.4040107],[24.4806673,58.4039863],[24.4811914,58.404415]]]},"id":"way/1471688628"},{"type":"Feature","properties":{"@id":"way/1471688629","access":"customers","amenity":"parking","source":"OpenStreetMap (amenity=parking extract; Overpass unavailable at build — subset of estonia_parking_master)","lastVerified":"2026-10-02"},"geometry":{"type":"Polygon","coordinates":[[[24.4821796,58.4040821],[24.481638,58.4036543],[24.4817161,58.4036276],[24.482252,58.4040588],[24.4821796,58.4040821]]]},"id":"way/1471688629"},{"type":"Feature","properties":{"@id":"way/1471688630","access":"customers","amenity":"parking","parking":"surface","source":"OpenStreetMap (amenity=parking extract; Overpass unavailable at build — subset of estonia_parking_master)","lastVerified":"2026-10-02"},"geometry":{"type":"Polygon","coordinates":[[[24.4825649,58.4043971],[24.4822812,58.4041646],[24.4823582,58.4041396],[24.4826454,58.4043702],[24.4825649,58.4043971]]]},"id":"way/1471688630"},{"type":"Feature","properties":{"@id":"way/1471688631","access":"customers","amenity":"parking","source":"OpenStreetMap (amenity=parking extract; Overpass unavailable at build — subset of estonia_parking_master)","lastVerified":"2026-10-02"},"geometry":{"type":"Polygon","coordinates":[[[24.4830036,58.4047559],[24.483567,58.4051954],[24.4834655,58.4052331],[24.4829133,58.404789],[24.4830036,58.4047559]]]},"id":"way/1471688631"},{"type":"Feature","properties":{"@id":"way/1471693608","access":"customers","amenity":"parking","source":"OpenStreetMap (amenity=parking extract; Overpass unavailable at build — subset of estonia_parking_master)","lastVerified":"2026-10-02"},"geometry":{"type":"Polygon","coordinates":[[[24.4803732,58.4052148],[24.4802565,58.4051221],[24.4806935,58.4049719],[24.4808245,58.4050656],[24.4803732,58.4052148]]]},"id":"way/1471693608"},{"type":"Feature","properties":{"@id":"way/1471693613","access":"customers","amenity":"parking","source":"OpenStreetMap (amenity=parking extract; Overpass unavailable at build — subset of estonia_parking_master)","lastVerified":"2026-10-02"},"geometry":{"type":"Polygon","coordinates":[[[24.4869317,58.4059902],[24.4868394,58.4060215],[24.4861196,58.4054224],[24.4862752,58.4053959],[24.4869512,58.4059559],[24.4869317,58.4059902]]]},"id":"way/1471693613"},{"type":"Feature","properties":{"@id":"way/1471798785","access":"yes","amenity":"parking","source":"OpenStreetMap (amenity=parking extract; Overpass unavailable at build — subset of estonia_parking_master)","lastVerified":"2026-10-02"},"geometry":{"type":"Polygon","coordinates":[[[24.4602089,58.3934606],[24.4603364,58.3935419],[24.4600447,58.3936695],[24.4599614,58.3937059],[24.459854,58.3936227],[24.4602089,58.3934606]]]},"id":"way/1471798785"},{"type":"Feature","properties":{"@id":"way/1471798814","access":"yes","amenity":"parking","source":"OpenStreetMap (amenity=parking extract; Overpass unavailable at build — subset of estonia_parking_master)","lastVerified":"2026-10-02"},"geometry":{"type":"Polygon","coordinates":[[[24.4769405,58.3855919],[24.4768761,58.3854131],[24.4771883,58.3852982],[24.4773758,58.3856136],[24.4771334,58.385621],[24.4769405,58.3855919]]]},"id":"way/1471798814"},{"type":"Feature","properties":{"@id":"way/1471806896","access":"yes","amenity":"parking","capacity":"26","source":"OpenStreetMap (amenity=parking extract; Overpass unavailable at build — subset of estonia_parking_master)","lastVerified":"2026-10-02"},"geometry":{"type":"Polygon","coordinates":[[[24.5470341,58.3712247],[24.5470872,58.3711997],[24.5479631,58.3717165],[24.5478906,58.371749],[24.5470341,58.3712247]]]},"id":"way/1471806896"},{"type":"Feature","properties":{"@id":"way/1471806897","access":"yes","amenity":"parking","source":"OpenStreetMap (amenity=parking extract; Overpass unavailable at build — subset of estonia_parking_master)","lastVerified":"2026-10-02"},"geometry":{"type":"Polygon","coordinates":[[[24.5473509,58.3711375],[24.547296,58.3711087],[24.5477897,58.3708702],[24.5478499,58.3709101],[24.5473509,58.3711375]]]},"id":"way/1471806897"},{"type":"Feature","properties":{"@id":"way/1471806898","access":"yes","amenity":"parking","source":"OpenStreetMap (amenity=parking extract; Overpass unavailable at build — subset of estonia_parking_master)","lastVerified":"2026-10-02"},"geometry":{"type":"Polygon","coordinates":[[[24.5480635,58.3707846],[24.5483183,58.37094],[24.5482516,58.3709639],[24.5480056,58.3708117],[24.5480635,58.3707846]]]},"id":"way/1471806898"},{"type":"Feature","properties":{"@id":"way/1471806899","access":"yes","amenity":"parking","source":"OpenStreetMap (amenity=parking extract; Overpass unavailable at build — subset of estonia_parking_master)","lastVerified":"2026-10-02"},"geometry":{"type":"Polygon","coordinates":[[[24.5469662,58.371121],[24.546913,58.3710879],[24.5473721,58.3708754],[24.5474253,58.3709065],[24.5469662,58.371121]]]},"id":"way/1471806899"},{"type":"Feature","properties":{"@id":"way/1471806900","access":"yes","amenity":"parking","source":"OpenStreetMap (amenity=parking extract; Overpass unavailable at build — subset of estonia_parking_master)","lastVerified":"2026-10-02"},"geometry":{"type":"Polygon","coordinates":[[[24.5473629,58.3708592],[24.5472219,58.3707696],[24.5472735,58.3707453],[24.5474214,58.3708346],[24.5473629,58.3708592]]]},"id":"way/1471806900"},{"type":"Feature","properties":{"@id":"way/1471806903","access":"customers","amenity":"parking","source":"OpenStreetMap (amenity=parking extract; Overpass unavailable at build — subset of estonia_parking_master)","lastVerified":"2026-10-02"},"geometry":{"type":"Polygon","coordinates":[[[24.545731,58.3731373],[24.5456854,58.3731098],[24.5459147,58.372991],[24.5459724,58.3730212],[24.545731,58.3731373]]]},"id":"way/1471806903"},{"type":"Feature","properties":{"@id":"way/1471806904","access":"customers","amenity":"parking","source":"OpenStreetMap (amenity=parking extract; Overpass unavailable at build — subset of estonia_parking_master)","lastVerified":"2026-10-02"},"geometry":{"type":"Polygon","coordinates":[[[24.5460341,58.3732913],[24.5459241,58.3733433],[24.5457095,58.3732294],[24.5458276,58.3731738],[24.5460341,58.3732913]]]},"id":"way/1471806904"},{"type":"Feature","properties":{"@id":"way/1471806905","access":"customers","amenity":"parking","source":"OpenStreetMap (amenity=parking extract; Overpass unavailable at build — subset of estonia_parking_master)","lastVerified":"2026-10-02"},"geometry":{"type":"Polygon","coordinates":[[[24.5466703,58.3729564],[24.5467427,58.3729986],[24.5461285,58.3732996],[24.5460896,58.3732764],[24.5464007,58.3731238],[24.5463739,58.3731048],[24.5466703,58.3729564]]]},"id":"way/1471806905"},{"type":"Feature","properties":{"@id":"way/1471806906","access":"yes","amenity":"parking","source":"OpenStreetMap (amenity=parking extract; Overpass unavailable at build — subset of estonia_parking_master)","lastVerified":"2026-10-02"},"geometry":{"type":"Polygon","coordinates":[[[24.5474645,58.3721012],[24.5473059,58.372163],[24.5471677,58.3722281],[24.5463384,58.3726417],[24.5460761,58.3727973],[24.5458668,58.372938],[24.5458444,58.3729273],[24.5460375,58.3727856],[24.5463058,58.3726267],[24.5471372,58.3722099],[24.5474401,58.3720788],[24.5474645,58.3721012]]]},"id":"way/1471806906"},{"type":"Feature","properties":{"@id":"way/1471806907","access":"customers","amenity":"parking","source":"OpenStreetMap (amenity=parking extract; Overpass unavailable at build — subset of estonia_parking_master)","lastVerified":"2026-10-02"},"geometry":{"type":"Polygon","coordinates":[[[24.5490287,58.3721062],[24.5489624,58.372128],[24.5487452,58.3719858],[24.5488038,58.3719551],[24.5490287,58.3721062]]]},"id":"way/1471806907"},{"type":"Feature","properties":{"@id":"way/1471806908","access":"customers","amenity":"parking","source":"OpenStreetMap (amenity=parking extract; Overpass unavailable at build — subset of estonia_parking_master)","lastVerified":"2026-10-02"},"geometry":{"type":"Polygon","coordinates":[[[24.5486451,58.3719139],[24.5483601,58.3719058],[24.5483662,58.371863],[24.5486543,58.3718703],[24.5486451,58.3719139]]]},"id":"way/1471806908"},{"type":"Feature","properties":{"@id":"way/1471806909","access":"customers","amenity":"parking","source":"OpenStreetMap (amenity=parking extract; Overpass unavailable at build — subset of estonia_parking_master)","lastVerified":"2026-10-02"},"geometry":{"type":"Polygon","coordinates":[[[24.5491242,58.3721676],[24.5495186,58.3724366],[24.5494554,58.3724632],[24.5490595,58.3721975],[24.5491242,58.3721676]]]},"id":"way/1471806909"},{"type":"Feature","properties":{"@id":"way/1471806911","access":"yes","amenity":"parking","source":"OpenStreetMap (amenity=parking extract; Overpass unavailable at build — subset of estonia_parking_master)","lastVerified":"2026-10-02"},"geometry":{"type":"Polygon","coordinates":[[[24.5496425,58.372761],[24.5495771,58.3727261],[24.5498258,58.372603],[24.5498013,58.3725895],[24.55012,58.3724334],[24.5502123,58.3724934],[24.5496425,58.372761]]]},"id":"way/1471806911"},{"type":"Feature","properties":{"@id":"way/1471806912","access":"yes","amenity":"parking","source":"OpenStreetMap (amenity=parking extract; Overpass unavailable at build — subset of estonia_parking_master)","lastVerified":"2026-10-02"},"geometry":{"type":"Polygon","coordinates":[[[24.5493297,58.373016],[24.5492927,58.3729926],[24.5502478,58.3725499],[24.550294,58.3725749],[24.5493297,58.373016]]]},"id":"way/1471806912"},{"type":"Feature","properties":{"@id":"way/1471806913","access":"customers","amenity":"parking","source":"OpenStreetMap (amenity=parking extract; Overpass unavailable at build — subset of estonia_parking_master)","lastVerified":"2026-10-02"},"geometry":{"type":"Polygon","coordinates":[[[24.5486292,58.3731893],[24.5470055,58.3739559],[24.5469623,58.3739268],[24.5485876,58.3731626],[24.5486292,58.3731893]]]},"id":"way/1471806913"},{"type":"Feature","properties":{"@id":"way/1471806914","access":"customers","amenity":"parking","source":"OpenStreetMap (amenity=parking extract; Overpass unavailable at build — subset of estonia_parking_master)","lastVerified":"2026-10-02"},"geometry":{"type":"Polygon","coordinates":[[[24.5465756,58.3736893],[24.5465125,58.3736537],[24.5473952,58.3732498],[24.5474645,58.3732902],[24.5465756,58.3736893]]]},"id":"way/1471806914"},{"type":"Feature","properties":{"@id":"way/1471806915","access":"customers","amenity":"parking","source":"OpenStreetMap (amenity=parking extract; Overpass unavailable at build — subset of estonia_parking_master)","lastVerified":"2026-10-02"},"geometry":{"type":"Polygon","coordinates":[[[24.5475869,58.3732172],[24.5475426,58.3731898],[24.548181,58.3728966],[24.5482293,58.3729268],[24.5475869,58.3732172]]]},"id":"way/1471806915"},{"type":"Feature","properties":{"@id":"way/1471806917","access":"customers","amenity":"parking","source":"OpenStreetMap (amenity=parking extract; Overpass unavailable at build — subset of estonia_parking_master)","lastVerified":"2026-10-02"},"geometry":{"type":"Polygon","coordinates":[[[24.5470286,58.373025],[24.5461382,58.3734364],[24.5460834,58.3734034],[24.5469757,58.3729877],[24.5470286,58.373025]]]},"id":"way/1471806917"},{"type":"Feature","properties":{"@id":"way/1471806919","access":"customers","amenity":"parking","source":"OpenStreetMap (amenity=parking extract; Overpass unavailable at build — subset of estonia_parking_master)","lastVerified":"2026-10-02"},"geometry":{"type":"Polygon","coordinates":[[[24.5458521,58.3745291],[24.5457813,58.374491],[24.5463493,58.3742136],[24.5464095,58.3742553],[24.5458521,58.3745291]]]},"id":"way/1471806919"},{"type":"Feature","properties":{"@id":"way/1471806920","access":"customers","amenity":"parking","source":"OpenStreetMap (amenity=parking extract; Overpass unavailable at build — subset of estonia_parking_master)","lastVerified":"2026-10-02"},"geometry":{"type":"Polygon","coordinates":[[[24.5469549,58.3744223],[24.5471989,58.3746458],[24.5471323,58.3746617],[24.5468766,58.3744548],[24.5469549,58.3744223]]]},"id":"way/1471806920"},{"type":"Feature","properties":{"@id":"way/1471806928","access":"yes","amenity":"parking","capacity":"15","source":"OpenStreetMap (amenity=parking extract; Overpass unavailable at build — subset of estonia_parking_master)","lastVerified":"2026-10-02"},"geometry":{"type":"Polygon","coordinates":[[[24.5449991,58.374837],[24.5445246,58.3745955],[24.5445801,58.3745729],[24.5450499,58.3748152],[24.5449991,58.374837]]]},"id":"way/1471806928"},{"type":"Feature","properties":{"@id":"way/1471806929","access":"customers","amenity":"parking","source":"OpenStreetMap (amenity=parking extract; Overpass unavailable at build — subset of estonia_parking_master)","lastVerified":"2026-10-02"},"geometry":{"type":"Polygon","coordinates":[[[24.5443336,58.3747573],[24.5443954,58.3747512],[24.5449768,58.3750389],[24.5449231,58.3750658],[24.5443336,58.3747573]]]},"id":"way/1471806929"},{"type":"Feature","properties":{"@id":"way/1471806937","access":"customers","amenity":"parking","source":"OpenStreetMap (amenity=parking extract; Overpass unavailable at build — subset of estonia_parking_master)","lastVerified":"2026-10-02"},"geometry":{"type":"Polygon","coordinates":[[[24.5457556,58.3726004],[24.545538,58.3724649],[24.5459821,58.3722431],[24.5462122,58.3723916],[24.5457556,58.3726004]]]},"id":"way/1471806937"},{"type":"Feature","properties":{"@id":"way/1471806939","access":"customers","amenity":"parking","source":"OpenStreetMap (amenity=parking extract; Overpass unavailable at build — subset of estonia_parking_master)","lastVerified":"2026-10-02"},"geometry":{"type":"Polygon","coordinates":[[[24.5477471,58.3754454],[24.5474392,58.375039],[24.5475153,58.3750214],[24.5478214,58.3754287],[24.5477471,58.3754454]]]},"id":"way/1471806939"},{"type":"Feature","properties":{"@id":"way/1471806965","access":"customers","amenity":"parking","source":"OpenStreetMap (amenity=parking extract; Overpass unavailable at build — subset of estonia_parking_master)","lastVerified":"2026-10-02"},"geometry":{"type":"Polygon","coordinates":[[[24.5492968,58.373511],[24.5484587,58.3738996],[24.5483879,58.3738592],[24.549229,58.3734706],[24.5492968,58.373511]]]},"id":"way/1471806965"},{"type":"Feature","properties":{"@id":"way/1471806966","access":"customers","amenity":"parking","source":"OpenStreetMap (amenity=parking extract; Overpass unavailable at build — subset of estonia_parking_master)","lastVerified":"2026-10-02"},"geometry":{"type":"Polygon","coordinates":[[[24.5486236,58.3739868],[24.5485604,58.3739553],[24.5489856,58.373759],[24.5490364,58.3737962],[24.5486236,58.3739868]]]},"id":"way/1471806966"},{"type":"Feature","properties":{"@id":"way/1471806967","access":"customers","amenity":"parking","source":"OpenStreetMap (amenity=parking extract; Overpass unavailable at build — subset of estonia_parking_master)","lastVerified":"2026-10-02"},"geometry":{"type":"Polygon","coordinates":[[[24.5483155,58.3738915],[24.5481214,58.3737776],[24.5481845,58.3737493],[24.5483709,58.3738632],[24.5483155,58.3738915]]]},"id":"way/1471806967"},{"type":"Feature","properties":{"@id":"way/1471806968","access":"customers","amenity":"parking","source":"OpenStreetMap (amenity=parking extract; Overpass unavailable at build — subset of estonia_parking_master)","lastVerified":"2026-10-02"},"geometry":{"type":"Polygon","coordinates":[[[24.548907,58.3741823],[24.5488285,58.3742162],[24.5485542,58.3740385],[24.5486297,58.3740054],[24.548907,58.3741823]]]},"id":"way/1471806968"},{"type":"Feature","properties":{"@id":"way/1471806969","access":"customers","amenity":"parking","source":"OpenStreetMap (amenity=parking extract; Overpass unavailable at build — subset of estonia_parking_master)","lastVerified":"2026-10-02"},"geometry":{"type":"Polygon","coordinates":[[[24.5490411,58.3742065],[24.5489748,58.3741637],[24.5497636,58.3737889],[24.5498313,58.3738293],[24.5490411,58.3742065]]]},"id":"way/1471806969"},{"type":"Feature","properties":{"@id":"way/1471806976","access":"customers","amenity":"parking","source":"OpenStreetMap (amenity=parking extract; Overpass unavailable at build — subset of estonia_parking_master)","lastVerified":"2026-10-02"},"geometry":{"type":"Polygon","coordinates":[[[24.5480547,58.3746637],[24.5479963,58.3746282],[24.5486501,58.3743184],[24.5487015,58.3743527],[24.5480547,58.3746637]]]},"id":"way/1471806976"},{"type":"Feature","properties":{"@id":"way/1471806977","access":"customers","amenity":"parking","source":"OpenStreetMap (amenity=parking extract; Overpass unavailable at build — subset of estonia_parking_master)","lastVerified":"2026-10-02"},"geometry":{"type":"Polygon","coordinates":[[[24.5478142,58.3743637],[24.5477628,58.3743343],[24.5482672,58.3740974],[24.5483162,58.374131],[24.5478142,58.3743637]]]},"id":"way/1471806977"},{"type":"Feature","properties":{"@id":"way/1471806978","access":"yes","amenity":"parking","source":"OpenStreetMap (amenity=parking extract; Overpass unavailable at build — subset of estonia_parking_master)","lastVerified":"2026-10-02"},"geometry":{"type":"Polygon","coordinates":[[[24.5477276,58.37464],[24.5473419,58.374151],[24.5474215,58.3741333],[24.5478143,58.3746214],[24.5477276,58.37464]]]},"id":"way/1471806978"},{"type":"Feature","properties":{"@id":"way/1471806979","access":"customers","amenity":"parking","source":"OpenStreetMap (amenity=parking extract; Overpass unavailable at build — subset of estonia_parking_master)","lastVerified":"2026-10-02"},"geometry":{"type":"Polygon","coordinates":[[[24.5486515,58.3743035],[24.5483634,58.3741282],[24.5484204,58.3740967],[24.5487177,58.3742769],[24.5486515,58.3743035]]]},"id":"way/1471806979"},{"type":"Feature","properties":{"@id":"way/1471806980","access":"customers","amenity":"parking","source":"OpenStreetMap (amenity=parking extract; Overpass unavailable at build — subset of estonia_parking_master)","lastVerified":"2026-10-02"},"geometry":{"type":"Polygon","coordinates":[[[24.547644,58.3742291],[24.5481713,58.3739878],[24.548228,58.3740212],[24.5477006,58.3742643],[24.547644,58.3742291]]]},"id":"way/1471806980"},{"type":"Feature","properties":{"@id":"way/1471806981","access":"yes","amenity":"parking","source":"OpenStreetMap (amenity=parking extract; Overpass unavailable at build — subset of estonia_parking_master)","lastVerified":"2026-10-02"},"geometry":{"type":"Polygon","coordinates":[[[24.5500635,58.3742605],[24.5484054,58.3750399],[24.5482931,58.3750331],[24.5500069,58.3742206],[24.5500635,58.3742605]]]},"id":"way/1471806981"},{"type":"Feature","properties":{"@id":"way/1471806986","access":"yes","amenity":"parking","source":"OpenStreetMap (amenity=parking extract; Overpass unavailable at build — subset of estonia_parking_master)","lastVerified":"2026-10-02"},"geometry":{"type":"Polygon","coordinates":[[[24.549755,58.374623],[24.5496987,58.3745872],[24.5498798,58.3745049],[24.5499428,58.374538],[24.549755,58.374623]]]},"id":"way/1471806986"},{"type":"Feature","properties":{"@id":"way/1471806987","access":"customers","amenity":"parking","source":"OpenStreetMap (amenity=parking extract; Overpass unavailable at build — subset of estonia_parking_master)","lastVerified":"2026-10-02"},"geometry":{"type":"Polygon","coordinates":[[[24.5499307,58.3745197],[24.5499871,58.3744908],[24.5506053,58.374846],[24.5505731,58.3748945],[24.5499307,58.3745197]]]},"id":"way/1471806987"},{"type":"Feature","properties":{"@id":"way/1471806988","access":"customers","amenity":"parking","source":"OpenStreetMap (amenity=parking extract; Overpass unavailable at build — subset of estonia_parking_master)","lastVerified":"2026-10-02"},"geometry":{"type":"Polygon","coordinates":[[[24.5505718,58.3747953],[24.5505181,58.3747644],[24.5506227,58.3747152],[24.5505503,58.3746709],[24.5505168,58.3746765],[24.5501078,58.374443],[24.5501788,58.37441],[24.55073,58.374725],[24.5505718,58.3747953]]]},"id":"way/1471806988"},{"type":"Feature","properties":{"@id":"way/1471807000","access":"yes","amenity":"parking","source":"OpenStreetMap (amenity=parking extract; Overpass unavailable at build — subset of estonia_parking_master)","lastVerified":"2026-10-02"},"geometry":{"type":"Polygon","coordinates":[[[24.5493448,58.3747605],[24.5495593,58.3746545],[24.5496198,58.3746874],[24.5493931,58.3747908],[24.5493448,58.3747605]]]},"id":"way/1471807000"},{"type":"Feature","properties":{"@id":"way/1471807001","access":"yes","amenity":"parking","source":"OpenStreetMap (amenity=parking extract; Overpass unavailable at build — subset of estonia_parking_master)","lastVerified":"2026-10-02"},"geometry":{"type":"Polygon","coordinates":[[[24.5491665,58.3748822],[24.549141,58.3749075],[24.5490954,58.3749399],[24.5485992,58.3751712],[24.5485308,58.3751347],[24.5491236,58.374859],[24.5491665,58.3748822]]]},"id":"way/1471807001"},{"type":"Feature","properties":{"@id":"way/1471807003","access":"customers","amenity":"parking","source":"OpenStreetMap (amenity=parking extract; Overpass unavailable at build — subset of estonia_parking_master)","lastVerified":"2026-10-02"},"geometry":{"type":"Polygon","coordinates":[[[24.5504685,58.3752733],[24.5499801,58.375508],[24.5499128,58.3754709],[24.5504065,58.375239],[24.5504685,58.3752733]]]},"id":"way/1471807003"},{"type":"Feature","properties":{"@id":"way/1471807004","access":"customers","amenity":"parking","source":"OpenStreetMap (amenity=parking extract; Overpass unavailable at build — subset of estonia_parking_master)","lastVerified":"2026-10-02"},"geometry":{"type":"Polygon","coordinates":[[[24.5497659,58.3756064],[24.5492298,58.3758681],[24.5491696,58.3758319],[24.5497075,58.3755739],[24.5497659,58.3756064]]]},"id":"way/1471807004"},{"type":"Feature","properties":{"@id":"way/1471810818","access":"customers","amenity":"parking","source":"OpenStreetMap (amenity=parking extract; Overpass unavailable at build — subset of estonia_parking_master)","lastVerified":"2026-10-02"},"geometry":{"type":"Polygon","coordinates":[[[24.5520901,58.3744351],[24.5519314,58.3745514],[24.5516556,58.3743931],[24.5518497,58.3742994],[24.5520901,58.3744351]]]},"id":"way/1471810818"},{"type":"Feature","properties":{"@id":"way/1471810823","access":"customers","amenity":"parking","source":"OpenStreetMap (amenity=parking extract; Overpass unavailable at build — subset of estonia_parking_master)","lastVerified":"2026-10-02"},"geometry":{"type":"Polygon","coordinates":[[[24.5521436,58.3740274],[24.5519288,58.3738976],[24.5520456,58.3738437],[24.5518658,58.3737201],[24.5520222,58.3736637],[24.5522394,58.3738376],[24.5523398,58.3739429],[24.5521436,58.3740274]]]},"id":"way/1471810823"},{"type":"Feature","properties":{"@id":"way/1471810825","access":"customers","amenity":"parking","source":"OpenStreetMap (amenity=parking extract; Overpass unavailable at build — subset of estonia_parking_master)","lastVerified":"2026-10-02"},"geometry":{"type":"Polygon","coordinates":[[[24.552093,58.3741808],[24.5520683,58.374138],[24.5522825,58.3740499],[24.5523179,58.3741],[24.552093,58.3741808]]]},"id":"way/1471810825"},{"type":"Feature","properties":{"@id":"way/1471810828","access":"customers","amenity":"parking","source":"OpenStreetMap (amenity=parking extract; Overpass unavailable at build — subset of estonia_parking_master)","lastVerified":"2026-10-02"},"geometry":{"type":"Polygon","coordinates":[[[24.5521956,58.3746811],[24.5522487,58.3747183],[24.5516691,58.3750186],[24.5516,58.3749834],[24.5521956,58.3746811]]]},"id":"way/1471810828"},{"type":"Feature","properties":{"@id":"way/1471810830","access":"yes","amenity":"parking","source":"OpenStreetMap (amenity=parking extract; Overpass unavailable at build — subset of estonia_parking_master)","lastVerified":"2026-10-02"},"geometry":{"type":"Polygon","coordinates":[[[24.5525362,58.3748887],[24.5523026,58.3747802],[24.5523823,58.3747403],[24.5525999,58.3748553],[24.5525362,58.3748887]]]},"id":"way/1471810830"},{"type":"Feature","properties":{"@id":"way/1471810834","access":"yes","amenity":"parking","source":"OpenStreetMap (amenity=parking extract; Overpass unavailable at build — subset of estonia_parking_master)","lastVerified":"2026-10-02"},"geometry":{"type":"Polygon","coordinates":[[[24.5531634,58.3749858],[24.5528318,58.3750458],[24.5527973,58.3750036],[24.5531295,58.374943],[24.5531634,58.3749858]]]},"id":"way/1471810834"},{"type":"Feature","properties":{"@id":"way/1471810835","access":"yes","amenity":"parking","source":"OpenStreetMap (amenity=parking extract; Overpass unavailable at build — subset of estonia_parking_master)","lastVerified":"2026-10-02"},"geometry":{"type":"Polygon","coordinates":[[[24.5530396,58.3751297],[24.5530139,58.3750899],[24.5533747,58.3750268],[24.5534004,58.3750678],[24.5530396,58.3751297]]]},"id":"way/1471810835"},{"type":"Feature","properties":{"@id":"way/1471810837","access":"yes","amenity":"parking","source":"OpenStreetMap (amenity=parking extract; Overpass unavailable at build — subset of estonia_parking_master)","lastVerified":"2026-10-02"},"geometry":{"type":"Polygon","coordinates":[[[24.5529392,58.3755019],[24.5528225,58.3755227],[24.5527898,58.3753696],[24.5528505,58.375358],[24.5529392,58.3755019]]]},"id":"way/1471810837"},{"type":"Feature","properties":{"@id":"way/1471810864","access":"yes","amenity":"parking","source":"OpenStreetMap (amenity=parking extract; Overpass unavailable at build — subset of estonia_parking_master)","lastVerified":"2026-10-02"},"geometry":{"type":"Polygon","coordinates":[[[24.530136,58.3890701],[24.5300099,58.3889459],[24.5303252,58.388851],[24.5304606,58.388974],[24.530136,58.3890701]]]},"id":"way/1471810864"},{"type":"Feature","properties":{"@id":"way/1471812445","access":"customers","amenity":"parking","source":"OpenStreetMap (amenity=parking extract; Overpass unavailable at build — subset of estonia_parking_master)","lastVerified":"2026-10-02"},"geometry":{"type":"Polygon","coordinates":[[[24.4893347,58.3909625],[24.4893591,58.3908852],[24.4897687,58.390923],[24.4897402,58.3910019],[24.4893347,58.3909625]]]},"id":"way/1471812445"},{"type":"Feature","properties":{"@id":"way/1471812452","access":"customers","amenity":"parking","source":"OpenStreetMap (amenity=parking extract; Overpass unavailable at build — subset of estonia_parking_master)","lastVerified":"2026-10-02"},"geometry":{"type":"Polygon","coordinates":[[[24.4881288,58.3893357],[24.4880651,58.3894712],[24.487713,58.3894211],[24.4873856,58.3893738],[24.4874405,58.3892356],[24.4881288,58.3893357]]]},"id":"way/1471812452"},{"type":"Feature","properties":{"@id":"way/1471817838","access":"customers","amenity":"parking","source":"OpenStreetMap (amenity=parking extract; Overpass unavailable at build — subset of estonia_parking_master)","lastVerified":"2026-10-02"},"geometry":{"type":"Polygon","coordinates":[[[24.4869682,58.3840174],[24.4867771,58.3840392],[24.4865538,58.38391],[24.4866708,58.3838567],[24.4869682,58.3840174]]]},"id":"way/1471817838"},{"type":"Feature","properties":{"@id":"way/1472071717","access":"customers","amenity":"parking","source":"OpenStreetMap (amenity=parking extract; Overpass unavailable at build — subset of estonia_parking_master)","lastVerified":"2026-10-02"},"geometry":{"type":"Polygon","coordinates":[[[24.5127587,58.3871709],[24.5127618,58.387418],[24.5125831,58.3874204],[24.512581,58.3873265],[24.51258,58.387219],[24.5125784,58.3871523],[24.5127587,58.3871709]]]},"id":"way/1472071717"},{"type":"Feature","properties":{"@id":"way/1472071730","access":"customers","amenity":"parking","source":"OpenStreetMap (amenity=parking extract; Overpass unavailable at build — subset of estonia_parking_master)","lastVerified":"2026-10-02"},"geometry":{"type":"Polygon","coordinates":[[[24.514436,58.3869097],[24.5144239,58.3868555],[24.515128,58.3868084],[24.5151414,58.3868605],[24.514436,58.3869097]]]},"id":"way/1472071730"},{"type":"Feature","properties":{"@id":"way/1472071732","access":"customers","amenity":"parking","source":"OpenStreetMap (amenity=parking extract; Overpass unavailable at build — subset of estonia_parking_master)","lastVerified":"2026-10-02"},"geometry":{"type":"Polygon","coordinates":[[[24.5132438,58.3869898],[24.5130882,58.3869989],[24.5129917,58.3869258],[24.5131134,58.3868871],[24.5132438,58.3869898]]]},"id":"way/1472071732"},{"type":"Feature","properties":{"@id":"way/1472071737","access":"yes","amenity":"parking","source":"OpenStreetMap (amenity=parking extract; Overpass unavailable at build — subset of estonia_parking_master)","lastVerified":"2026-10-02"},"geometry":{"type":"Polygon","coordinates":[[[24.490186,58.3865992],[24.4912085,58.3868826],[24.4910702,58.3869657],[24.490686,58.3870179],[24.490003,58.3867665],[24.490186,58.3865992]]]},"id":"way/1472071737"},{"type":"Feature","properties":{"@id":"way/1472071741","access":"yes","amenity":"parking","source":"OpenStreetMap (amenity=parking extract; Overpass unavailable at build — subset of estonia_parking_master)","lastVerified":"2026-10-02"},"geometry":{"type":"Polygon","coordinates":[[[24.4892943,58.3928511],[24.4892874,58.3928188],[24.4895539,58.3927275],[24.489547,58.3927675],[24.4892943,58.3928511]]]},"id":"way/1472071741"},{"type":"Feature","properties":{"@id":"way/1472071746","access":"yes","amenity":"parking","source":"OpenStreetMap (amenity=parking extract; Overpass unavailable at build — subset of estonia_parking_master)","lastVerified":"2026-10-02"},"geometry":{"type":"Polygon","coordinates":[[[24.4914204,58.3922354],[24.4913252,58.3922268],[24.4914332,58.3919576],[24.4915278,58.3919664],[24.4914204,58.3922354]]]},"id":"way/1472071746"},{"type":"Feature","properties":{"@id":"way/1472071754","access":"yes","amenity":"parking","source":"OpenStreetMap (amenity=parking extract; Overpass unavailable at build — subset of estonia_parking_master)","lastVerified":"2026-10-02"},"geometry":{"type":"Polygon","coordinates":[[[24.4925792,58.3919337],[24.4926809,58.3916011],[24.4927949,58.3916116],[24.4926917,58.3919434],[24.4925792,58.3919337]]]},"id":"way/1472071754"},{"type":"Feature","properties":{"@id":"way/1472071755","access":"yes","amenity":"parking","source":"OpenStreetMap (amenity=parking extract; Overpass unavailable at build — subset of estonia_parking_master)","lastVerified":"2026-10-02"},"geometry":{"type":"Polygon","coordinates":[[[24.4927779,58.3918804],[24.4928627,58.3916043],[24.4932201,58.3916366],[24.4931322,58.3919103],[24.4927779,58.3918804]]]},"id":"way/1472071755"},{"type":"Feature","properties":{"@id":"way/1472071769","access":"yes","amenity":"parking","source":"OpenStreetMap (amenity=parking extract; Overpass unavailable at build — subset of estonia_parking_master)","lastVerified":"2026-10-02"},"geometry":{"type":"Polygon","coordinates":[[[24.4906659,58.3920932],[24.4906532,58.3920517],[24.490906,58.3920219],[24.4909213,58.3920698],[24.4906659,58.3920932]]]},"id":"way/1472071769"},{"type":"Feature","properties":{"@id":"way/1472071770","access":"yes","amenity":"parking","source":"OpenStreetMap (amenity=parking extract; Overpass unavailable at build — subset of estonia_parking_master)","lastVerified":"2026-10-02"},"geometry":{"type":"Polygon","coordinates":[[[24.4903165,58.3920251],[24.4903897,58.3920059],[24.49047,58.3922749],[24.4903948,58.3922776],[24.4903165,58.3920251]]]},"id":"way/1472071770"},{"type":"Feature","properties":{"@id":"way/1472075494","access":"yes","amenity":"parking","source":"OpenStreetMap (amenity=parking extract; Overpass unavailable at build — subset of estonia_parking_master)","lastVerified":"2026-10-02"},"geometry":{"type":"Polygon","coordinates":[[[24.4907599,58.3989519],[24.49078,58.3988689],[24.4909906,58.3988851],[24.4909772,58.398968],[24.4907599,58.3989519]]]},"id":"way/1472075494"},{"type":"Feature","properties":{"@id":"way/1472075510","access":"yes","amenity":"parking","source":"OpenStreetMap (amenity=parking extract; Overpass unavailable at build — subset of estonia_parking_master)","lastVerified":"2026-10-02"},"geometry":{"type":"Polygon","coordinates":[[[24.4876294,58.3910049],[24.4876455,58.3909606],[24.4884702,58.3910436],[24.4884032,58.3910836],[24.4876294,58.3910049]]]},"id":"way/1472075510"},{"type":"Feature","properties":{"@id":"way/1472075518","access":"yes","amenity":"parking","source":"OpenStreetMap (amenity=parking extract; Overpass unavailable at build — subset of estonia_parking_master)","lastVerified":"2026-10-02"},"geometry":{"type":"Polygon","coordinates":[[[24.4851875,58.3907763],[24.4852049,58.3907292],[24.4865111,58.3908599],[24.486495,58.3909077],[24.4851875,58.3907763]]]},"id":"way/1472075518"},{"type":"Feature","properties":{"@id":"way/1472075525","access":"yes","amenity":"parking","source":"OpenStreetMap (amenity=parking extract; Overpass unavailable at build — subset of estonia_parking_master)","lastVerified":"2026-10-02"},"geometry":{"type":"Polygon","coordinates":[[[24.4864011,58.391311],[24.4865251,58.3910116],[24.4866247,58.3910201],[24.4865169,58.3913259],[24.4864011,58.391311]]]},"id":"way/1472075525"},{"type":"Feature","properties":{"@id":"way/1472093242","access":"customers","amenity":"parking","source":"OpenStreetMap (amenity=parking extract; Overpass unavailable at build — subset of estonia_parking_master)","lastVerified":"2026-10-02"},"geometry":{"type":"Polygon","coordinates":[[[24.4768266,58.3906524],[24.4761355,58.3902008],[24.4762172,58.3901628],[24.4766071,58.3903819],[24.4767613,58.3903122],[24.4769667,58.3904321],[24.4769154,58.3904553],[24.4770695,58.3905581],[24.4768266,58.3906524]]]},"id":"way/1472093242"},{"type":"Feature","properties":{"@id":"way/1482813275","amenity":"parking","parking":"surface","surface":"asphalt","source":"OpenStreetMap (amenity=parking extract; Overpass unavailable at build — subset of estonia_parking_master)","lastVerified":"2026-10-02"},"geometry":{"type":"Polygon","coordinates":[[[24.6113915,58.3721005],[24.6114575,58.372067],[24.6118352,58.3722103],[24.6120704,58.3720509],[24.6123379,58.3721396],[24.6120415,58.3723398],[24.6113915,58.3721005]]]},"id":"way/1482813275"},{"type":"Feature","properties":{"@id":"way/1487784474","access":"yes","amenity":"parking","capacity":"16","parking":"surface","source":"OpenStreetMap (amenity=parking extract; Overpass unavailable at build — subset of estonia_parking_master)","lastVerified":"2026-10-02"},"geometry":{"type":"Polygon","coordinates":[[[24.5458536,58.3700029],[24.5457423,58.3699466],[24.5460145,58.3698067],[24.5461259,58.3698672],[24.5458536,58.3700029]]]},"id":"way/1487784474"},{"type":"Feature","properties":{"@id":"way/1487784475","access":"yes","amenity":"parking","capacity":"16","parking":"surface","source":"OpenStreetMap (amenity=parking extract; Overpass unavailable at build — subset of estonia_parking_master)","lastVerified":"2026-10-02"},"geometry":{"type":"Polygon","coordinates":[[[24.5455465,58.3701622],[24.5454352,58.3701059],[24.5457074,58.369966],[24.5458187,58.3700265],[24.5455465,58.3701622]]]},"id":"way/1487784475"},{"type":"Feature","properties":{"@id":"way/1487784476","access":"yes","amenity":"parking","capacity":"11","parking":"surface","source":"OpenStreetMap (amenity=parking extract; Overpass unavailable at build — subset of estonia_parking_master)","lastVerified":"2026-10-02"},"geometry":{"type":"Polygon","coordinates":[[[24.5455808,58.3702852],[24.5455312,58.3702592],[24.5459054,58.3700721],[24.5459564,58.3701014],[24.5455808,58.3702852]]]},"id":"way/1487784476"},{"type":"Feature","properties":{"@id":"way/1487784477","access":"yes","amenity":"parking","capacity":"7","parking":"surface","source":"OpenStreetMap (amenity=parking extract; Overpass unavailable at build — subset of estonia_parking_master)","lastVerified":"2026-10-02"},"geometry":{"type":"Polygon","coordinates":[[[24.5459958,58.3700811],[24.5459426,58.370052],[24.5461803,58.3699318],[24.546235,58.3699637],[24.5459958,58.3700811]]]},"id":"way/1487784477"},{"type":"Feature","properties":{"@id":"way/1487784478","access":"yes","amenity":"parking","capacity":"5","parking":"surface","source":"OpenStreetMap (amenity=parking extract; Overpass unavailable at build — subset of estonia_parking_master)","lastVerified":"2026-10-02"},"geometry":{"type":"Polygon","coordinates":[[[24.5462369,58.3697949],[24.5460763,58.369708],[24.5461343,58.3696787],[24.5462908,58.3697666],[24.5462369,58.3697949]]]},"id":"way/1487784478"},{"type":"Feature","properties":{"@id":"way/1487784479","access":"yes","amenity":"parking","capacity":"14","capacity:disabled":"1","parking":"surface","source":"OpenStreetMap (amenity=parking extract; Overpass unavailable at build — subset of estonia_parking_master)","lastVerified":"2026-10-02"},"geometry":{"type":"Polygon","coordinates":[[[24.5459391,58.3697618],[24.5454594,58.3700033],[24.5454055,58.3699697],[24.5458791,58.3697304],[24.5459391,58.3697618]]]},"id":"way/1487784479"},{"type":"Feature","properties":{"@id":"way/1487800221","access":"yes","amenity":"parking","capacity":"3","parking":"surface","source":"OpenStreetMap (amenity=parking extract; Overpass unavailable at build — subset of estonia_parking_master)","lastVerified":"2026-10-02"},"geometry":{"type":"Polygon","coordinates":[[[24.5108352,58.3954609],[24.5107885,58.3954817],[24.5104826,58.3954909],[24.5104569,58.3954688],[24.5108352,58.3954609]]]},"id":"way/1487800221"},{"type":"Feature","properties":{"@id":"way/1487800226","access":"yes","amenity":"parking","capacity":"6","parking":"surface","source":"OpenStreetMap (amenity=parking extract; Overpass unavailable at build — subset of estonia_parking_master)","lastVerified":"2026-10-02"},"geometry":{"type":"Polygon","coordinates":[[[24.5117405,58.3952761],[24.5113961,58.3949653],[24.5114685,58.3949708],[24.5117396,58.3952271],[24.5117405,58.3952761]]]},"id":"way/1487800226"},{"type":"Feature","properties":{"@id":"way/1492573015","access":"yes","amenity":"parking","capacity":"2","capacity:disabled":"2","parking":"surface","source":"OpenStreetMap (amenity=parking extract; Overpass unavailable at build — subset of estonia_parking_master)","lastVerified":"2026-10-02"},"geometry":{"type":"Polygon","coordinates":[[[24.5067983,58.3863103],[24.5071215,58.3862986],[24.5070747,58.3863247],[24.5068603,58.3863359],[24.5067983,58.3863103]]]},"id":"way/1492573015"},{"type":"Feature","properties":{"@id":"way/1492573027","access":"yes","amenity":"parking","parking":"surface","source":"OpenStreetMap (amenity=parking extract; Overpass unavailable at build — subset of estonia_parking_master)","lastVerified":"2026-10-02"},"geometry":{"type":"Polygon","coordinates":[[[24.5059292,58.3865421],[24.5059739,58.3865128],[24.5059222,58.3870218],[24.5058821,58.3870181],[24.5059292,58.3865421]]]},"id":"way/1492573027"},{"type":"Feature","properties":{"@id":"way/1492573028","access":"yes","amenity":"parking","parking":"surface","source":"OpenStreetMap (amenity=parking extract; Overpass unavailable at build — subset of estonia_parking_master)","lastVerified":"2026-10-02"},"geometry":{"type":"Polygon","coordinates":[[[24.5061209,58.3870476],[24.506128,58.38694],[24.5061768,58.3869421],[24.5061686,58.3870492],[24.5061209,58.3870476]]]},"id":"way/1492573028"},{"type":"Feature","properties":{"@id":"way/1492573029","access":"yes","amenity":"parking","parking":"surface","source":"OpenStreetMap (amenity=parking extract; Overpass unavailable at build — subset of estonia_parking_master)","lastVerified":"2026-10-02"},"geometry":{"type":"Polygon","coordinates":[[[24.5061971,58.3867866],[24.5061575,58.386786],[24.5061954,58.3865405],[24.506229,58.3865916],[24.5061971,58.3867866]]]},"id":"way/1492573029"},{"type":"Feature","properties":{"@id":"way/1492573034","access":"yes","amenity":"parking","parking":"surface","source":"OpenStreetMap (amenity=parking extract; Overpass unavailable at build — subset of estonia_parking_master)","lastVerified":"2026-10-02"},"geometry":{"type":"Polygon","coordinates":[[[24.5061131,58.3871917],[24.5061209,58.3870476],[24.5061686,58.3870492],[24.5061609,58.3871507],[24.5061131,58.3871917]]]},"id":"way/1492573034"},{"type":"Feature","properties":{"@id":"way/1492573035","access":"yes","amenity":"parking","parking":"surface","source":"OpenStreetMap (amenity=parking extract; Overpass unavailable at build — subset of estonia_parking_master)","lastVerified":"2026-10-02"},"geometry":{"type":"Polygon","coordinates":[[[24.5061054,58.387268],[24.5061395,58.3873211],[24.5061071,58.3876276],[24.5060602,58.3876564],[24.5061054,58.387268]]]},"id":"way/1492573035"},{"type":"Feature","properties":{"@id":"way/1492573036","access":"yes","amenity":"parking","parking":"surface","source":"OpenStreetMap (amenity=parking extract; Overpass unavailable at build — subset of estonia_parking_master)","lastVerified":"2026-10-02"},"geometry":{"type":"Polygon","coordinates":[[[24.5058496,58.3877071],[24.5058107,58.3876431],[24.5058377,58.3872988],[24.5059027,58.38727],[24.5058496,58.3877071]]]},"id":"way/1492573036"},{"type":"Feature","properties":{"@id":"way/1492583177","access":"yes","amenity":"parking","parking":"surface","source":"OpenStreetMap (amenity=parking extract; Overpass unavailable at build — subset of estonia_parking_master)","lastVerified":"2026-10-02"},"geometry":{"type":"Polygon","coordinates":[[[24.5107806,58.3863178],[24.5107702,58.386144],[24.5110288,58.3861467],[24.5110867,58.3862177],[24.5109797,58.3862855],[24.5107806,58.3863178]]]},"id":"way/1492583177"},{"type":"Feature","properties":{"@id":"way/1492583182","access":"yes","amenity":"parking","parking":"surface","source":"OpenStreetMap (amenity=parking extract; Overpass unavailable at build — subset of estonia_parking_master)","lastVerified":"2026-10-02"},"geometry":{"type":"Polygon","coordinates":[[[24.508942,58.3860764],[24.5089429,58.386056],[24.5104214,58.3859345],[24.5104258,58.3859577],[24.5091747,58.3860699],[24.508942,58.3860764]]]},"id":"way/1492583182"},{"type":"Feature","properties":{"@id":"way/1492583211","access":"yes","amenity":"parking","source":"OpenStreetMap (amenity=parking extract; Overpass unavailable at build — subset of estonia_parking_master)","lastVerified":"2026-10-02"},"geometry":{"type":"Polygon","coordinates":[[[24.5083441,58.3859109],[24.5083031,58.3859118],[24.5083608,58.38545],[24.5083836,58.3853621],[24.5084218,58.3853642],[24.5084063,58.385424],[24.5083441,58.3859109]]]},"id":"way/1492583211"},{"type":"Feature","properties":{"@id":"way/1492583212","access":"yes","amenity":"parking","source":"OpenStreetMap (amenity=parking extract; Overpass unavailable at build — subset of estonia_parking_master)","lastVerified":"2026-10-02"},"geometry":{"type":"Polygon","coordinates":[[[24.509479,58.3851789],[24.509499,58.3851632],[24.5106691,58.385708],[24.5106563,58.3857287],[24.509479,58.3851789]]]},"id":"way/1492583212"},{"type":"Feature","properties":{"@id":"way/1492602152","access":"yes","amenity":"parking","parking":"surface","source":"OpenStreetMap (amenity=parking extract; Overpass unavailable at build — subset of estonia_parking_master)","lastVerified":"2026-10-02"},"geometry":{"type":"Polygon","coordinates":[[[24.5083909,58.3845616],[24.5069162,58.383867],[24.5069451,58.3838527],[24.5083905,58.384533],[24.5083909,58.3845616]]]},"id":"way/1492602152"},{"type":"Feature","properties":{"@id":"way/1492602174","access":"yes","amenity":"parking","parking":"surface","source":"OpenStreetMap (amenity=parking extract; Overpass unavailable at build — subset of estonia_parking_master)","lastVerified":"2026-10-02"},"geometry":{"type":"Polygon","coordinates":[[[24.5083023,58.3846114],[24.5082332,58.3846055],[24.5080614,58.3845309],[24.5079872,58.3844915],[24.5077352,58.3843759],[24.5076518,58.3843375],[24.5075095,58.3842666],[24.5074028,58.3842198],[24.5071101,58.384085],[24.506833,58.383952],[24.5068613,58.3839368],[24.5083023,58.3846114]]]},"id":"way/1492602174"},{"type":"Feature","properties":{"@id":"way/1492602175","access":"yes","amenity":"parking","parking":"surface","source":"OpenStreetMap (amenity=parking extract; Overpass unavailable at build — subset of estonia_parking_master)","lastVerified":"2026-10-02"},"geometry":{"type":"Polygon","coordinates":[[[24.5080847,58.3850048],[24.5066043,58.3849461],[24.5065495,58.3849137],[24.508052,58.3849706],[24.5081151,58.3849877],[24.5080847,58.3850048]]]},"id":"way/1492602175"},{"type":"Feature","properties":{"@id":"way/1499399761","access":"customers","amenity":"parking","capacity":"11","parking":"surface","source":"OpenStreetMap (amenity=parking extract; Overpass unavailable at build — subset of estonia_parking_master)","lastVerified":"2026-10-02"},"geometry":{"type":"Polygon","coordinates":[[[24.5129973,58.3827601],[24.5128794,58.3828341],[24.5128035,58.3827894],[24.5124836,58.3826315],[24.5126401,58.3825544],[24.5129973,58.3827601]]]},"id":"way/1499399761"},{"type":"Feature","properties":{"@id":"way/1499399762","access":"permit","amenity":"parking","capacity":"35","parking":"surface","source":"OpenStreetMap (amenity=parking extract; Overpass unavailable at build — subset of estonia_parking_master)","lastVerified":"2026-10-02"},"geometry":{"type":"Polygon","coordinates":[[[24.5108808,58.3825981],[24.510952,58.3825688],[24.5107873,58.3824484],[24.5108107,58.3824394],[24.5107558,58.3823967],[24.5106796,58.3824239],[24.5105627,58.3823376],[24.5108127,58.3822326],[24.5108564,58.3822641],[24.5109875,58.3822156],[24.5112325,58.3824207],[24.5111674,58.3824399],[24.5112243,58.3824852],[24.5109347,58.3826344],[24.5108808,58.3825981]]]},"id":"way/1499399762"},{"type":"Feature","properties":{"@id":"way/1499399764","access":"permit","amenity":"parking","capacity":"20","parking":"surface","source":"OpenStreetMap (amenity=parking extract; Overpass unavailable at build — subset of estonia_parking_master)","lastVerified":"2026-10-02"},"geometry":{"type":"Polygon","coordinates":[[[24.509995,58.3825938],[24.5099767,58.3826012],[24.5099045,58.3825479],[24.5101871,58.3824387],[24.5101413,58.382403],[24.5101932,58.3823801],[24.5104239,58.3825458],[24.5104757,58.3825261],[24.5105204,58.3825602],[24.5102501,58.3826588],[24.5102989,58.3826977],[24.5102064,58.3827323],[24.5101545,58.3826902],[24.5100936,58.3826412],[24.51012,58.3826311],[24.5101667,58.382614],[24.5101738,58.3825858],[24.5101474,58.3825511],[24.5100915,58.3825383],[24.5100244,58.3825431],[24.509994,58.3825623],[24.509995,58.3825938]]]},"id":"way/1499399764"},{"type":"Feature","properties":{"@id":"way/1499407689","amenity":"parking","capacity":"9","source":"OpenStreetMap (amenity=parking extract; Overpass unavailable at build — subset of estonia_parking_master)","lastVerified":"2026-10-02"},"geometry":{"type":"Polygon","coordinates":[[[24.5026782,58.391655],[24.5026802,58.3915921],[24.5030806,58.391591],[24.5030776,58.391655],[24.5026782,58.391655]]]},"id":"way/1499407689"},{"type":"Feature","properties":{"@id":"way/1499407690","amenity":"parking","capacity":"10","source":"OpenStreetMap (amenity=parking extract; Overpass unavailable at build — subset of estonia_parking_master)","lastVerified":"2026-10-02"},"geometry":{"type":"Polygon","coordinates":[[[24.5022655,58.3916566],[24.5022716,58.3915372],[24.5025908,58.3915394],[24.5025806,58.3916566],[24.5022655,58.3916566]]]},"id":"way/1499407690"},{"type":"Feature","properties":{"@id":"way/1499407691","amenity":"parking","capacity":"12","source":"OpenStreetMap (amenity=parking extract; Overpass unavailable at build — subset of estonia_parking_master)","lastVerified":"2026-10-02"},"geometry":{"type":"Polygon","coordinates":[[[24.5021466,58.3916454],[24.5018468,58.3916432],[24.5018549,58.391484],[24.5021527,58.3914829],[24.5021466,58.3916454]]]},"id":"way/1499407691"},{"type":"Feature","properties":{"@id":"way/1499407699","amenity":"parking","capacity":"20","source":"OpenStreetMap (amenity=parking extract; Overpass unavailable at build — subset of estonia_parking_master)","lastVerified":"2026-10-02"},"geometry":{"type":"Polygon","coordinates":[[[24.5044574,58.3917627],[24.5044788,58.3917191],[24.5052902,58.3918333],[24.5052607,58.3918902],[24.5044473,58.3917785],[24.5044574,58.3917627]]]},"id":"way/1499407699"},{"type":"Feature","properties":{"@id":"way/1499407700","amenity":"parking","capacity":"8","source":"OpenStreetMap (amenity=parking extract; Overpass unavailable at build — subset of estonia_parking_master)","lastVerified":"2026-10-02"},"geometry":{"type":"Polygon","coordinates":[[[24.5040048,58.3916611],[24.5043635,58.391704],[24.504338,58.3917563],[24.5039813,58.3917085],[24.5040048,58.3916611]]]},"id":"way/1499407700"},{"type":"Feature","properties":{"@id":"way/1499411237","access":"yes","amenity":"parking","capacity":"15","source":"OpenStreetMap (amenity=parking extract; Overpass unavailable at build — subset of estonia_parking_master)","lastVerified":"2026-10-02"},"geometry":{"type":"Polygon","coordinates":[[[24.4920779,58.3972699],[24.4920009,58.3972662],[24.4921027,58.3968132],[24.4921584,58.396854],[24.4920779,58.3972699]]]},"id":"way/1499411237"},{"type":"Feature","properties":{"@id":"way/1499411275","access":"yes","amenity":"parking","parking":"surface","source":"OpenStreetMap (amenity=parking extract; Overpass unavailable at build — subset of estonia_parking_master)","lastVerified":"2026-10-02"},"geometry":{"type":"Polygon","coordinates":[[[24.5126632,58.3921461],[24.5125055,58.3919674],[24.5124121,58.3918585],[24.5123363,58.3917765],[24.512446,58.3917606],[24.5128068,58.3921357],[24.5126632,58.3921461]]]},"id":"way/1499411275"},{"type":"Feature","properties":{"@id":"way/1502196975","access":"yes","amenity":"parking","capacity":"10","parking":"surface","source":"OpenStreetMap (amenity=parking extract; Overpass unavailable at build — subset of estonia_parking_master)","lastVerified":"2026-10-02"},"geometry":{"type":"Polygon","coordinates":[[[24.5652224,58.3596328],[24.5658778,58.3599752],[24.5658521,58.3599846],[24.5651497,58.3596517],[24.5652224,58.3596328]]]},"id":"way/1502196975"},{"type":"Feature","properties":{"@id":"way/1525142243","access":"yes","amenity":"parking","capacity":"20","source":"OpenStreetMap (amenity=parking extract; Overpass unavailable at build — subset of estonia_parking_master)","lastVerified":"2026-10-02"},"geometry":{"type":"Polygon","coordinates":[[[24.5107434,58.4062613],[24.5107062,58.4062762],[24.5104337,58.4061065],[24.5107239,58.4059823],[24.5109823,58.406151],[24.5107434,58.4062613]]]},"id":"way/1525142243"},{"type":"Feature","properties":{"@id":"way/1525142246","access":"permissive","amenity":"parking","capacity":"15","source":"OpenStreetMap (amenity=parking extract; Overpass unavailable at build — subset of estonia_parking_master)","lastVerified":"2026-10-02"},"geometry":{"type":"Polygon","coordinates":[[[24.5105965,58.4063939],[24.5101505,58.4061417],[24.5102196,58.4061074],[24.5106531,58.4063652],[24.5105965,58.4063939]]]},"id":"way/1525142246"},{"type":"Feature","properties":{"@id":"way/1525142247","access":"yes","amenity":"parking","capacity":"10","source":"OpenStreetMap (amenity=parking extract; Overpass unavailable at build — subset of estonia_parking_master)","lastVerified":"2026-10-02"},"geometry":{"type":"Polygon","coordinates":[[[24.5087141,58.4058611],[24.5089034,58.4058601],[24.5089689,58.405888],[24.5090822,58.4059927],[24.5090167,58.4060205],[24.5089034,58.4059158],[24.5087212,58.4059093],[24.5087141,58.4058611]]]},"id":"way/1525142247"},{"type":"Feature","properties":{"@id":"way/1525142248","access":"yes","amenity":"parking","capacity":"5","source":"OpenStreetMap (amenity=parking extract; Overpass unavailable at build — subset of estonia_parking_master)","lastVerified":"2026-10-02"},"geometry":{"type":"Polygon","coordinates":[[[24.5086256,58.4061207],[24.5085761,58.4060873],[24.5087424,58.4060075],[24.5088026,58.4060437],[24.5086256,58.4061207]]]},"id":"way/1525142248"},{"type":"Feature","properties":{"@id":"way/1525142249","access":"customers","amenity":"parking","capacity":"30","source":"OpenStreetMap (amenity=parking extract; Overpass unavailable at build — subset of estonia_parking_master)","lastVerified":"2026-10-02"},"geometry":{"type":"Polygon","coordinates":[[[24.507642,58.406247],[24.5075925,58.406221],[24.5077517,58.4061422],[24.5079765,58.4060597],[24.5081499,58.4060022],[24.508364,58.405877],[24.508426,58.4059095],[24.5081906,58.4060328],[24.5080013,58.4060968],[24.507796,58.4061709],[24.507642,58.406247]]]},"id":"way/1525142249"},{"type":"Feature","properties":{"@id":"way/1525142255","access":"customers","amenity":"parking","capacity":"13","capacity:disabled":"1","source":"OpenStreetMap (amenity=parking extract; Overpass unavailable at build — subset of estonia_parking_master)","lastVerified":"2026-10-02"},"geometry":{"type":"Polygon","coordinates":[[[24.4936143,58.4072394],[24.4935913,58.4069279],[24.4936674,58.4069251],[24.4936921,58.4072394],[24.4936143,58.4072394]]]},"id":"way/1525142255"},{"type":"Feature","properties":{"@id":"way/1525142256","access":"customers","amenity":"parking","capacity":"10","source":"OpenStreetMap (amenity=parking extract; Overpass unavailable at build — subset of estonia_parking_master)","lastVerified":"2026-10-02"},"geometry":{"type":"Polygon","coordinates":[[[24.496491,58.4067695],[24.49647,58.4066924],[24.4971004,58.406652],[24.4971168,58.406734],[24.496491,58.4067695]]]},"id":"way/1525142256"},{"type":"Feature","properties":{"@id":"way/1525142272","access":"customers","amenity":"parking","capacity":"8","source":"OpenStreetMap (amenity=parking extract; Overpass unavailable at build — subset of estonia_parking_master)","lastVerified":"2026-10-02"},"geometry":{"type":"Polygon","coordinates":[[[24.4937917,58.4079629],[24.4935762,58.4079671],[24.4935528,58.4076631],[24.4936514,58.407662],[24.4936514,58.4077344],[24.4937744,58.4077339],[24.4937917,58.4079629]]]},"id":"way/1525142272"},{"type":"Feature","properties":{"@id":"way/1525142275","access":"customers","amenity":"parking","capacity":"8","source":"OpenStreetMap (amenity=parking extract; Overpass unavailable at build — subset of estonia_parking_master)","lastVerified":"2026-10-02"},"geometry":{"type":"Polygon","coordinates":[[[24.493538,58.4075765],[24.4935179,58.4073299],[24.4936145,58.4073271],[24.4936319,58.4075751],[24.493538,58.4075765]]]},"id":"way/1525142275"},{"type":"Feature","properties":{"@id":"way/1525142276","access":"customers","amenity":"parking","capacity":"6","source":"OpenStreetMap (amenity=parking extract; Overpass unavailable at build — subset of estonia_parking_master)","lastVerified":"2026-10-02"},"geometry":{"type":"Polygon","coordinates":[[[24.4936963,58.4075098],[24.4936842,58.407351],[24.4937607,58.4073496],[24.4937768,58.4075091],[24.4936963,58.4075098]]]},"id":"way/1525142276"},{"type":"Feature","properties":{"@id":"way/1525142285","access":"customers","amenity":"parking","capacity:disabled":"5","source":"OpenStreetMap (amenity=parking extract; Overpass unavailable at build — subset of estonia_parking_master)","lastVerified":"2026-10-02"},"geometry":{"type":"Polygon","coordinates":[[[24.4940438,58.4066313],[24.4936702,58.4066472],[24.4936655,58.4066031],[24.4940438,58.4065921],[24.4940438,58.4066313]]]},"id":"way/1525142285"},{"type":"Feature","properties":{"@id":"way/1525142286","access":"customers","amenity":"parking","capacity":"15","source":"OpenStreetMap (amenity=parking extract; Overpass unavailable at build — subset of estonia_parking_master)","lastVerified":"2026-10-02"},"geometry":{"type":"Polygon","coordinates":[[[24.4933731,58.4066268],[24.4933556,58.4063944],[24.4933999,58.4063803],[24.4933859,58.4061736],[24.4934747,58.4061705],[24.4934863,58.4063938],[24.4934478,58.4064103],[24.4934595,58.4066244],[24.4933731,58.4066268]]]},"id":"way/1525142286"},{"type":"Feature","properties":{"@id":"way/1525142287","access":"customers","amenity":"parking","capacity":"4","source":"OpenStreetMap (amenity=parking extract; Overpass unavailable at build — subset of estonia_parking_master)","lastVerified":"2026-10-02"},"geometry":{"type":"Polygon","coordinates":[[[24.4936696,58.4065742],[24.4935973,58.406565],[24.4935891,58.4064525],[24.4936603,58.4064623],[24.4936696,58.4065742]]]},"id":"way/1525142287"},{"type":"Feature","properties":{"@id":"way/1525142288","access":"customers","amenity":"parking","capacity":"10","source":"OpenStreetMap (amenity=parking extract; Overpass unavailable at build — subset of estonia_parking_master)","lastVerified":"2026-10-02"},"geometry":{"type":"Polygon","coordinates":[[[24.4935762,58.4064091],[24.4935587,58.4061681],[24.4936253,58.4061589],[24.4936428,58.4063913],[24.4935762,58.4064091]]]},"id":"way/1525142288"},{"type":"Feature","properties":{"@id":"way/1525142297","access":"customers","amenity":"parking","capacity":"30","source":"OpenStreetMap (amenity=parking extract; Overpass unavailable at build — subset of estonia_parking_master)","lastVerified":"2026-10-02"},"geometry":{"type":"Polygon","coordinates":[[[24.4933472,58.4056361],[24.4932654,58.4056375],[24.4932479,58.4053705],[24.493205,58.4050529],[24.4932962,58.4050501],[24.4933472,58.4056361]]]},"id":"way/1525142297"},{"type":"Feature","properties":{"@id":"way/1525142299","access":"customers","amenity":"parking","capacity":"5","source":"OpenStreetMap (amenity=parking extract; Overpass unavailable at build — subset of estonia_parking_master)","lastVerified":"2026-10-02"},"geometry":{"type":"Polygon","coordinates":[[[24.4938346,58.4056308],[24.4936092,58.4056596],[24.4935663,58.4056266],[24.4938037,58.4055992],[24.4938346,58.4056308]]]},"id":"way/1525142299"},{"type":"Feature","properties":{"@id":"way/1525142317","access":"customers","amenity":"parking","capacity":"8","source":"OpenStreetMap (amenity=parking extract; Overpass unavailable at build — subset of estonia_parking_master)","lastVerified":"2026-10-02"},"geometry":{"type":"Polygon","coordinates":[[[24.492907,58.4072061],[24.4928732,58.4069878],[24.4929391,58.4069603],[24.4929692,58.4071968],[24.492907,58.4072061]]]},"id":"way/1525142317"},{"type":"Feature","properties":{"@id":"way/1525142318","access":"customers","amenity":"parking","capacity":"8","source":"OpenStreetMap (amenity=parking extract; Overpass unavailable at build — subset of estonia_parking_master)","lastVerified":"2026-10-02"},"geometry":{"type":"Polygon","coordinates":[[[24.4923553,58.406995],[24.4923096,58.4069546],[24.4924997,58.4068912],[24.4927466,58.406879],[24.4927477,58.4069242],[24.4925444,58.4069375],[24.4923553,58.406995]]]},"id":"way/1525142318"},{"type":"Feature","properties":{"@id":"way/1525151415","access":"customers","amenity":"parking","source":"OpenStreetMap (amenity=parking extract; Overpass unavailable at build — subset of estonia_parking_master)","lastVerified":"2026-10-02"},"geometry":{"type":"Polygon","coordinates":[[[24.4836071,58.4041026],[24.4832289,58.4037612],[24.4827488,58.4039129],[24.4826978,58.4038595],[24.4834998,58.4035911],[24.4836071,58.4035461],[24.4842642,58.4038736],[24.4836071,58.4041026]]]},"id":"way/1525151415"},{"type":"Feature","properties":{"@id":"way/1525166537","access":"yes","amenity":"parking","capacity":"10","source":"OpenStreetMap (amenity=parking extract; Overpass unavailable at build — subset of estonia_parking_master)","lastVerified":"2026-10-02"},"geometry":{"type":"Polygon","coordinates":[[[24.5737799,58.3556655],[24.5735085,58.3558841],[24.5734607,58.3558655],[24.5735268,58.3558159],[24.5734923,58.3558031],[24.5737067,58.3556404],[24.5737799,58.3556655]]]},"id":"way/1525166537"},{"type":"Feature","properties":{"@id":"way/1525552404","access":"permissive","amenity":"parking","capacity":"12","parking":"surface","source":"OpenStreetMap (amenity=parking extract; Overpass unavailable at build — subset of estonia_parking_master)","lastVerified":"2026-10-02"},"geometry":{"type":"Polygon","coordinates":[[[24.5137102,58.395661],[24.5133999,58.3953544],[24.5134897,58.3953284],[24.5138062,58.3956341],[24.5137102,58.395661]]]},"id":"way/1525552404"},{"type":"Feature","properties":{"@id":"way/1525558705","access":"yes","amenity":"parking","capacity":"20","source":"OpenStreetMap (amenity=parking extract; Overpass unavailable at build — subset of estonia_parking_master)","lastVerified":"2026-10-02"},"geometry":{"type":"Polygon","coordinates":[[[24.5337163,58.3793607],[24.5332354,58.3790056],[24.5333679,58.3789564],[24.5337737,58.379248],[24.5340036,58.37916],[24.5341622,58.3792856],[24.5340003,58.3793468],[24.5339402,58.3793013],[24.533903,58.3792962],[24.5338464,58.3793036],[24.5337163,58.3793607]]]},"id":"way/1525558705"},{"type":"Feature","properties":{"@id":"way/1525558706","access":"yes","amenity":"parking","capacity":"14","capacity:disabled":"1","parking":"surface","source":"OpenStreetMap (amenity=parking extract; Overpass unavailable at build — subset of estonia_parking_master)","lastVerified":"2026-10-02"},"geometry":{"type":"Polygon","coordinates":[[[24.5333349,58.3789345],[24.5331372,58.3787867],[24.5332889,58.378731],[24.5334865,58.3788788],[24.5333349,58.3789345]]]},"id":"way/1525558706"},{"type":"Feature","properties":{"@id":"way/1525558707","access":"yes","amenity":"parking","capacity":"14","capacity:disabled":"1","parking":"surface","source":"OpenStreetMap (amenity=parking extract; Overpass unavailable at build — subset of estonia_parking_master)","lastVerified":"2026-10-02"},"geometry":{"type":"Polygon","coordinates":[[[24.5336178,58.3788283],[24.53342,58.3786805],[24.5335717,58.3786247],[24.5337694,58.3787726],[24.5336178,58.3788283]]]},"id":"way/1525558707"},{"type":"Feature","properties":{"@id":"way/1525558708","access":"yes","amenity":"parking","capacity":"18","parking":"surface","source":"OpenStreetMap (amenity=parking extract; Overpass unavailable at build — subset of estonia_parking_master)","lastVerified":"2026-10-02"},"geometry":{"type":"Polygon","coordinates":[[[24.5330162,58.3786749],[24.5327572,58.3784798],[24.5329116,58.3784235],[24.5331705,58.3786185],[24.5330162,58.3786749]]]},"id":"way/1525558708"},{"type":"Feature","properties":{"@id":"way/1525558709","access":"yes","amenity":"parking","capacity":"18","parking":"surface","source":"OpenStreetMap (amenity=parking extract; Overpass unavailable at build — subset of estonia_parking_master)","lastVerified":"2026-10-02"},"geometry":{"type":"Polygon","coordinates":[[[24.5326932,58.3784335],[24.5324342,58.3782385],[24.5325886,58.3781821],[24.5328475,58.3783772],[24.5326932,58.3784335]]]},"id":"way/1525558709"},{"type":"Feature","properties":{"@id":"way/1525558710","access":"yes","amenity":"parking","capacity":"8","parking":"surface","source":"OpenStreetMap (amenity=parking extract; Overpass unavailable at build — subset of estonia_parking_master)","lastVerified":"2026-10-02"},"geometry":{"type":"Polygon","coordinates":[[[24.5320718,58.3780065],[24.5319749,58.3779333],[24.532141,58.3778728],[24.532238,58.3779459],[24.5320718,58.3780065]]]},"id":"way/1525558710"},{"type":"Feature","properties":{"@id":"way/1525558711","access":"yes","amenity":"parking","capacity":"30","parking":"surface","source":"OpenStreetMap (amenity=parking extract; Overpass unavailable at build — subset of estonia_parking_master)","lastVerified":"2026-10-02"},"geometry":{"type":"Polygon","coordinates":[[[24.5324435,58.3778693],[24.5323471,58.3777979],[24.5329335,58.3775804],[24.5330298,58.3776517],[24.5324435,58.3778693]]]},"id":"way/1525558711"},{"type":"Feature","properties":{"@id":"way/1525558712","access":"yes","amenity":"parking","capacity":"30","capacity:disabled":"4","parking":"surface","source":"OpenStreetMap (amenity=parking extract; Overpass unavailable at build — subset of estonia_parking_master)","lastVerified":"2026-10-02"},"geometry":{"type":"Polygon","coordinates":[[[24.5326107,58.377995],[24.5325144,58.3779236],[24.5331007,58.3777061],[24.533197,58.3777774],[24.5326107,58.377995]]]},"id":"way/1525558712"},{"type":"Feature","properties":{"@id":"way/1525558713","access":"yes","amenity":"parking","capacity":"8","parking":"surface","source":"OpenStreetMap (amenity=parking extract; Overpass unavailable at build — subset of estonia_parking_master)","lastVerified":"2026-10-02"},"geometry":{"type":"Polygon","coordinates":[[[24.5322373,58.3781329],[24.5321404,58.3780597],[24.5323065,58.3779992],[24.5324034,58.3780723],[24.5322373,58.3781329]]]},"id":"way/1525558713"},{"type":"Feature","properties":{"@id":"way/1525558714","access":"yes","amenity":"parking","capacity":"14","parking":"surface","source":"OpenStreetMap (amenity=parking extract; Overpass unavailable at build — subset of estonia_parking_master)","lastVerified":"2026-10-02"},"geometry":{"type":"Polygon","coordinates":[[[24.5329198,58.3787558],[24.5322382,58.3782557],[24.5322748,58.3782418],[24.532949,58.3787451],[24.5329198,58.3787558]]]},"id":"way/1525558714"},{"type":"Feature","properties":{"@id":"way/1525558715","access":"yes","amenity":"parking","capacity":"13","parking":"surface","source":"OpenStreetMap (amenity=parking extract; Overpass unavailable at build — subset of estonia_parking_master)","lastVerified":"2026-10-02"},"geometry":{"type":"Polygon","coordinates":[[[24.5322686,58.3777488],[24.5322245,58.377709],[24.5328109,58.3774915],[24.5328674,58.3775243],[24.5322686,58.3777488]]]},"id":"way/1525558715"},{"type":"Feature","properties":{"@id":"way/1525561136","access":"yes","amenity":"parking","capacity":"30","parking":"surface","source":"OpenStreetMap (amenity=parking extract; Overpass unavailable at build — subset of estonia_parking_master)","lastVerified":"2026-10-02"},"geometry":{"type":"Polygon","coordinates":[[[24.5360355,58.3754464],[24.5359282,58.3753872],[24.5363477,58.375178],[24.536455,58.3752372],[24.5360355,58.3754464]]]},"id":"way/1525561136"},{"type":"Feature","properties":{"@id":"way/1525561137","access":"yes","amenity":"parking","capacity":"30","parking":"surface","source":"OpenStreetMap (amenity=parking extract; Overpass unavailable at build — subset of estonia_parking_master)","lastVerified":"2026-10-02"},"geometry":{"type":"Polygon","coordinates":[[[24.5358248,58.3753282],[24.5357175,58.3752691],[24.536137,58.3750599],[24.5362443,58.3751191],[24.5358248,58.3753282]]]},"id":"way/1525561137"},{"type":"Feature","properties":{"@id":"way/1525561138","access":"yes","amenity":"parking","capacity":"30","parking":"surface","source":"OpenStreetMap (amenity=parking extract; Overpass unavailable at build — subset of estonia_parking_master)","lastVerified":"2026-10-02"},"geometry":{"type":"Polygon","coordinates":[[[24.5356229,58.3752208],[24.5355157,58.3751616],[24.5359352,58.3749524],[24.5360425,58.3750116],[24.5356229,58.3752208]]]},"id":"way/1525561138"},{"type":"Feature","properties":{"@id":"way/1525561139","access":"yes","amenity":"parking","capacity":"30","parking":"surface","source":"OpenStreetMap (amenity=parking extract; Overpass unavailable at build — subset of estonia_parking_master)","lastVerified":"2026-10-02"},"geometry":{"type":"Polygon","coordinates":[[[24.5354196,58.3751061],[24.5353123,58.3750469],[24.5357318,58.3748377],[24.5358392,58.3748969],[24.5354196,58.3751061]]]},"id":"way/1525561139"},{"type":"Feature","properties":{"@id":"way/1525561140","access":"yes","amenity":"parking","capacity":"30","parking":"surface","source":"OpenStreetMap (amenity=parking extract; Overpass unavailable at build — subset of estonia_parking_master)","lastVerified":"2026-10-02"},"geometry":{"type":"Polygon","coordinates":[[[24.5352224,58.3749962],[24.5351151,58.3749371],[24.5355346,58.3747279],[24.535642,58.3747871],[24.5352224,58.3749962]]]},"id":"way/1525561140"},{"type":"Feature","properties":{"@id":"way/1525561141","access":"yes","amenity":"parking","capacity":"26","parking":"surface","source":"OpenStreetMap (amenity=parking extract; Overpass unavailable at build — subset of estonia_parking_master)","lastVerified":"2026-10-02"},"geometry":{"type":"Polygon","coordinates":[[[24.5348129,58.3751957],[24.5347047,58.3751342],[24.5350757,58.374955],[24.5351839,58.3750165],[24.5348129,58.3751957]]]},"id":"way/1525561141"},{"type":"Feature","properties":{"@id":"way/1525561142","access":"yes","amenity":"parking","capacity":"26","parking":"surface","source":"OpenStreetMap (amenity=parking extract; Overpass unavailable at build — subset of estonia_parking_master)","lastVerified":"2026-10-02"},"geometry":{"type":"Polygon","coordinates":[[[24.5349992,58.3753128],[24.5348909,58.3752513],[24.535262,58.375072],[24.5353701,58.3751336],[24.5349992,58.3753128]]]},"id":"way/1525561142"},{"type":"Feature","properties":{"@id":"way/1525561143","access":"yes","amenity":"parking","capacity":"26","parking":"surface","source":"OpenStreetMap (amenity=parking extract; Overpass unavailable at build — subset of estonia_parking_master)","lastVerified":"2026-10-02"},"geometry":{"type":"Polygon","coordinates":[[[24.535201,58.37543],[24.5350927,58.3753684],[24.5354638,58.3751892],[24.5355719,58.3752507],[24.535201,58.37543]]]},"id":"way/1525561143"},{"type":"Feature","properties":{"@id":"way/1525561144","access":"yes","amenity":"parking","capacity":"26","parking":"surface","source":"OpenStreetMap (amenity=parking extract; Overpass unavailable at build — subset of estonia_parking_master)","lastVerified":"2026-10-02"},"geometry":{"type":"Polygon","coordinates":[[[24.5353981,58.3755374],[24.5352899,58.3754758],[24.535661,58.3752966],[24.5357691,58.3753582],[24.5353981,58.3755374]]]},"id":"way/1525561144"},{"type":"Feature","properties":{"@id":"way/1525561145","access":"yes","amenity":"parking","capacity":"26","parking":"surface","source":"OpenStreetMap (amenity=parking extract; Overpass unavailable at build — subset of estonia_parking_master)","lastVerified":"2026-10-02"},"geometry":{"type":"Polygon","coordinates":[[[24.5356123,58.3756578],[24.5355041,58.3755962],[24.5358751,58.375417],[24.5359832,58.3754785],[24.5356123,58.3756578]]]},"id":"way/1525561145"},{"type":"Feature","properties":{"@id":"way/1536483560","access":"customers","amenity":"parking","capacity":"12","parking":"surface","source":"OpenStreetMap (amenity=parking extract; Overpass unavailable at build — subset of estonia_parking_master)","lastVerified":"2026-10-02"},"geometry":{"type":"Polygon","coordinates":[[[24.5291224,58.398381],[24.5291717,58.3984295],[24.5287033,58.3985651],[24.5286463,58.3985159],[24.5291224,58.398381]]]},"id":"way/1536483560"},{"type":"Feature","properties":{"@id":"way/1536483576","access":"customers","amenity":"parking","capacity":"10","parking":"surface","source":"OpenStreetMap (amenity=parking extract; Overpass unavailable at build — subset of estonia_parking_master)","lastVerified":"2026-10-02"},"geometry":{"type":"Polygon","coordinates":[[[24.5130624,58.4075257],[24.5126572,58.4072921],[24.5127049,58.4072513],[24.5131049,58.4074933],[24.5130624,58.4075257]]]},"id":"way/1536483576"},{"type":"Feature","properties":{"@id":"way/1536483579","access":"customers","amenity":"parking","capacity":"10","parking":"surface","source":"OpenStreetMap (amenity=parking extract; Overpass unavailable at build — subset of estonia_parking_master)","lastVerified":"2026-10-02"},"geometry":{"type":"Polygon","coordinates":[[[24.507551,58.4068362],[24.5075027,58.4068011],[24.5079667,58.4065819],[24.5080257,58.406617],[24.507551,58.4068362]]]},"id":"way/1536483579"},{"type":"Feature","properties":{"@id":"way/1536483580","access":"customers","amenity":"parking","capacity":"10","parking":"surface","source":"OpenStreetMap (amenity=parking extract; Overpass unavailable at build — subset of estonia_parking_master)","lastVerified":"2026-10-02"},"geometry":{"type":"Polygon","coordinates":[[[24.506102,58.4067944],[24.5058381,58.4066379],[24.5058451,58.4065755],[24.5058778,58.4065608],[24.5061907,58.4067541],[24.506102,58.4067944]]]},"id":"way/1536483580"},{"type":"Feature","properties":{"@id":"way/1536483581","access":"customers","amenity":"parking","capacity":"10","parking":"surface","source":"OpenStreetMap (amenity=parking extract; Overpass unavailable at build — subset of estonia_parking_master)","lastVerified":"2026-10-02"},"geometry":{"type":"Polygon","coordinates":[[[24.5057587,58.4065437],[24.5053594,58.4063088],[24.5054155,58.4062794],[24.5058194,58.4065131],[24.5057587,58.4065437]]]},"id":"way/1536483581"},{"type":"Feature","properties":{"@id":"way/1536483645","access":"permissive","amenity":"parking","parking":"surface","source":"OpenStreetMap (amenity=parking extract; Overpass unavailable at build — subset of estonia_parking_master)","lastVerified":"2026-10-02"},"geometry":{"type":"Polygon","coordinates":[[[24.5014498,58.3917173],[24.5013438,58.3917276],[24.5013703,58.3914948],[24.5014745,58.391491],[24.5014949,58.3915623],[24.5014496,58.3915659],[24.5014701,58.3916375],[24.5014279,58.3916408],[24.5014498,58.3917173]]]},"id":"way/1536483645"},{"type":"Feature","properties":{"@id":"way/1536891860","access":"yes","amenity":"parking","capacity":"6","parking":"surface","source":"OpenStreetMap (amenity=parking extract; Overpass unavailable at build — subset of estonia_parking_master)","lastVerified":"2026-10-02"},"geometry":{"type":"Polygon","coordinates":[[[24.5302079,58.3812248],[24.5303715,58.3811305],[24.530463,58.3811763],[24.5303288,58.3812563],[24.5302963,58.3812643],[24.5302679,58.3812568],[24.5302079,58.3812248]]]},"id":"way/1536891860"},{"type":"Feature","properties":{"@id":"way/1536896438","access":"yes","amenity":"parking","capacity":"5","parking":"surface","source":"OpenStreetMap (amenity=parking extract; Overpass unavailable at build — subset of estonia_parking_master)","lastVerified":"2026-10-02"},"geometry":{"type":"Polygon","coordinates":[[[24.4771019,58.387905],[24.4770166,58.3879199],[24.4769292,58.3877761],[24.4770145,58.3877601],[24.4771019,58.387905]]]},"id":"way/1536896438"},{"type":"Feature","properties":{"@id":"way/1536896441","amenity":"parking","parking":"surface","source":"OpenStreetMap (amenity=parking extract; Overpass unavailable at build — subset of estonia_parking_master)","lastVerified":"2026-10-02"},"geometry":{"type":"Polygon","coordinates":[[[24.4645929,58.3914127],[24.4645298,58.39136],[24.4644364,58.3911752],[24.4645625,58.3911557],[24.4646909,58.3911985],[24.4647423,58.3911924],[24.4648357,58.3913074],[24.4645929,58.3914127]]]},"id":"way/1536896441"},{"type":"Feature","properties":{"@id":"way/1536896444","access":"yes","amenity":"parking","parking":"surface","source":"OpenStreetMap (amenity=parking extract; Overpass unavailable at build — subset of estonia_parking_master)","lastVerified":"2026-10-02"},"geometry":{"type":"Polygon","coordinates":[[[24.464823,58.3916337],[24.464823,58.3916056],[24.4651167,58.3914685],[24.4651449,58.391484],[24.464823,58.3916337]]]},"id":"way/1536896444"},{"type":"Feature","properties":{"@id":"way/71505521","highway":"residential","lanes":"1","lit":"yes","name":"Uus","parking:lane":"parallel","sidewalk":"both","surface":"asphalt","source":"OpenStreetMap (amenity=parking extract; Overpass unavailable at build — subset of estonia_parking_master)","lastVerified":"2026-10-02"},"geometry":{"type":"LineString","coordinates":[[24.4974217,58.3850928],[24.4975663,58.3850994],[24.4981412,58.3851258],[24.4983864,58.3851539],[24.4985288,58.3851718],[24.4991751,58.3851912],[24.4994087,58.3852036],[24.4995109,58.3852058],[24.4997452,58.385211],[24.4998131,58.3852107],[24.4998955,58.3852103],[24.4999614,58.38521]]},"id":"way/71505521"},{"type":"Feature","properties":{"@id":"way/1011315655","highway":"tertiary","lanes":"2","lit":"yes","name":"Vee","oneway":"yes","parking:lane:left":"diagonal","placement":"middle_of:1","sidewalk":"separate","source":"Maa amet WMS 2009","surface":"asphalt","width":"8","lastVerified":"2026-10-02"},"geometry":{"type":"LineString","coordinates":[[24.4974948,58.3846422],[24.4974217,58.3850928],[24.4973686,58.3853749]]},"id":"way/1011315655"}]}